{
    "n_group": {
        "value": 1
    },
    "n_state": {
        "value": 9
    },
    "niche_theta": {
        "value": []
    },
    "theta_list": {
        "value": [
            [
                -0.6260192525186886,
                0.01293790231015976,
                -0.35768926661775985,
                0.16964445589727806,
                -0.23927921083738096,
                0.286122585744475,
                -1.2765082335104516,
                0.8552626823871007,
                0.0017670160938415003,
                -0.005573793053043619,
                0.12717550676865755,
                -0.10312859610126006,
                -0.05746634496627874,
                -0.6684349443821553,
                0.9174308360446708,
                -1.4119778739302316,
                0.4351115556725221,
                0.07962159666940805,
                -0.7307811803632518,
                0.4909795729405858,
                0.8205274801387312,
                0.6158889415612214,
                0.7703194400156932,
                -0.36113279330564535,
                0.22194793288176334,
                0.5832367852590014,
                0.25008252978241696,
                -1.9322924662119079,
                1.4034015314239707,
                -0.07662301642304795,
                1.2613262161875711,
                0.4185479478486067,
                0.21249265833075226,
                -0.7383826848977294,
                -0.4334358270031473,
                0.5105849313283104
            ]
        ]
    },
    "density_replicates": {
        "value": [
            0.1972250207556754,
            0.2743212959258185,
            0.22229792332660256,
            0.3840883656739746,
            0.39869347952984385,
            0.06549675989904483,
            0.24728460051669873,
            0.11185937291422572,
            0.1150204449179432
        ]
    },
    "phi_replicates": {
        "value": 4.702012038592287
    }
}