seed	num_iterations	metric	component	value
0	1	moran_i	state_0	0.24569111498049465
0	1	geary_c	state_0	0.8537611859451388
0	1	moran_i	state_1	0.14009689922480628
0	1	geary_c	state_1	0.9511802325581397
0	1	moran_i	state_2	0.0332764285254139
0	1	geary_c	state_2	0.9674448801778011
0	1	moran_i	state_3	0.050401606425702794
0	1	geary_c	state_3	1.0035270712479547
0	1	moran_i	state_4	0.03846669762162721
0	1	geary_c	state_4	0.9952475536982577
0	1	moran_i	state_5	0.032961760970791606
0	1	geary_c	state_5	0.960074784817271
0	1	moran_i	state_6	0.015828528107698314
0	1	geary_c	state_6	0.9773811711732412
0	1	moran_i	state_7	0.08355218281036833
0	1	geary_c	state_7	0.9130097309856756
0	1	moran_i	state_8	0.2104136048708798
0	1	geary_c	state_8	0.9067432823783865
0	1	interaction_distance	state_0:state_0	10.117036361629717
0	1	interaction_distance	state_0:state_1	19.984467892962908
0	1	interaction_distance	state_0:state_2	37.04569942715385
0	1	interaction_distance	state_0:state_3	53.17193581983303
0	1	interaction_distance	state_0:state_4	52.034391047222535
0	1	interaction_distance	state_0:state_5	54.345307309595356
0	1	interaction_distance	state_0:state_6	47.87841103065947
0	1	interaction_distance	state_0:state_7	43.356078858973696
0	1	interaction_distance	state_0:state_8	20.976184625965026
0	1	interaction_distance	state_1:state_0	11.169846978752906
0	1	interaction_distance	state_1:state_1	19.08763431392712
0	1	interaction_distance	state_1:state_2	36.33695727875289
0	1	interaction_distance	state_1:state_3	54.08673339036283
0	1	interaction_distance	state_1:state_4	52.3657920045609
0	1	interaction_distance	state_1:state_5	54.595359922219345
0	1	interaction_distance	state_1:state_6	49.681635635526035
0	1	interaction_distance	state_1:state_7	42.20464162409309
0	1	interaction_distance	state_1:state_8	20.303854441670747
0	1	interaction_distance	state_2:state_0	11.481579516104288
0	1	interaction_distance	state_2:state_1	19.097000813714796
0	1	interaction_distance	state_2:state_2	37.23960960787155
0	1	interaction_distance	state_2:state_3	55.1849350975878
0	1	interaction_distance	state_2:state_4	53.4729798327917
0	1	interaction_distance	state_2:state_5	55.50617308721596
0	1	interaction_distance	state_2:state_6	50.44904567071894
0	1	interaction_distance	state_2:state_7	42.63873732663787
0	1	interaction_distance	state_2:state_8	19.831333902223175
0	1	interaction_distance	state_3:state_0	10.569299681373607
0	1	interaction_distance	state_3:state_1	21.575840502886226
0	1	interaction_distance	state_3:state_2	39.91028567957792
0	1	interaction_distance	state_3:state_3	56.56283856678342
0	1	interaction_distance	state_3:state_4	53.812888406861155
0	1	interaction_distance	state_3:state_5	56.21895419617559
0	1	interaction_distance	state_3:state_6	51.74647224931643
0	1	interaction_distance	state_3:state_7	45.89275580959306
0	1	interaction_distance	state_3:state_8	22.33472116099867
0	1	interaction_distance	state_4:state_0	11.289730085501539
0	1	interaction_distance	state_4:state_1	20.493028697436586
0	1	interaction_distance	state_4:state_2	38.03684853678772
0	1	interaction_distance	state_4:state_3	53.812888406861155
0	1	interaction_distance	state_4:state_4	52.35038715069568
0	1	interaction_distance	state_4:state_5	54.19419344019925
0	1	interaction_distance	state_4:state_6	50.914652542270225
0	1	interaction_distance	state_4:state_7	43.590438198274526
0	1	interaction_distance	state_4:state_8	19.618930120108615
0	1	interaction_distance	state_5:state_0	11.84182238521151
0	1	interaction_distance	state_5:state_1	20.855843043318306
0	1	interaction_distance	state_5:state_2	39.061791546643605
0	1	interaction_distance	state_5:state_3	56.21895419617559
0	1	interaction_distance	state_5:state_4	54.194193440199236
0	1	interaction_distance	state_5:state_5	57.31654650515543
0	1	interaction_distance	state_5:state_6	53.16985397295946
0	1	interaction_distance	state_5:state_7	45.208950729489864
0	1	interaction_distance	state_5:state_8	20.568761697080845
0	1	interaction_distance	state_6:state_0	10.422756071201166
0	1	interaction_distance	state_6:state_1	19.28684778318817
0	1	interaction_distance	state_6:state_2	35.39437394184341
0	1	interaction_distance	state_6:state_3	51.746472249316426
0	1	interaction_distance	state_6:state_4	50.914652542270225
0	1	interaction_distance	state_6:state_5	53.16985397295946
0	1	interaction_distance	state_6:state_6	46.01439919441316
0	1	interaction_distance	state_6:state_7	42.13847629631548
0	1	interaction_distance	state_6:state_8	19.412622986434993
0	1	interaction_distance	state_7:state_0	11.71263270888477
0	1	interaction_distance	state_7:state_1	17.737807381038152
0	1	interaction_distance	state_7:state_2	34.8737046162827
0	1	interaction_distance	state_7:state_3	53.46011998698593
0	1	interaction_distance	state_7:state_4	51.32998679661389
0	1	interaction_distance	state_7:state_5	53.47583646211979
0	1	interaction_distance	state_7:state_6	49.381275487490505
0	1	interaction_distance	state_7:state_7	40.838346875346296
0	1	interaction_distance	state_7:state_8	19.631110288868225
0	1	interaction_distance	state_8:state_0	11.903280744072442
0	1	interaction_distance	state_8:state_1	20.22127133351752
0	1	interaction_distance	state_8:state_2	37.70731913599292
0	1	interaction_distance	state_8:state_3	55.12005212083846
0	1	interaction_distance	state_8:state_4	52.72648204192355
0	1	interaction_distance	state_8:state_5	55.21847005452246
0	1	interaction_distance	state_8:state_6	51.72119697632426
0	1	interaction_distance	state_8:state_7	43.68996446338975
0	1	interaction_distance	state_8:state_8	19.642423335141924
0	2	moran_i	state_0	0.34959518684108853
0	2	geary_c	state_0	0.7795164762377876
0	2	moran_i	state_1	0.2548574100046751
0	2	geary_c	state_1	0.8377430068567868
0	2	moran_i	state_2	0.04880495779046508
0	2	geary_c	state_2	0.9362428634167766
0	2	moran_i	state_3	0.07683133528807727
0	2	geary_c	state_3	0.9538918581202291
0	2	moran_i	state_4	0.07441971080669714
0	2	geary_c	state_4	0.9196335140791481
0	2	moran_i	state_5	-0.01126126126126125
0	2	geary_c	state_5	0.9664843414843409
0	2	moran_i	state_6	0.0340119760479042
0	2	geary_c	state_6	0.9337481287425153
0	2	moran_i	state_7	0.03291439743052646
0	2	geary_c	state_7	0.9385277021365734
0	2	moran_i	state_8	0.19438093375915186
0	2	geary_c	state_8	0.8677089443611636
0	2	interaction_distance	state_0:state_0	10.485126115985883
0	2	interaction_distance	state_0:state_1	21.885726362776424
0	2	interaction_distance	state_0:state_2	38.53938615429731
0	2	interaction_distance	state_0:state_3	39.78883353760385
0	2	interaction_distance	state_0:state_4	53.72189890365895
0	2	interaction_distance	state_0:state_5	52.83108343173692
0	2	interaction_distance	state_0:state_6	53.22161044040258
0	2	interaction_distance	state_0:state_7	51.45467173769577
0	2	interaction_distance	state_0:state_8	22.560880289696584
0	2	interaction_distance	state_1:state_0	13.28824703676348
0	2	interaction_distance	state_1:state_1	18.932746721401937
0	2	interaction_distance	state_1:state_2	37.22191783418106
0	2	interaction_distance	state_1:state_3	42.665254483544864
0	2	interaction_distance	state_1:state_4	55.092537313386536
0	2	interaction_distance	state_1:state_5	49.8813606692019
0	2	interaction_distance	state_1:state_6	54.128114014878456
0	2	interaction_distance	state_1:state_7	49.392179518011
0	2	interaction_distance	state_1:state_8	22.263553606722038
0	2	interaction_distance	state_2:state_0	13.470700403011083
0	2	interaction_distance	state_2:state_1	19.459435706011142
0	2	interaction_distance	state_2:state_2	38.80667592281135
0	2	interaction_distance	state_2:state_3	42.85999502672457
0	2	interaction_distance	state_2:state_4	55.37437706883137
0	2	interaction_distance	state_2:state_5	51.31688843765525
0	2	interaction_distance	state_2:state_6	54.52072541461792
0	2	interaction_distance	state_2:state_7	50.65261498428967
0	2	interaction_distance	state_2:state_8	22.538455578219875
0	2	interaction_distance	state_3:state_0	9.727157937581076
0	2	interaction_distance	state_3:state_1	22.619355643278787
0	2	interaction_distance	state_3:state_2	38.4282209154278
0	2	interaction_distance	state_3:state_3	38.72461250015295
0	2	interaction_distance	state_3:state_4	52.30611432366105
0	2	interaction_distance	state_3:state_5	52.10955991307047
0	2	interaction_distance	state_3:state_6	51.99683049723184
0	2	interaction_distance	state_3:state_7	50.522831197465976
0	2	interaction_distance	state_3:state_8	22.788772573260193
0	2	interaction_distance	state_4:state_0	12.21302034726384
0	2	interaction_distance	state_4:state_1	22.011864227897604
0	2	interaction_distance	state_4:state_2	40.26211965220429
0	2	interaction_distance	state_4:state_3	43.08906788670478
0	2	interaction_distance	state_4:state_4	56.50560699667999
0	2	interaction_distance	state_4:state_5	55.63696771635763
0	2	interaction_distance	state_4:state_6	54.25537026819359
0	2	interaction_distance	state_4:state_7	54.65569766514857
0	2	interaction_distance	state_4:state_8	22.576288055833388
0	2	interaction_distance	state_5:state_0	14.462292799893426
0	2	interaction_distance	state_5:state_1	16.907178566538292
0	2	interaction_distance	state_5:state_2	35.73046960649256
0	2	interaction_distance	state_5:state_3	43.88049232949698
0	2	interaction_distance	state_5:state_4	55.63696771635763
0	2	interaction_distance	state_5:state_5	48.67956170684006
0	2	interaction_distance	state_5:state_6	53.89818529168204
0	2	interaction_distance	state_5:state_7	46.22644429739085
0	2	interaction_distance	state_5:state_8	21.52141872356975
0	2	interaction_distance	state_6:state_0	12.669723854965858
0	2	interaction_distance	state_6:state_1	23.486520776535972
0	2	interaction_distance	state_6:state_2	39.819214653922046
0	2	interaction_distance	state_6:state_3	42.92093401992066
0	2	interaction_distance	state_6:state_4	54.25537026819359
0	2	interaction_distance	state_6:state_5	53.89818529168203
0	2	interaction_distance	state_6:state_6	54.14720256222732
0	2	interaction_distance	state_6:state_7	53.67855258351833
0	2	interaction_distance	state_6:state_8	20.00482086095961
0	2	interaction_distance	state_7:state_0	14.059488327566955
0	2	interaction_distance	state_7:state_1	17.74597743852899
0	2	interaction_distance	state_7:state_2	35.49314473552389
0	2	interaction_distance	state_7:state_3	42.14409380478537
0	2	interaction_distance	state_7:state_4	54.65569766514857
0	2	interaction_distance	state_7:state_5	46.22644429739084
0	2	interaction_distance	state_7:state_6	53.67855258351833
0	2	interaction_distance	state_7:state_7	46.75613398773947
0	2	interaction_distance	state_7:state_8	21.192905349905633
0	2	interaction_distance	state_8:state_0	12.77685441134608
0	2	interaction_distance	state_8:state_1	20.81321303873634
0	2	interaction_distance	state_8:state_2	38.28902391518223
0	2	interaction_distance	state_8:state_3	42.41499967303919
0	2	interaction_distance	state_8:state_4	54.666134893331396
0	2	interaction_distance	state_8:state_5	50.76943287944688
0	2	interaction_distance	state_8:state_6	52.57174912015841
0	2	interaction_distance	state_8:state_7	50.27345399080632
0	2	interaction_distance	state_8:state_8	21.32782142022118
0	3	moran_i	state_0	0.36765385545080964
0	3	geary_c	state_0	0.7319978245105149
0	3	moran_i	state_1	0.3215125960554257
0	3	geary_c	state_1	0.7821451487235896
0	3	moran_i	state_2	0.09354006806603679
0	3	geary_c	state_2	0.9424741581584122
0	3	moran_i	state_3	0.07483346872461413
0	3	geary_c	state_3	0.9606011372867588
0	3	moran_i	state_4	0.017830898627711388
0	3	geary_c	state_4	0.9543658698539175
0	3	moran_i	state_5	-0.011755485893416934
0	3	geary_c	state_5	0.9739028213166142
0	3	moran_i	state_6	0.053087757313109434
0	3	geary_c	state_6	0.9162152401589024
0	3	moran_i	state_7	0.16099161057457811
0	3	geary_c	state_7	0.9371250365817967
0	3	moran_i	state_8	0.24910473855552426
0	3	geary_c	state_8	0.8387838611792133
0	3	interaction_distance	state_0:state_0	11.123330314268145
0	3	interaction_distance	state_0:state_1	21.47299760746135
0	3	interaction_distance	state_0:state_2	37.17674655302686
0	3	interaction_distance	state_0:state_3	41.71925175085353
0	3	interaction_distance	state_0:state_4	51.170104195821665
0	3	interaction_distance	state_0:state_5	50.97103547005862
0	3	interaction_distance	state_0:state_6	53.24810775571683
0	3	interaction_distance	state_0:state_7	45.61038125843703
0	3	interaction_distance	state_0:state_8	24.178267057726767
0	3	interaction_distance	state_1:state_0	14.53622801440123
0	3	interaction_distance	state_1:state_1	17.428824526290597
0	3	interaction_distance	state_1:state_2	36.03185630810869
0	3	interaction_distance	state_1:state_3	43.86229963012006
0	3	interaction_distance	state_1:state_4	51.39668490537082
0	3	interaction_distance	state_1:state_5	50.79749704047504
0	3	interaction_distance	state_1:state_6	52.93681242746825
0	3	interaction_distance	state_1:state_7	39.21805645736424
0	3	interaction_distance	state_1:state_8	23.246118446437958
0	3	interaction_distance	state_2:state_0	13.647726550326173
0	3	interaction_distance	state_2:state_1	18.97264814156044
0	3	interaction_distance	state_2:state_2	35.82567432438946
0	3	interaction_distance	state_2:state_3	41.77749103753486
0	3	interaction_distance	state_2:state_4	49.50907075828795
0	3	interaction_distance	state_2:state_5	49.33290283435631
0	3	interaction_distance	state_2:state_6	51.132738859176186
0	3	interaction_distance	state_2:state_7	40.77451973830614
0	3	interaction_distance	state_2:state_8	22.887113518409173
0	3	interaction_distance	state_3:state_0	10.463957146791314
0	3	interaction_distance	state_3:state_1	22.328432502172028
0	3	interaction_distance	state_3:state_2	36.98685842056529
0	3	interaction_distance	state_3:state_3	41.23201815118653
0	3	interaction_distance	state_3:state_4	50.36638114851552
0	3	interaction_distance	state_3:state_5	50.42097378728421
0	3	interaction_distance	state_3:state_6	52.65376179447797
0	3	interaction_distance	state_3:state_7	46.303706675504706
0	3	interaction_distance	state_3:state_8	24.8132730472268
0	3	interaction_distance	state_4:state_0	12.523706640117291
0	3	interaction_distance	state_4:state_1	20.79162705224027
0	3	interaction_distance	state_4:state_2	36.86355808463165
0	3	interaction_distance	state_4:state_3	43.031708994703074
0	3	interaction_distance	state_4:state_4	51.87243610871339
0	3	interaction_distance	state_4:state_5	51.47540954774867
0	3	interaction_distance	state_4:state_6	52.96935985901645
0	3	interaction_distance	state_4:state_7	44.05683476420507
0	3	interaction_distance	state_4:state_8	23.478236726214156
0	3	interaction_distance	state_5:state_0	14.26352511180007
0	3	interaction_distance	state_5:state_1	17.706703251252442
0	3	interaction_distance	state_5:state_2	35.95294221170341
0	3	interaction_distance	state_5:state_3	43.32299446962414
0	3	interaction_distance	state_5:state_4	51.475409547748676
0	3	interaction_distance	state_5:state_5	52.79187062795222
0	3	interaction_distance	state_5:state_6	52.583112972116446
0	3	interaction_distance	state_5:state_7	42.95905370761405
0	3	interaction_distance	state_5:state_8	21.433238043857017
0	3	interaction_distance	state_6:state_0	15.675151499751625
0	3	interaction_distance	state_6:state_1	20.102378693550058
0	3	interaction_distance	state_6:state_2	37.54339160872121
0	3	interaction_distance	state_6:state_3	45.33286827786465
0	3	interaction_distance	state_6:state_4	52.96935985901644
0	3	interaction_distance	state_6:state_5	52.58311297211646
0	3	interaction_distance	state_6:state_6	56.40348521995934
0	3	interaction_distance	state_6:state_7	45.03270544043788
0	3	interaction_distance	state_6:state_8	23.65550049415157
0	3	interaction_distance	state_7:state_0	15.624878498106918
0	3	interaction_distance	state_7:state_1	16.140719613246784
0	3	interaction_distance	state_7:state_2	36.07851198681546
0	3	interaction_distance	state_7:state_3	46.50194929782235
0	3	interaction_distance	state_7:state_4	52.527295115965536
0	3	interaction_distance	state_7:state_5	51.786121924628944
0	3	interaction_distance	state_7:state_6	53.96114789334921
0	3	interaction_distance	state_7:state_7	35.662572401537304
0	3	interaction_distance	state_7:state_8	23.35302257806226
0	3	interaction_distance	state_8:state_0	14.008789186588547
0	3	interaction_distance	state_8:state_1	20.186965449708737
0	3	interaction_distance	state_8:state_2	38.23314744751745
0	3	interaction_distance	state_8:state_3	44.70008572794224
0	3	interaction_distance	state_8:state_4	52.989841303291534
0	3	interaction_distance	state_8:state_5	52.6323132061723
0	3	interaction_distance	state_8:state_6	54.405802054644504
0	3	interaction_distance	state_8:state_7	45.381598695569316
0	3	interaction_distance	state_8:state_8	23.07072885121535
0	4	moran_i	state_0	0.4290188289578954
0	4	geary_c	state_0	0.6771252348968315
0	4	moran_i	state_1	0.3137689939971308
0	4	geary_c	state_1	0.7800275769857515
0	4	moran_i	state_2	0.050142208472631074
0	4	geary_c	state_2	0.9590373068542822
0	4	moran_i	state_3	0.09657635901692954
0	4	geary_c	state_3	0.9400523230951123
0	4	moran_i	state_4	0.04452324995803258
0	4	geary_c	state_4	0.9307117676682892
0	4	moran_i	state_5	0.015521628498727737
0	4	geary_c	state_5	0.9416234096692114
0	4	moran_i	state_6	0.011296995862565216
0	4	geary_c	state_6	0.9735294117647053
0	4	moran_i	state_7	0.047228327228327247
0	4	geary_c	state_7	0.9295482295482291
0	4	moran_i	state_8	0.18061051494150082
0	4	geary_c	state_8	0.8576239846486322
0	4	interaction_distance	state_0:state_0	11.224225172044385
0	4	interaction_distance	state_0:state_1	20.253776812428168
0	4	interaction_distance	state_0:state_2	33.84975900252107
0	4	interaction_distance	state_0:state_3	39.93076804707222
0	4	interaction_distance	state_0:state_4	53.977760598249944
0	4	interaction_distance	state_0:state_5	49.98418488408276
0	4	interaction_distance	state_0:state_6	51.24700971776749
0	4	interaction_distance	state_0:state_7	44.15823772313134
0	4	interaction_distance	state_0:state_8	23.747638755164996
0	4	interaction_distance	state_1:state_0	15.229000791604076
0	4	interaction_distance	state_1:state_1	16.113529934018736
0	4	interaction_distance	state_1:state_2	32.5865740118978
0	4	interaction_distance	state_1:state_3	44.22243723544537
0	4	interaction_distance	state_1:state_4	54.100265603405
0	4	interaction_distance	state_1:state_5	48.54366679430286
0	4	interaction_distance	state_1:state_6	53.158184196741495
0	4	interaction_distance	state_1:state_7	43.07166785620905
0	4	interaction_distance	state_1:state_8	22.438043720114315
0	4	interaction_distance	state_2:state_0	15.06818299076426
0	4	interaction_distance	state_2:state_1	17.148421024087703
0	4	interaction_distance	state_2:state_2	33.58777069451036
0	4	interaction_distance	state_2:state_3	43.569644915491324
0	4	interaction_distance	state_2:state_4	53.814543989753425
0	4	interaction_distance	state_2:state_5	49.15052542523379
0	4	interaction_distance	state_2:state_6	53.0051800996433
0	4	interaction_distance	state_2:state_7	44.02070430056168
0	4	interaction_distance	state_2:state_8	22.21659986103878
0	4	interaction_distance	state_3:state_0	10.056976343436515
0	4	interaction_distance	state_3:state_1	21.484369984729554
0	4	interaction_distance	state_3:state_2	34.15838832842114
0	4	interaction_distance	state_3:state_3	38.15466830205822
0	4	interaction_distance	state_3:state_4	54.07635458427521
0	4	interaction_distance	state_3:state_5	50.82043462831722
0	4	interaction_distance	state_3:state_6	50.354057812802395
0	4	interaction_distance	state_3:state_7	44.15489300648672
0	4	interaction_distance	state_3:state_8	24.05747108430904
0	4	interaction_distance	state_4:state_0	13.579113001804519
0	4	interaction_distance	state_4:state_1	19.287581094553225
0	4	interaction_distance	state_4:state_2	34.44225951068728
0	4	interaction_distance	state_4:state_3	45.8707008422773
0	4	interaction_distance	state_4:state_4	55.11865805475098
0	4	interaction_distance	state_4:state_5	50.78198204431934
0	4	interaction_distance	state_4:state_6	55.80933779978992
0	4	interaction_distance	state_4:state_7	47.349715832935644
0	4	interaction_distance	state_4:state_8	22.544644293452784
0	4	interaction_distance	state_5:state_0	14.672478097270027
0	4	interaction_distance	state_5:state_1	16.78607703129944
0	4	interaction_distance	state_5:state_2	31.279166406275376
0	4	interaction_distance	state_5:state_3	43.57362110067113
0	4	interaction_distance	state_5:state_4	50.78198204431934
0	4	interaction_distance	state_5:state_5	46.476717031814395
0	4	interaction_distance	state_5:state_6	51.54311493780798
0	4	interaction_distance	state_5:state_7	42.37271757821455
0	4	interaction_distance	state_5:state_8	22.516664828768928
0	4	interaction_distance	state_6:state_0	13.452102193004439
0	4	interaction_distance	state_6:state_1	18.76451177546912
0	4	interaction_distance	state_6:state_2	33.909691905795945
0	4	interaction_distance	state_6:state_3	42.122319483486216
0	4	interaction_distance	state_6:state_4	55.80933779978992
0	4	interaction_distance	state_6:state_5	51.543114937807985
0	4	interaction_distance	state_6:state_6	54.20983879843456
0	4	interaction_distance	state_6:state_7	45.574680477251924
0	4	interaction_distance	state_6:state_8	23.07830373333301
0	4	interaction_distance	state_7:state_0	15.81299620140648
0	4	interaction_distance	state_7:state_1	16.36274007680629
0	4	interaction_distance	state_7:state_2	33.3195977227725
0	4	interaction_distance	state_7:state_3	43.898004942089095
0	4	interaction_distance	state_7:state_4	55.95201056866711
0	4	interaction_distance	state_7:state_5	50.74473913910369
0	4	interaction_distance	state_7:state_6	53.68609017879067
0	4	interaction_distance	state_7:state_7	43.793632273047685
0	4	interaction_distance	state_7:state_8	22.897967528612696
0	4	interaction_distance	state_8:state_0	14.71612644268185
0	4	interaction_distance	state_8:state_1	18.54347865313816
0	4	interaction_distance	state_8:state_2	34.21821044527661
0	4	interaction_distance	state_8:state_3	45.55671056222019
0	4	interaction_distance	state_8:state_4	55.217557276209064
0	4	interaction_distance	state_8:state_5	51.24469772668886
0	4	interaction_distance	state_8:state_6	55.19603911211577
0	4	interaction_distance	state_8:state_7	46.103854277246455
0	4	interaction_distance	state_8:state_8	23.253493903877335
0	6	moran_i	state_0	0.43243090806542583
0	6	geary_c	state_0	0.6792539806499198
0	6	moran_i	state_1	0.29052176678700137
0	6	geary_c	state_1	0.7790692432037197
0	6	moran_i	state_2	0.0695429570429571
0	6	geary_c	state_2	0.9305147977022975
0	6	moran_i	state_3	0.09710570469798656
0	6	geary_c	state_3	0.9475671140939593
0	6	moran_i	state_4	0.08311954230653414
0	6	geary_c	state_4	0.9176628525544515
0	6	moran_i	state_5	0.041290322580645154
0	6	geary_c	state_5	0.9646547379032256
0	6	moran_i	state_6	-0.008995983935742982
0	6	geary_c	state_6	1.0446878422782038
0	6	moran_i	state_7	0.07631466490848934
0	6	geary_c	state_7	0.9174648669767898
0	6	moran_i	state_8	0.25821300752807597
0	6	geary_c	state_8	0.8408097309638407
0	6	interaction_distance	state_0:state_0	12.349864918580804
0	6	interaction_distance	state_0:state_1	19.59406355134302
0	6	interaction_distance	state_0:state_2	32.86204469379962
0	6	interaction_distance	state_0:state_3	37.54017088621925
0	6	interaction_distance	state_0:state_4	52.37617601681974
0	6	interaction_distance	state_0:state_5	49.92042968005517
0	6	interaction_distance	state_0:state_6	47.06393600503346
0	6	interaction_distance	state_0:state_7	42.447654890614295
0	6	interaction_distance	state_0:state_8	28.15466830804767
0	6	interaction_distance	state_1:state_0	17.315654559442166
0	6	interaction_distance	state_1:state_1	14.677255919897645
0	6	interaction_distance	state_1:state_2	29.710238754644386
0	6	interaction_distance	state_1:state_3	40.17127542714719
0	6	interaction_distance	state_1:state_4	52.27139814993848
0	6	interaction_distance	state_1:state_5	48.218636858932854
0	6	interaction_distance	state_1:state_6	47.55691766750693
0	6	interaction_distance	state_1:state_7	40.49363166976846
0	6	interaction_distance	state_1:state_8	26.38302275862537
0	6	interaction_distance	state_2:state_0	17.534187096831314
0	6	interaction_distance	state_2:state_1	16.167933520808276
0	6	interaction_distance	state_2:state_2	30.7715412389908
0	6	interaction_distance	state_2:state_3	41.80217833821033
0	6	interaction_distance	state_2:state_4	53.65817111409722
0	6	interaction_distance	state_2:state_5	50.100848526749544
0	6	interaction_distance	state_2:state_6	48.90686726614942
0	6	interaction_distance	state_2:state_7	42.18304104704561
0	6	interaction_distance	state_2:state_8	26.880467835654102
0	6	interaction_distance	state_3:state_0	11.01683124631068
0	6	interaction_distance	state_3:state_1	20.383865920930404
0	6	interaction_distance	state_3:state_2	32.24737159126678
0	6	interaction_distance	state_3:state_3	35.917973335457326
0	6	interaction_distance	state_3:state_4	50.3571991225151
0	6	interaction_distance	state_3:state_5	47.33644674678648
0	6	interaction_distance	state_3:state_6	44.48917112447211
0	6	interaction_distance	state_3:state_7	41.427951086273026
0	6	interaction_distance	state_3:state_8	27.99157303018508
0	6	interaction_distance	state_4:state_0	15.442617690635226
0	6	interaction_distance	state_4:state_1	18.2398033884699
0	6	interaction_distance	state_4:state_2	32.27763184889104
0	6	interaction_distance	state_4:state_3	41.04408609940534
0	6	interaction_distance	state_4:state_4	52.423927604672
0	6	interaction_distance	state_4:state_5	49.9641494601678
0	6	interaction_distance	state_4:state_6	50.488605871522275
0	6	interaction_distance	state_4:state_7	44.26591268502274
0	6	interaction_distance	state_4:state_8	27.841740739317284
0	6	interaction_distance	state_5:state_0	17.172097795104595
0	6	interaction_distance	state_5:state_1	15.63097243638801
0	6	interaction_distance	state_5:state_2	29.227824574680604
0	6	interaction_distance	state_5:state_3	38.0784594241358
0	6	interaction_distance	state_5:state_4	49.96414946016779
0	6	interaction_distance	state_5:state_5	48.22150990182773
0	6	interaction_distance	state_5:state_6	46.845310604936486
0	6	interaction_distance	state_5:state_7	40.23339875618777
0	6	interaction_distance	state_5:state_8	24.236800410872675
0	6	interaction_distance	state_6:state_0	13.161428950099577
0	6	interaction_distance	state_6:state_1	17.88295410212414
0	6	interaction_distance	state_6:state_2	28.45056258145667
0	6	interaction_distance	state_6:state_3	35.75061921375392
0	6	interaction_distance	state_6:state_4	50.48860587152228
0	6	interaction_distance	state_6:state_5	46.84531060493648
0	6	interaction_distance	state_6:state_6	45.637673574529416
0	6	interaction_distance	state_6:state_7	38.833111451783175
0	6	interaction_distance	state_6:state_8	27.650397990390424
0	6	interaction_distance	state_7:state_0	17.80165678739531
0	6	interaction_distance	state_7:state_1	14.77100654168618
0	6	interaction_distance	state_7:state_2	30.565987142764527
0	6	interaction_distance	state_7:state_3	40.93453482908644
0	6	interaction_distance	state_7:state_4	54.29343462943456
0	6	interaction_distance	state_7:state_5	50.344092098223186
0	6	interaction_distance	state_7:state_6	48.28562022495621
0	6	interaction_distance	state_7:state_7	42.11093545427441
0	6	interaction_distance	state_7:state_8	27.06884004099961
0	6	interaction_distance	state_8:state_0	16.990764197219637
0	6	interaction_distance	state_8:state_1	17.776153103835426
0	6	interaction_distance	state_8:state_2	32.241902696289166
0	6	interaction_distance	state_8:state_3	42.463066823878634
0	6	interaction_distance	state_8:state_4	54.02676416294661
0	6	interaction_distance	state_8:state_5	50.86296172837524
0	6	interaction_distance	state_8:state_6	51.43649550598391
0	6	interaction_distance	state_8:state_7	44.16198017970755
0	6	interaction_distance	state_8:state_8	26.89004193542128
0	8	moran_i	state_0	0.4306188178528349
0	8	geary_c	state_0	0.6355714716525939
0	8	moran_i	state_1	0.329386705839148
0	8	geary_c	state_1	0.7554740482311175
0	8	moran_i	state_2	0.0532102564102564
0	8	geary_c	state_2	0.9480264957264957
0	8	moran_i	state_3	0.09673803673803677
0	8	geary_c	state_3	0.9012086112086112
0	8	moran_i	state_4	0.12239622709435864
0	8	geary_c	state_4	0.8781059869676349
0	8	moran_i	state_5	-0.00887428101889893
0	8	geary_c	state_5	0.9333607230895645
0	8	moran_i	state_6	0.015134541460735862
0	8	geary_c	state_6	1.0182756727073035
0	8	moran_i	state_7	0.08535396961880197
0	8	geary_c	state_7	0.9475012376560098
0	8	moran_i	state_8	0.2519481096450309
0	8	geary_c	state_8	0.8319783197831977
0	8	interaction_distance	state_0:state_0	12.422534924354043
0	8	interaction_distance	state_0:state_1	17.859042604163445
0	8	interaction_distance	state_0:state_2	34.41201998768913
0	8	interaction_distance	state_0:state_3	32.19871260278258
0	8	interaction_distance	state_0:state_4	49.27669788230105
0	8	interaction_distance	state_0:state_5	52.31359630604131
0	8	interaction_distance	state_0:state_6	52.513169449942914
0	8	interaction_distance	state_0:state_7	43.13827597884426
0	8	interaction_distance	state_0:state_8	31.10864564278461
0	8	interaction_distance	state_1:state_0	18.260363132270747
0	8	interaction_distance	state_1:state_1	13.246893126799499
0	8	interaction_distance	state_1:state_2	31.313860245868007
0	8	interaction_distance	state_1:state_3	36.37077435622235
0	8	interaction_distance	state_1:state_4	51.1521037088698
0	8	interaction_distance	state_1:state_5	53.0191962391056
0	8	interaction_distance	state_1:state_6	54.36568435040485
0	8	interaction_distance	state_1:state_7	41.42456900520589
0	8	interaction_distance	state_1:state_8	29.834880237489962
0	8	interaction_distance	state_2:state_0	19.082582159657736
0	8	interaction_distance	state_2:state_1	13.9353309699016
0	8	interaction_distance	state_2:state_2	31.53581775237387
0	8	interaction_distance	state_2:state_3	38.524056043398794
0	8	interaction_distance	state_2:state_4	52.0042560064479
0	8	interaction_distance	state_2:state_5	53.77099318777231
0	8	interaction_distance	state_2:state_6	55.48781493308721
0	8	interaction_distance	state_2:state_7	42.79032857875423
0	8	interaction_distance	state_2:state_8	29.088935502943507
0	8	interaction_distance	state_3:state_0	11.140675262817098
0	8	interaction_distance	state_3:state_1	18.367665301888056
0	8	interaction_distance	state_3:state_2	34.60100535593938
0	8	interaction_distance	state_3:state_3	27.509480099066387
0	8	interaction_distance	state_3:state_4	45.549921214807576
0	8	interaction_distance	state_3:state_5	49.15916267854137
0	8	interaction_distance	state_3:state_6	49.15353225443853
0	8	interaction_distance	state_3:state_7	41.487493886463476
0	8	interaction_distance	state_3:state_8	31.00347384441701
0	8	interaction_distance	state_4:state_0	16.55862925525913
0	8	interaction_distance	state_4:state_1	16.27613269217316
0	8	interaction_distance	state_4:state_2	33.00152198284355
0	8	interaction_distance	state_4:state_3	34.508045650623316
0	8	interaction_distance	state_4:state_4	50.03504131463133
0	8	interaction_distance	state_4:state_5	52.393967123795946
0	8	interaction_distance	state_4:state_6	52.710891479590465
0	8	interaction_distance	state_4:state_7	43.621822475292234
0	8	interaction_distance	state_4:state_8	29.76577030293126
0	8	interaction_distance	state_5:state_0	19.81772737639951
0	8	interaction_distance	state_5:state_1	14.92942890742402
0	8	interaction_distance	state_5:state_2	33.35337271168764
0	8	interaction_distance	state_5:state_3	37.92615989775951
0	8	interaction_distance	state_5:state_4	52.393967123795946
0	8	interaction_distance	state_5:state_5	58.29619784185869
0	8	interaction_distance	state_5:state_6	55.381586518366625
0	8	interaction_distance	state_5:state_7	44.691699569396164
0	8	interaction_distance	state_5:state_8	30.541171374351087
0	8	interaction_distance	state_6:state_0	16.63952015178904
0	8	interaction_distance	state_6:state_1	15.192537889776833
0	8	interaction_distance	state_6:state_2	35.22390094332164
0	8	interaction_distance	state_6:state_3	37.868473335934894
0	8	interaction_distance	state_6:state_4	52.71089147959047
0	8	interaction_distance	state_6:state_5	55.381586518366625
0	8	interaction_distance	state_6:state_6	58.34640770866147
0	8	interaction_distance	state_6:state_7	46.054566354294984
0	8	interaction_distance	state_6:state_8	31.12780723256124
0	8	interaction_distance	state_7:state_0	19.42398973337965
0	8	interaction_distance	state_7:state_1	13.266780885291475
0	8	interaction_distance	state_7:state_2	30.826061952465288
0	8	interaction_distance	state_7:state_3	37.83557795718982
0	8	interaction_distance	state_7:state_4	51.87640740500148
0	8	interaction_distance	state_7:state_5	53.57340863868102
0	8	interaction_distance	state_7:state_6	54.9388549534185
0	8	interaction_distance	state_7:state_7	42.299076029205374
0	8	interaction_distance	state_7:state_8	29.398299620807283
0	8	interaction_distance	state_8:state_0	18.677695073215997
0	8	interaction_distance	state_8:state_1	16.164066849512555
0	8	interaction_distance	state_8:state_2	32.966307212019125
0	8	interaction_distance	state_8:state_3	39.905440183669086
0	8	interaction_distance	state_8:state_4	53.61507653885864
0	8	interaction_distance	state_8:state_5	55.54049628110797
0	8	interaction_distance	state_8:state_6	56.89655260360659
0	8	interaction_distance	state_8:state_7	44.77130166864304
0	8	interaction_distance	state_8:state_8	30.622128879042823
0	10	moran_i	state_0	0.4166835187057633
0	10	geary_c	state_0	0.6608520890286984
0	10	moran_i	state_1	0.31496960486322184
0	10	geary_c	state_1	0.7417000478199349
0	10	moran_i	state_2	0.03754545454545455
0	10	geary_c	state_2	0.9383799070247931
0	10	moran_i	state_3	0.14419707036562146
0	10	geary_c	state_3	0.9135676911320924
0	10	moran_i	state_4	0.11860808435852371
0	10	geary_c	state_4	0.8975514059753955
0	10	moran_i	state_5	0.03263567778048186
0	10	geary_c	state_5	0.9171878802628373
0	10	moran_i	state_6	-0.006435224386113469
0	10	geary_c	state_6	0.9943117213015608
0	10	moran_i	state_7	0.0542313517606967
0	10	geary_c	state_7	0.9473583633093524
0	10	moran_i	state_8	0.1818429343809561
0	10	geary_c	state_8	0.8740672040919522
0	10	interaction_distance	state_0:state_0	12.35429863070112
0	10	interaction_distance	state_0:state_1	18.932820516584254
0	10	interaction_distance	state_0:state_2	37.79133616425929
0	10	interaction_distance	state_0:state_3	33.803264464007654
0	10	interaction_distance	state_0:state_4	51.58579732024851
0	10	interaction_distance	state_0:state_5	49.041541928663484
0	10	interaction_distance	state_0:state_6	58.0166269247062
0	10	interaction_distance	state_0:state_7	40.44408659552782
0	10	interaction_distance	state_0:state_8	35.92013969566586
0	10	interaction_distance	state_1:state_0	18.515424227361727
0	10	interaction_distance	state_1:state_1	13.873412411081654
0	10	interaction_distance	state_1:state_2	35.612487411566654
0	10	interaction_distance	state_1:state_3	40.06086572608235
0	10	interaction_distance	state_1:state_4	54.252451470599176
0	10	interaction_distance	state_1:state_5	51.270782927342424
0	10	interaction_distance	state_1:state_6	60.173353770180874
0	10	interaction_distance	state_1:state_7	37.83933132143986
0	10	interaction_distance	state_1:state_8	35.51703651054439
0	10	interaction_distance	state_2:state_0	19.051011271518767
0	10	interaction_distance	state_2:state_1	15.33526469836712
0	10	interaction_distance	state_2:state_2	35.528957637390526
0	10	interaction_distance	state_2:state_3	40.70275231261498
0	10	interaction_distance	state_2:state_4	51.68044894342016
0	10	interaction_distance	state_2:state_5	53.50323848701914
0	10	interaction_distance	state_2:state_6	59.46729957117154
0	10	interaction_distance	state_2:state_7	38.61736721947235
0	10	interaction_distance	state_2:state_8	34.97896089194558
0	10	interaction_distance	state_3:state_0	9.851345415335917
0	10	interaction_distance	state_3:state_1	20.003997392768614
0	10	interaction_distance	state_3:state_2	37.33115968417968
0	10	interaction_distance	state_3:state_3	28.346351750600302
0	10	interaction_distance	state_3:state_4	48.37943813181589
0	10	interaction_distance	state_3:state_5	45.02971738765463
0	10	interaction_distance	state_3:state_6	54.96884993024039
0	10	interaction_distance	state_3:state_7	39.91583187067177
0	10	interaction_distance	state_3:state_8	35.393655517494956
0	10	interaction_distance	state_4:state_0	18.128119475105724
0	10	interaction_distance	state_4:state_1	18.29799839037338
0	10	interaction_distance	state_4:state_2	34.9673388308385
0	10	interaction_distance	state_4:state_3	38.88404936317533
0	10	interaction_distance	state_4:state_4	49.285270613666974
0	10	interaction_distance	state_4:state_5	54.20694338237521
0	10	interaction_distance	state_4:state_6	57.208320190113454
0	10	interaction_distance	state_4:state_7	41.03817360379702
0	10	interaction_distance	state_4:state_8	35.03234517421209
0	10	interaction_distance	state_5:state_0	16.798995827759246
0	10	interaction_distance	state_5:state_1	15.023613592297762
0	10	interaction_distance	state_5:state_2	37.99085110903541
0	10	interaction_distance	state_5:state_3	36.62263914514772
0	10	interaction_distance	state_5:state_4	54.20694338237521
0	10	interaction_distance	state_5:state_5	50.661694700595376
0	10	interaction_distance	state_5:state_6	59.594357760476186
0	10	interaction_distance	state_5:state_7	39.763226616753805
0	10	interaction_distance	state_5:state_8	35.59182857208627
0	10	interaction_distance	state_6:state_0	20.68532348405047
0	10	interaction_distance	state_6:state_1	18.313863751941685
0	10	interaction_distance	state_6:state_2	41.12817746017572
0	10	interaction_distance	state_6:state_3	45.569002805070596
0	10	interaction_distance	state_6:state_4	57.208320190113454
0	10	interaction_distance	state_6:state_5	59.594357760476186
0	10	interaction_distance	state_6:state_6	70.4597871428615
0	10	interaction_distance	state_6:state_7	46.23448745657544
0	10	interaction_distance	state_6:state_8	39.919063017465554
0	10	interaction_distance	state_7:state_0	18.52025866374277
0	10	interaction_distance	state_7:state_1	13.854155822178363
0	10	interaction_distance	state_7:state_2	35.15607885850355
0	10	interaction_distance	state_7:state_3	40.22339391945905
0	10	interaction_distance	state_7:state_4	53.53575614635403
0	10	interaction_distance	state_7:state_5	51.91058174703139
0	10	interaction_distance	state_7:state_6	59.94833076031728
0	10	interaction_distance	state_7:state_7	38.921369396780314
0	10	interaction_distance	state_7:state_8	35.35063227654765
0	10	interaction_distance	state_8:state_0	18.747192002083107
0	10	interaction_distance	state_8:state_1	16.789356234548265
0	10	interaction_distance	state_8:state_2	36.19252672598436
0	10	interaction_distance	state_8:state_3	41.92843218838366
0	10	interaction_distance	state_8:state_4	52.97444081605318
0	10	interaction_distance	state_8:state_5	54.57289930867988
0	10	interaction_distance	state_8:state_6	60.473603225192974
0	10	interaction_distance	state_8:state_7	40.436268004184534
0	10	interaction_distance	state_8:state_8	34.96923067307841
1	1	moran_i	state_0	0.257644460039235
1	1	geary_c	state_0	0.7929295124324152
1	1	moran_i	state_1	0.08898766438984615
1	1	geary_c	state_1	1.004067183199104
1	1	moran_i	state_2	0.013476752255378211
1	1	geary_c	state_2	1.0141420888272026
1	1	moran_i	state_3	0.44111553024276956
1	1	geary_c	state_3	0.6426616341595344
1	1	moran_i	state_4	0.026160755428091972
1	1	geary_c	state_4	0.9826221965461035
1	1	moran_i	state_5	0.17200210439162403
1	1	geary_c	state_5	0.8711594313830345
1	1	moran_i	state_6	0.2008342636034626
1	1	geary_c	state_6	0.8766497562758473
1	1	moran_i	state_7	0.06633325579592156
1	1	geary_c	state_7	0.9489488834612707
1	1	moran_i	state_8	0.2299341775513253
1	1	geary_c	state_8	0.8365056345742123
1	1	interaction_distance	state_0:state_0	9.120528552419563
1	1	interaction_distance	state_0:state_1	55.297057416720634
1	1	interaction_distance	state_0:state_2	53.85638580514491
1	1	interaction_distance	state_0:state_3	18.63308747718873
1	1	interaction_distance	state_0:state_4	51.987842006610904
1	1	interaction_distance	state_0:state_5	10.168061537105386
1	1	interaction_distance	state_0:state_6	15.98072970929856
1	1	interaction_distance	state_0:state_7	54.9024695116283
1	1	interaction_distance	state_0:state_8	13.141158253584408
1	1	interaction_distance	state_1:state_0	15.502419932602553
1	1	interaction_distance	state_1:state_1	49.5634996465744
1	1	interaction_distance	state_1:state_2	53.44599031394883
1	1	interaction_distance	state_1:state_3	12.778304684814175
1	1	interaction_distance	state_1:state_4	53.52784560448987
1	1	interaction_distance	state_1:state_5	15.376252347779378
1	1	interaction_distance	state_1:state_6	22.746660169389056
1	1	interaction_distance	state_1:state_7	53.08968231467554
1	1	interaction_distance	state_1:state_8	11.91589396418332
1	1	interaction_distance	state_2:state_0	14.621700003630277
1	1	interaction_distance	state_2:state_1	53.44599031394885
1	1	interaction_distance	state_2:state_2	55.51546488751429
1	1	interaction_distance	state_2:state_3	11.764448333575475
1	1	interaction_distance	state_2:state_4	54.61729291213914
1	1	interaction_distance	state_2:state_5	13.996585954000869
1	1	interaction_distance	state_2:state_6	21.604065992733194
1	1	interaction_distance	state_2:state_7	54.84129529170459
1	1	interaction_distance	state_2:state_8	10.342523131253557
1	1	interaction_distance	state_3:state_0	17.84631141412034
1	1	interaction_distance	state_3:state_1	56.5701285378614
1	1	interaction_distance	state_3:state_2	56.38879090927036
1	1	interaction_distance	state_3:state_3	9.92799703587969
1	1	interaction_distance	state_3:state_4	57.08440721470401
1	1	interaction_distance	state_3:state_5	17.03485305103978
1	1	interaction_distance	state_3:state_6	23.724772881907054
1	1	interaction_distance	state_3:state_7	57.67782604002247
1	1	interaction_distance	state_3:state_8	9.855402308542896
1	1	interaction_distance	state_4:state_0	14.92784150941596
1	1	interaction_distance	state_4:state_1	54.51752189155424
1	1	interaction_distance	state_4:state_2	55.56424214777205
1	1	interaction_distance	state_4:state_3	13.015986423665728
1	1	interaction_distance	state_4:state_4	56.30774451335417
1	1	interaction_distance	state_4:state_5	14.958848790060998
1	1	interaction_distance	state_4:state_6	20.91851949803887
1	1	interaction_distance	state_4:state_7	56.20921754298018
1	1	interaction_distance	state_4:state_8	11.070573824986491
1	1	interaction_distance	state_5:state_0	9.775089593407946
1	1	interaction_distance	state_5:state_1	54.19285764686869
1	1	interaction_distance	state_5:state_2	52.925523243146735
1	1	interaction_distance	state_5:state_3	17.835851162835826
1	1	interaction_distance	state_5:state_4	51.55171991530308
1	1	interaction_distance	state_5:state_5	10.360112533708815
1	1	interaction_distance	state_5:state_6	16.493406032296654
1	1	interaction_distance	state_5:state_7	54.021221642599244
1	1	interaction_distance	state_5:state_8	12.718631246301806
1	1	interaction_distance	state_6:state_0	10.061905931324036
1	1	interaction_distance	state_6:state_1	53.55509742126806
1	1	interaction_distance	state_6:state_2	53.34854896027022
1	1	interaction_distance	state_6:state_3	17.91606785731325
1	1	interaction_distance	state_6:state_4	50.92396037249158
1	1	interaction_distance	state_6:state_5	10.911432610842795
1	1	interaction_distance	state_6:state_6	15.321645843054881
1	1	interaction_distance	state_6:state_7	53.85764222481945
1	1	interaction_distance	state_6:state_8	12.776756397771873
1	1	interaction_distance	state_7:state_0	17.250514880363934
1	1	interaction_distance	state_7:state_1	53.08968231467554
1	1	interaction_distance	state_7:state_2	54.84129529170459
1	1	interaction_distance	state_7:state_3	10.7544752866234
1	1	interaction_distance	state_7:state_4	55.23228321151724
1	1	interaction_distance	state_7:state_5	16.267763666473982
1	1	interaction_distance	state_7:state_6	21.49707189151024
1	1	interaction_distance	state_7:state_7	55.93058644733818
1	1	interaction_distance	state_7:state_8	9.932907657551745
1	1	interaction_distance	state_8:state_0	14.987336066741657
1	1	interaction_distance	state_8:state_1	54.97619108499825
1	1	interaction_distance	state_8:state_2	55.023817967282774
1	1	interaction_distance	state_8:state_3	12.894974049806741
1	1	interaction_distance	state_8:state_4	54.81388170614675
1	1	interaction_distance	state_8:state_5	14.65641912852437
1	1	interaction_distance	state_8:state_6	20.840476595682315
1	1	interaction_distance	state_8:state_7	55.85944129050885
1	1	interaction_distance	state_8:state_8	10.384929628859778
1	2	moran_i	state_0	0.2485354144556163
1	2	geary_c	state_0	0.7791551052708596
1	2	moran_i	state_1	-0.001187150837988826
1	2	geary_c	state_1	0.9673417132216005
1	2	moran_i	state_2	0.004933504933504929
1	2	geary_c	state_2	0.987803712803712
1	2	moran_i	state_3	0.4256901266649432
1	2	geary_c	state_3	0.6364334328784639
1	2	moran_i	state_4	0.06037790457289344
1	2	geary_c	state_4	0.9470977011494256
1	2	moran_i	state_5	0.1548435947374698
1	2	geary_c	state_5	0.8715010201783331
1	2	moran_i	state_6	0.11800770308123248
1	2	geary_c	state_6	0.9361234493797519
1	2	moran_i	state_7	0.08899484004127976
1	2	geary_c	state_7	0.970121775025801
1	2	moran_i	state_8	0.15820674767162152
1	2	geary_c	state_8	0.8873498735582553
1	2	interaction_distance	state_0:state_0	9.145940987633988
1	2	interaction_distance	state_0:state_1	57.63243219720282
1	2	interaction_distance	state_0:state_2	50.83551403844689
1	2	interaction_distance	state_0:state_3	20.96766646057789
1	2	interaction_distance	state_0:state_4	40.85912123826517
1	2	interaction_distance	state_0:state_5	9.235924677260181
1	2	interaction_distance	state_0:state_6	23.384379968144554
1	2	interaction_distance	state_0:state_7	60.43704693962909
1	2	interaction_distance	state_0:state_8	11.820025409583712
1	2	interaction_distance	state_1:state_0	16.769130470838203
1	2	interaction_distance	state_1:state_1	68.8991745652499
1	2	interaction_distance	state_1:state_2	65.34029460494585
1	2	interaction_distance	state_1:state_3	20.998649521238487
1	2	interaction_distance	state_1:state_4	53.21154570942287
1	2	interaction_distance	state_1:state_5	15.02659587777395
1	2	interaction_distance	state_1:state_6	33.341147186178134
1	2	interaction_distance	state_1:state_7	73.74879573845743
1	2	interaction_distance	state_1:state_8	13.06182646632182
1	2	interaction_distance	state_2:state_0	15.628384398735207
1	2	interaction_distance	state_2:state_1	65.34029460494587
1	2	interaction_distance	state_2:state_2	55.51477536526778
1	2	interaction_distance	state_2:state_3	14.696604733288725
1	2	interaction_distance	state_2:state_4	39.739459380480724
1	2	interaction_distance	state_2:state_5	13.585481032962884
1	2	interaction_distance	state_2:state_6	26.28305538979726
1	2	interaction_distance	state_2:state_7	59.6323579264568
1	2	interaction_distance	state_2:state_8	10.243363395906254
1	2	interaction_distance	state_3:state_0	19.990526704908206
1	2	interaction_distance	state_3:state_1	70.34814486327565
1	2	interaction_distance	state_3:state_2	57.06627157912534
1	2	interaction_distance	state_3:state_3	9.883477091198118
1	2	interaction_distance	state_3:state_4	38.77000248747088
1	2	interaction_distance	state_3:state_5	16.239602664232542
1	2	interaction_distance	state_3:state_6	30.013733997810068
1	2	interaction_distance	state_3:state_7	59.30447974534002
1	2	interaction_distance	state_3:state_8	9.592516849705008
1	2	interaction_distance	state_4:state_0	18.974064947444045
1	2	interaction_distance	state_4:state_1	72.35122610407046
1	2	interaction_distance	state_4:state_2	56.58508340639497
1	2	interaction_distance	state_4:state_3	12.22764267208362
1	2	interaction_distance	state_4:state_4	39.76036440458862
1	2	interaction_distance	state_4:state_5	15.570721927668114
1	2	interaction_distance	state_4:state_6	29.830847726910182
1	2	interaction_distance	state_4:state_7	59.74991319485065
1	2	interaction_distance	state_4:state_8	10.015580712085121
1	2	interaction_distance	state_5:state_0	10.446834902304364
1	2	interaction_distance	state_5:state_1	59.579685504628706
1	2	interaction_distance	state_5:state_2	50.68316473470182
1	2	interaction_distance	state_5:state_3	19.30874724550197
1	2	interaction_distance	state_5:state_4	39.378983174770966
1	2	interaction_distance	state_5:state_5	9.804003019546766
1	2	interaction_distance	state_5:state_6	23.5039069588076
1	2	interaction_distance	state_5:state_7	58.8171441591181
1	2	interaction_distance	state_5:state_8	11.13310513462001
1	2	interaction_distance	state_6:state_0	12.413190380339616
1	2	interaction_distance	state_6:state_1	61.246022446933715
1	2	interaction_distance	state_6:state_2	49.9515656738493
1	2	interaction_distance	state_6:state_3	18.221932481870347
1	2	interaction_distance	state_6:state_4	38.58632264336998
1	2	interaction_distance	state_6:state_5	10.910622025205283
1	2	interaction_distance	state_6:state_6	23.172230797372006
1	2	interaction_distance	state_6:state_7	57.10259474568002
1	2	interaction_distance	state_6:state_8	10.556105465787157
1	2	interaction_distance	state_7:state_0	22.01495146294603
1	2	interaction_distance	state_7:state_1	73.74879573845743
1	2	interaction_distance	state_7:state_2	59.6323579264568
1	2	interaction_distance	state_7:state_3	8.841173445742431
1	2	interaction_distance	state_7:state_4	39.0441677921433
1	2	interaction_distance	state_7:state_5	17.68463347350952
1	2	interaction_distance	state_7:state_6	31.13917223918392
1	2	interaction_distance	state_7:state_7	60.40031146785984
1	2	interaction_distance	state_7:state_8	10.48799231815032
1	2	interaction_distance	state_8:state_0	15.290600484384552
1	2	interaction_distance	state_8:state_1	66.44782862220764
1	2	interaction_distance	state_8:state_2	53.41227744857128
1	2	interaction_distance	state_8:state_3	14.588582123218018
1	2	interaction_distance	state_8:state_4	38.55999821197587
1	2	interaction_distance	state_8:state_5	12.795633344470655
1	2	interaction_distance	state_8:state_6	26.348578578505677
1	2	interaction_distance	state_8:state_7	58.86352054784948
1	2	interaction_distance	state_8:state_8	9.891195680542017
1	3	moran_i	state_0	0.19928359232360288
1	3	geary_c	state_0	0.8089132111720787
1	3	moran_i	state_1	-0.000353857041755131
1	3	geary_c	state_1	1.2249999999999999
1	3	moran_i	state_2	-0.0031238906638267694
1	3	geary_c	state_2	1.018242811501598
1	3	moran_i	state_3	0.4601630468275418
1	3	geary_c	state_3	0.5981057691461168
1	3	moran_i	state_4	0.07891926498031687
1	3	geary_c	state_4	0.9662130685300969
1	3	moran_i	state_5	0.1969830849525247
1	3	geary_c	state_5	0.8340014148273913
1	3	moran_i	state_6	0.0367033370003667
1	3	geary_c	state_6	0.9533993399339932
1	3	moran_i	state_7	-0.0044049733570159875
1	3	geary_c	state_7	0.9704440497335699
1	3	moran_i	state_8	0.1436214282176993
1	3	geary_c	state_8	0.9001376095676724
1	3	interaction_distance	state_0:state_0	9.810031915620273
1	3	interaction_distance	state_0:state_1	53.960045990695285
1	3	interaction_distance	state_0:state_2	49.04233603494724
1	3	interaction_distance	state_0:state_3	22.441795735453724
1	3	interaction_distance	state_0:state_4	33.48858063197348
1	3	interaction_distance	state_0:state_5	8.513115443260686
1	3	interaction_distance	state_0:state_6	29.623157938382466
1	3	interaction_distance	state_0:state_7	52.679195533519824
1	3	interaction_distance	state_0:state_8	11.10762842898947
1	3	interaction_distance	state_1:state_0	10.846792311296928
1	3	interaction_distance	state_1:state_1	
1	3	interaction_distance	state_1:state_2	62.428891252347896
1	3	interaction_distance	state_1:state_3	25.163371367752685
1	3	interaction_distance	state_1:state_4	34.19904737266166
1	3	interaction_distance	state_1:state_5	9.05767197897033
1	3	interaction_distance	state_1:state_6	31.587235587754748
1	3	interaction_distance	state_1:state_7	61.720241997865635
1	3	interaction_distance	state_1:state_8	11.487849653959277
1	3	interaction_distance	state_2:state_0	14.382421065382491
1	3	interaction_distance	state_2:state_1	62.428891252347896
1	3	interaction_distance	state_2:state_2	56.24902177484012
1	3	interaction_distance	state_2:state_3	19.050851368526466
1	3	interaction_distance	state_2:state_4	34.13133654014067
1	3	interaction_distance	state_2:state_5	11.205591836171651
1	3	interaction_distance	state_2:state_6	33.108611618028206
1	3	interaction_distance	state_2:state_7	58.486922582447114
1	3	interaction_distance	state_2:state_8	10.087139757865195
1	3	interaction_distance	state_3:state_0	22.255291778236348
1	3	interaction_distance	state_3:state_1	60.061322682622006
1	3	interaction_distance	state_3:state_2	58.81996139580246
1	3	interaction_distance	state_3:state_3	9.538397945355703
1	3	interaction_distance	state_3:state_4	33.13408324949249
1	3	interaction_distance	state_3:state_5	16.886794113546035
1	3	interaction_distance	state_3:state_6	37.447433616618085
1	3	interaction_distance	state_3:state_7	63.322623425834074
1	3	interaction_distance	state_3:state_8	10.051291306922574
1	3	interaction_distance	state_4:state_0	18.98809194824887
1	3	interaction_distance	state_4:state_1	57.26454973498354
1	3	interaction_distance	state_4:state_2	55.6221899862577
1	3	interaction_distance	state_4:state_3	12.625870602353157
1	3	interaction_distance	state_4:state_4	33.4546775085907
1	3	interaction_distance	state_4:state_5	14.564503681044147
1	3	interaction_distance	state_4:state_6	34.797263194276475
1	3	interaction_distance	state_4:state_7	58.970185309291004
1	3	interaction_distance	state_4:state_8	9.971947355307574
1	3	interaction_distance	state_5:state_0	11.182515843386458
1	3	interaction_distance	state_5:state_1	53.0259668533645
1	3	interaction_distance	state_5:state_2	50.38917915811244
1	3	interaction_distance	state_5:state_3	20.401543743577058
1	3	interaction_distance	state_5:state_4	32.906341600568815
1	3	interaction_distance	state_5:state_5	9.012566149638781
1	3	interaction_distance	state_5:state_6	30.43019794452646
1	3	interaction_distance	state_5:state_7	53.9734892102838
1	3	interaction_distance	state_5:state_8	10.627018546488596
1	3	interaction_distance	state_6:state_0	15.060918098266754
1	3	interaction_distance	state_6:state_1	50.816035355749534
1	3	interaction_distance	state_6:state_2	51.88573519341076
1	3	interaction_distance	state_6:state_3	18.882475210006547
1	3	interaction_distance	state_6:state_4	33.19689418021986
1	3	interaction_distance	state_6:state_5	12.062369249689375
1	3	interaction_distance	state_6:state_6	30.87767335556352
1	3	interaction_distance	state_6:state_7	56.79314132100753
1	3	interaction_distance	state_6:state_8	10.357583152268944
1	3	interaction_distance	state_7:state_0	20.89381673196729
1	3	interaction_distance	state_7:state_1	61.720241997865635
1	3	interaction_distance	state_7:state_2	58.486922582447114
1	3	interaction_distance	state_7:state_3	13.232128994963928
1	3	interaction_distance	state_7:state_4	34.491938049346516
1	3	interaction_distance	state_7:state_5	16.357910495662644
1	3	interaction_distance	state_7:state_6	38.28942150658428
1	3	interaction_distance	state_7:state_7	59.88457263656341
1	3	interaction_distance	state_7:state_8	12.008369754482695
1	3	interaction_distance	state_8:state_0	15.571960356436628
1	3	interaction_distance	state_8:state_1	55.64319273245187
1	3	interaction_distance	state_8:state_2	52.93857062752564
1	3	interaction_distance	state_8:state_3	16.05737939472606
1	3	interaction_distance	state_8:state_4	32.696685580551275
1	3	interaction_distance	state_8:state_5	12.03303611189645
1	3	interaction_distance	state_8:state_6	32.562547066311744
1	3	interaction_distance	state_8:state_7	57.68622385075805
1	3	interaction_distance	state_8:state_8	9.848454291378333
1	4	moran_i	state_0	0.23411670072943688
1	4	geary_c	state_0	0.7977497202986129
1	4	moran_i	state_1	-0.0011259676284306834
1	4	geary_c	state_1	1.075756509500354
1	4	moran_i	state_2	-0.005091937765205095
1	4	geary_c	state_2	0.962769365171812
1	4	moran_i	state_3	0.39420900713308854
1	4	geary_c	state_3	0.653089543299506
1	4	moran_i	state_4	0.05916268821153141
1	4	geary_c	state_4	0.9470554415031638
1	4	moran_i	state_5	0.18785128455198502
1	4	geary_c	state_5	0.8360010357562719
1	4	moran_i	state_6	0.08341074216115173
1	4	geary_c	state_6	0.9587060841411474
1	4	moran_i	state_7	-0.002960874162848081
1	4	geary_c	state_7	0.9930692633063102
1	4	moran_i	state_8	0.14304566059193344
1	4	geary_c	state_8	0.8985658528677419
1	4	interaction_distance	state_0:state_0	9.41261372921292
1	4	interaction_distance	state_0:state_1	45.20290874050052
1	4	interaction_distance	state_0:state_2	49.80403291414643
1	4	interaction_distance	state_0:state_3	21.1011602213695
1	4	interaction_distance	state_0:state_4	35.0911677893426
1	4	interaction_distance	state_0:state_5	8.60363902125774
1	4	interaction_distance	state_0:state_6	27.650336436205496
1	4	interaction_distance	state_0:state_7	52.13267865769157
1	4	interaction_distance	state_0:state_8	11.325295385153373
1	4	interaction_distance	state_1:state_0	11.056676612323443
1	4	interaction_distance	state_1:state_1	30.317775427860905
1	4	interaction_distance	state_1:state_2	55.984613881107535
1	4	interaction_distance	state_1:state_3	15.809891344068053
1	4	interaction_distance	state_1:state_4	33.41163476912654
1	4	interaction_distance	state_1:state_5	9.90663179077299
1	4	interaction_distance	state_1:state_6	31.27223090898556
1	4	interaction_distance	state_1:state_7	56.901932167445246
1	4	interaction_distance	state_1:state_8	10.274949320923552
1	4	interaction_distance	state_2:state_0	16.26314323361055
1	4	interaction_distance	state_2:state_1	55.98461388110753
1	4	interaction_distance	state_2:state_2	50.05875193150188
1	4	interaction_distance	state_2:state_3	12.533449178537031
1	4	interaction_distance	state_2:state_4	28.495915634676088
1	4	interaction_distance	state_2:state_5	13.31886329045381
1	4	interaction_distance	state_2:state_6	28.243384207679636
1	4	interaction_distance	state_2:state_7	49.013188775944954
1	4	interaction_distance	state_2:state_8	9.734309381992421
1	4	interaction_distance	state_3:state_0	20.935963411426684
1	4	interaction_distance	state_3:state_1	59.95438789057089
1	4	interaction_distance	state_3:state_2	54.98340390216777
1	4	interaction_distance	state_3:state_3	10.59992181596906
1	4	interaction_distance	state_3:state_4	30.031930988617685
1	4	interaction_distance	state_3:state_5	17.176718284534388
1	4	interaction_distance	state_3:state_6	33.95266295424603
1	4	interaction_distance	state_3:state_7	56.19125295983193
1	4	interaction_distance	state_3:state_8	9.57433233806047
1	4	interaction_distance	state_4:state_0	19.64479848167587
1	4	interaction_distance	state_4:state_1	58.53011975415787
1	4	interaction_distance	state_4:state_2	52.57207584478755
1	4	interaction_distance	state_4:state_3	11.26895403602545
1	4	interaction_distance	state_4:state_4	28.92570770587191
1	4	interaction_distance	state_4:state_5	16.312119425706772
1	4	interaction_distance	state_4:state_6	32.10815754601086
1	4	interaction_distance	state_4:state_7	53.57825327007729
1	4	interaction_distance	state_4:state_8	9.81344105471197
1	4	interaction_distance	state_5:state_0	10.353891132113505
1	4	interaction_distance	state_5:state_1	45.44668253917109
1	4	interaction_distance	state_5:state_2	50.33868431315878
1	4	interaction_distance	state_5:state_3	20.194853863962578
1	4	interaction_distance	state_5:state_4	34.80075038075507
1	4	interaction_distance	state_5:state_5	8.886434214310588
1	4	interaction_distance	state_5:state_6	28.187256749485364
1	4	interaction_distance	state_5:state_7	52.59967236028184
1	4	interaction_distance	state_5:state_8	10.858083817401715
1	4	interaction_distance	state_6:state_0	13.184653299293451
1	4	interaction_distance	state_6:state_1	51.097161962119095
1	4	interaction_distance	state_6:state_2	47.903385212011344
1	4	interaction_distance	state_6:state_3	18.20863969923701
1	4	interaction_distance	state_6:state_4	31.1553689200286
1	4	interaction_distance	state_6:state_5	11.515453077241295
1	4	interaction_distance	state_6:state_6	27.838172928429813
1	4	interaction_distance	state_6:state_7	49.771750499765915
1	4	interaction_distance	state_6:state_8	10.74145020094378
1	4	interaction_distance	state_7:state_0	18.425356495581035
1	4	interaction_distance	state_7:state_1	56.901932167445246
1	4	interaction_distance	state_7:state_2	49.013188775944954
1	4	interaction_distance	state_7:state_3	11.984779819676987
1	4	interaction_distance	state_7:state_4	28.33292990985852
1	4	interaction_distance	state_7:state_5	15.577305679960409
1	4	interaction_distance	state_7:state_6	30.46439324775206
1	4	interaction_distance	state_7:state_7	55.87876556199554
1	4	interaction_distance	state_7:state_8	10.293076752392542
1	4	interaction_distance	state_8:state_0	15.383994562031534
1	4	interaction_distance	state_8:state_1	51.279278936901434
1	4	interaction_distance	state_8:state_2	52.189809746429965
1	4	interaction_distance	state_8:state_3	15.284830488268788
1	4	interaction_distance	state_8:state_4	31.591413167167435
1	4	interaction_distance	state_8:state_5	12.67933547783363
1	4	interaction_distance	state_8:state_6	30.57719179961
1	4	interaction_distance	state_8:state_7	53.87155956102238
1	4	interaction_distance	state_8:state_8	9.93549739144439
1	6	moran_i	state_0	0.18586944551511497
1	6	geary_c	state_0	0.8447132806907667
1	6	moran_i	state_1	-0.000572655690765927
1	6	geary_c	state_1	1.0128623836793134
1	6	moran_i	state_2	-0.0012177650429799401
1	6	geary_c	state_2	0.9572774892550128
1	6	moran_i	state_3	0.3775354072538392
1	6	geary_c	state_3	0.6476594133053629
1	6	moran_i	state_4	0.1103406566498409
1	6	geary_c	state_4	0.8981669828270343
1	6	moran_i	state_5	0.22311257802970522
1	6	geary_c	state_5	0.8176581105658698
1	6	moran_i	state_6	0.053683876808134384
1	6	geary_c	state_6	0.9728474272640119
1	6	moran_i	state_7	-0.003011832197920401
1	6	geary_c	state_7	1.0594170977821031
1	6	moran_i	state_8	0.16721573621242644
1	6	geary_c	state_8	0.876632022775134
1	6	interaction_distance	state_0:state_0	10.553159151382246
1	6	interaction_distance	state_0:state_1	42.71496528838003
1	6	interaction_distance	state_0:state_2	51.47213167683565
1	6	interaction_distance	state_0:state_3	22.666554997852085
1	6	interaction_distance	state_0:state_4	32.40718629205523
1	6	interaction_distance	state_0:state_5	8.495061829269842
1	6	interaction_distance	state_0:state_6	29.521584566640264
1	6	interaction_distance	state_0:state_7	53.11381828289066
1	6	interaction_distance	state_0:state_8	11.021013508255495
1	6	interaction_distance	state_1:state_0	9.655071088229887
1	6	interaction_distance	state_1:state_1	50.9587558296787
1	6	interaction_distance	state_1:state_2	51.75209378617989
1	6	interaction_distance	state_1:state_3	19.771733053603672
1	6	interaction_distance	state_1:state_4	30.470310678189186
1	6	interaction_distance	state_1:state_5	8.487369591616396
1	6	interaction_distance	state_1:state_6	25.129444051528036
1	6	interaction_distance	state_1:state_7	45.854374554231406
1	6	interaction_distance	state_1:state_8	9.788665679790538
1	6	interaction_distance	state_2:state_0	15.908168305389136
1	6	interaction_distance	state_2:state_1	51.7520937861799
1	6	interaction_distance	state_2:state_2	54.76168417652667
1	6	interaction_distance	state_2:state_3	15.28622153992384
1	6	interaction_distance	state_2:state_4	28.457597662704426
1	6	interaction_distance	state_2:state_5	12.500495952324163
1	6	interaction_distance	state_2:state_6	34.39228988902685
1	6	interaction_distance	state_2:state_7	54.78132890551351
1	6	interaction_distance	state_2:state_8	9.672241898138688
1	6	interaction_distance	state_3:state_0	21.711346448439254
1	6	interaction_distance	state_3:state_1	50.84738968705389
1	6	interaction_distance	state_3:state_2	56.57052537672538
1	6	interaction_distance	state_3:state_3	10.85332458238968
1	6	interaction_distance	state_3:state_4	28.895254838261604
1	6	interaction_distance	state_3:state_5	17.567089992730427
1	6	interaction_distance	state_3:state_6	37.171093680789006
1	6	interaction_distance	state_3:state_7	57.745315063494935
1	6	interaction_distance	state_3:state_8	9.378342810586059
1	6	interaction_distance	state_4:state_0	19.600838195367167
1	6	interaction_distance	state_4:state_1	49.768089152625976
1	6	interaction_distance	state_4:state_2	54.33566612024549
1	6	interaction_distance	state_4:state_3	12.887432552504233
1	6	interaction_distance	state_4:state_4	28.260596665464504
1	6	interaction_distance	state_4:state_5	15.813493502859107
1	6	interaction_distance	state_4:state_6	35.29311067973014
1	6	interaction_distance	state_4:state_7	57.48765813063111
1	6	interaction_distance	state_4:state_8	9.414448704854356
1	6	interaction_distance	state_5:state_0	11.177011096442506
1	6	interaction_distance	state_5:state_1	43.50336251350408
1	6	interaction_distance	state_5:state_2	53.13684606070056
1	6	interaction_distance	state_5:state_3	22.641098080233515
1	6	interaction_distance	state_5:state_4	33.205174345909505
1	6	interaction_distance	state_5:state_5	8.72809046995012
1	6	interaction_distance	state_5:state_6	30.498628482790867
1	6	interaction_distance	state_5:state_7	54.087071710941075
1	6	interaction_distance	state_5:state_8	10.828734908258244
1	6	interaction_distance	state_6:state_0	13.04454267377458
1	6	interaction_distance	state_6:state_1	41.741369695971606
1	6	interaction_distance	state_6:state_2	52.18661633642506
1	6	interaction_distance	state_6:state_3	20.014768805487783
1	6	interaction_distance	state_6:state_4	30.823487333960564
1	6	interaction_distance	state_6:state_5	10.610062859455972
1	6	interaction_distance	state_6:state_6	30.324919341554406
1	6	interaction_distance	state_6:state_7	52.62118077387536
1	6	interaction_distance	state_6:state_8	10.007888377525543
1	6	interaction_distance	state_7:state_0	17.663457881416498
1	6	interaction_distance	state_7:state_1	45.854374554231406
1	6	interaction_distance	state_7:state_2	54.78132890551351
1	6	interaction_distance	state_7:state_3	11.164982361605134
1	6	interaction_distance	state_7:state_4	30.412093209212987
1	6	interaction_distance	state_7:state_5	14.672962831492919
1	6	interaction_distance	state_7:state_6	33.52734499179794
1	6	interaction_distance	state_7:state_7	58.603260119836975
1	6	interaction_distance	state_7:state_8	8.50409337586396
1	6	interaction_distance	state_8:state_0	15.857190509298833
1	6	interaction_distance	state_8:state_1	46.492668071501896
1	6	interaction_distance	state_8:state_2	53.90732129464727
1	6	interaction_distance	state_8:state_3	16.736859280782802
1	6	interaction_distance	state_8:state_4	30.409244726931057
1	6	interaction_distance	state_8:state_5	12.638318319555315
1	6	interaction_distance	state_8:state_6	32.96684698122509
1	6	interaction_distance	state_8:state_7	55.264983895902475
1	6	interaction_distance	state_8:state_8	9.59398830776887
1	8	moran_i	state_0	0.17586123565186298
1	8	geary_c	state_0	0.843164160367139
1	8	moran_i	state_1	-0.00027826086956521715
1	8	geary_c	state_1	1.0
1	8	moran_i	state_2	-0.004610548375829557
1	8	geary_c	state_2	0.9887423090357089
1	8	moran_i	state_3	0.3702605863192183
1	8	geary_c	state_3	0.6551890656506901
1	8	moran_i	state_4	0.10745520435341767
1	8	geary_c	state_4	0.8905177179695607
1	8	moran_i	state_5	0.17469441017367357
1	8	geary_c	state_5	0.8282643897693834
1	8	moran_i	state_6	0.03634994416889559
1	8	geary_c	state_6	0.962020010164599
1	8	moran_i	state_7	-0.0032078103207810317
1	8	geary_c	state_7	0.9961754707112974
1	8	moran_i	state_8	0.15454717747394078
1	8	geary_c	state_8	0.8842561256261
1	8	interaction_distance	state_0:state_0	9.998763636967931
1	8	interaction_distance	state_0:state_1	50.50561455792435
1	8	interaction_distance	state_0:state_2	49.36094780401919
1	8	interaction_distance	state_0:state_3	22.248498296847128
1	8	interaction_distance	state_0:state_4	32.589691230213056
1	8	interaction_distance	state_0:state_5	8.300467213277937
1	8	interaction_distance	state_0:state_6	30.17393144658307
1	8	interaction_distance	state_0:state_7	58.152109854926934
1	8	interaction_distance	state_0:state_8	11.217317747925962
1	8	interaction_distance	state_1:state_0	8.235794990623058
1	8	interaction_distance	state_1:state_1	
1	8	interaction_distance	state_1:state_2	60.591699130489694
1	8	interaction_distance	state_1:state_3	23.98517884597829
1	8	interaction_distance	state_1:state_4	27.82165008769329
1	8	interaction_distance	state_1:state_5	6.847677990324765
1	8	interaction_distance	state_1:state_6	34.52957219108947
1	8	interaction_distance	state_1:state_7	49.14682672274071
1	8	interaction_distance	state_1:state_8	12.418446600856942
1	8	interaction_distance	state_2:state_0	14.140188208949859
1	8	interaction_distance	state_2:state_1	60.59169913048969
1	8	interaction_distance	state_2:state_2	52.429587878826446
1	8	interaction_distance	state_2:state_3	16.983136811748015
1	8	interaction_distance	state_2:state_4	27.87117622575894
1	8	interaction_distance	state_2:state_5	11.531248917756049
1	8	interaction_distance	state_2:state_6	32.14684445235483
1	8	interaction_distance	state_2:state_7	56.49637517176886
1	8	interaction_distance	state_2:state_8	9.843682675209367
1	8	interaction_distance	state_3:state_0	20.45052442504991
1	8	interaction_distance	state_3:state_1	54.82424889162713
1	8	interaction_distance	state_3:state_2	57.20384767421989
1	8	interaction_distance	state_3:state_3	10.93260223814442
1	8	interaction_distance	state_3:state_4	24.157572622180382
1	8	interaction_distance	state_3:state_5	17.325841840628108
1	8	interaction_distance	state_3:state_6	38.08401566249631
1	8	interaction_distance	state_3:state_7	55.46533000701866
1	8	interaction_distance	state_3:state_8	9.676393864665629
1	8	interaction_distance	state_4:state_0	19.56608724595955
1	8	interaction_distance	state_4:state_1	55.56604673522667
1	8	interaction_distance	state_4:state_2	55.85146906159492
1	8	interaction_distance	state_4:state_3	11.265588975202453
1	8	interaction_distance	state_4:state_4	23.526954457865706
1	8	interaction_distance	state_4:state_5	16.631301655136223
1	8	interaction_distance	state_4:state_6	37.35249465302939
1	8	interaction_distance	state_4:state_7	53.664207849143104
1	8	interaction_distance	state_4:state_8	9.838019385984612
1	8	interaction_distance	state_5:state_0	10.497245111558362
1	8	interaction_distance	state_5:state_1	50.46103860998259
1	8	interaction_distance	state_5:state_2	49.51097713647667
1	8	interaction_distance	state_5:state_3	21.801851225555925
1	8	interaction_distance	state_5:state_4	32.29059107899067
1	8	interaction_distance	state_5:state_5	8.583379565278689
1	8	interaction_distance	state_5:state_6	30.420785906921505
1	8	interaction_distance	state_5:state_7	57.55951490640683
1	8	interaction_distance	state_5:state_8	10.835160117580314
1	8	interaction_distance	state_6:state_0	11.987825116207706
1	8	interaction_distance	state_6:state_1	53.26804386722165
1	8	interaction_distance	state_6:state_2	49.90841235388053
1	8	interaction_distance	state_6:state_3	20.36738857632922
1	8	interaction_distance	state_6:state_4	30.815209941974626
1	8	interaction_distance	state_6:state_5	9.979786885316924
1	8	interaction_distance	state_6:state_6	31.546664232042883
1	8	interaction_distance	state_6:state_7	57.06382720551687
1	8	interaction_distance	state_6:state_8	10.35301252494134
1	8	interaction_distance	state_7:state_0	19.7903781819347
1	8	interaction_distance	state_7:state_1	49.14682672274071
1	8	interaction_distance	state_7:state_2	56.49637517176886
1	8	interaction_distance	state_7:state_3	9.653091527501488
1	8	interaction_distance	state_7:state_4	19.285196169303426
1	8	interaction_distance	state_7:state_5	16.591701217969526
1	8	interaction_distance	state_7:state_6	37.73214336514222
1	8	interaction_distance	state_7:state_7	52.564708480664926
1	8	interaction_distance	state_7:state_8	9.634573020944963
1	8	interaction_distance	state_8:state_0	15.236061743761597
1	8	interaction_distance	state_8:state_1	53.31040926613819
1	8	interaction_distance	state_8:state_2	52.774318042035475
1	8	interaction_distance	state_8:state_3	16.658533881174076
1	8	interaction_distance	state_8:state_4	28.519900697721372
1	8	interaction_distance	state_8:state_5	12.568713379796646
1	8	interaction_distance	state_8:state_6	33.74222405757331
1	8	interaction_distance	state_8:state_7	56.62032334412299
1	8	interaction_distance	state_8:state_8	9.749298430551315
1	10	moran_i	state_0	0.22071627647254177
1	10	geary_c	state_0	0.8241540929494122
1	10	moran_i	state_1	-0.0011502516175413366
1	10	geary_c	state_1	1.017397555715312
1	10	moran_i	state_2	-0.0031700288184438024
1	10	geary_c	state_2	0.9555235350624394
1	10	moran_i	state_3	0.36657188250940004
1	10	geary_c	state_3	0.6522143792159636
1	10	moran_i	state_4	0.11285814116002794
1	10	geary_c	state_4	0.8923974842767293
1	10	moran_i	state_5	0.2041719026413714
1	10	geary_c	state_5	0.8221401817849086
1	10	moran_i	state_6	0.03893801914481385
1	10	geary_c	state_6	0.9779968923248099
1	10	moran_i	state_7	-0.0005030542579949695
1	10	geary_c	state_7	0.9628458498023714
1	10	moran_i	state_8	0.14962206065032838
1	10	geary_c	state_8	0.8887081135438342
1	10	interaction_distance	state_0:state_0	9.799834775195292
1	10	interaction_distance	state_0:state_1	50.816962233239195
1	10	interaction_distance	state_0:state_2	49.464606446369636
1	10	interaction_distance	state_0:state_3	23.9126583483518
1	10	interaction_distance	state_0:state_4	32.056094373363166
1	10	interaction_distance	state_0:state_5	8.10711777490647
1	10	interaction_distance	state_0:state_6	33.76033932409038
1	10	interaction_distance	state_0:state_7	59.64267926896515
1	10	interaction_distance	state_0:state_8	11.256732287449733
1	10	interaction_distance	state_1:state_0	17.037337937032056
1	10	interaction_distance	state_1:state_1	63.480912560687834
1	10	interaction_distance	state_1:state_2	51.713538298482554
1	10	interaction_distance	state_1:state_3	16.63371797641043
1	10	interaction_distance	state_1:state_4	33.391939171779505
1	10	interaction_distance	state_1:state_5	14.56925190761205
1	10	interaction_distance	state_1:state_6	41.04823765707465
1	10	interaction_distance	state_1:state_7	43.73395089761294
1	10	interaction_distance	state_1:state_8	11.580426911841311
1	10	interaction_distance	state_2:state_0	14.82115595100313
1	10	interaction_distance	state_2:state_1	51.71353829848257
1	10	interaction_distance	state_2:state_2	55.550097227748964
1	10	interaction_distance	state_2:state_3	16.054081327055293
1	10	interaction_distance	state_2:state_4	29.85254601425746
1	10	interaction_distance	state_2:state_5	12.298009486704933
1	10	interaction_distance	state_2:state_6	39.11080726794116
1	10	interaction_distance	state_2:state_7	50.7999395439754
1	10	interaction_distance	state_2:state_8	9.052271793955274
1	10	interaction_distance	state_3:state_0	21.3382963774995
1	10	interaction_distance	state_3:state_1	61.36006890708425
1	10	interaction_distance	state_3:state_2	59.29749510625894
1	10	interaction_distance	state_3:state_3	10.768040499337193
1	10	interaction_distance	state_3:state_4	26.741594304457603
1	10	interaction_distance	state_3:state_5	17.427287339065515
1	10	interaction_distance	state_3:state_6	42.62559591908728
1	10	interaction_distance	state_3:state_7	69.17130967299815
1	10	interaction_distance	state_3:state_8	10.13212995543994
1	10	interaction_distance	state_4:state_0	20.026693800610854
1	10	interaction_distance	state_4:state_1	60.289745427477634
1	10	interaction_distance	state_4:state_2	57.63600350974634
1	10	interaction_distance	state_4:state_3	11.665069247042666
1	10	interaction_distance	state_4:state_4	26.170495485594063
1	10	interaction_distance	state_4:state_5	16.019222132095635
1	10	interaction_distance	state_4:state_6	41.0579609884772
1	10	interaction_distance	state_4:state_7	69.33897537610049
1	10	interaction_distance	state_4:state_8	10.183560306094815
1	10	interaction_distance	state_5:state_0	10.863277162463943
1	10	interaction_distance	state_5:state_1	50.84709529091207
1	10	interaction_distance	state_5:state_2	49.89803670983548
1	10	interaction_distance	state_5:state_3	22.960255884409467
1	10	interaction_distance	state_5:state_4	31.591379253793228
1	10	interaction_distance	state_5:state_5	8.424615874621727
1	10	interaction_distance	state_5:state_6	34.262202599310356
1	10	interaction_distance	state_5:state_7	59.83810218324522
1	10	interaction_distance	state_5:state_8	10.781660480196447
1	10	interaction_distance	state_6:state_0	12.414797752749454
1	10	interaction_distance	state_6:state_1	53.95009558325714
1	10	interaction_distance	state_6:state_2	51.81070125661049
1	10	interaction_distance	state_6:state_3	21.044347967733113
1	10	interaction_distance	state_6:state_4	30.476267102084638
1	10	interaction_distance	state_6:state_5	9.911359907869413
1	10	interaction_distance	state_6:state_6	34.30094923843403
1	10	interaction_distance	state_6:state_7	66.95946550183714
1	10	interaction_distance	state_6:state_8	10.534858082467563
1	10	interaction_distance	state_7:state_0	19.275390279934246
1	10	interaction_distance	state_7:state_1	43.73395089761294
1	10	interaction_distance	state_7:state_2	50.7999395439754
1	10	interaction_distance	state_7:state_3	11.51972045486529
1	10	interaction_distance	state_7:state_4	37.05273748184377
1	10	interaction_distance	state_7:state_5	19.136805384608802
1	10	interaction_distance	state_7:state_6	53.67875981105636
1	10	interaction_distance	state_7:state_7	12.411068439759608
1	10	interaction_distance	state_7:state_8	9.403591333889631
1	10	interaction_distance	state_8:state_0	15.499997059964686
1	10	interaction_distance	state_8:state_1	54.59581053383894
1	10	interaction_distance	state_8:state_2	53.28907716856758
1	10	interaction_distance	state_8:state_3	18.207757479154093
1	10	interaction_distance	state_8:state_4	30.258451406389295
1	10	interaction_distance	state_8:state_5	12.045147620811582
1	10	interaction_distance	state_8:state_6	38.04834742206698
1	10	interaction_distance	state_8:state_7	61.67578794942024
1	10	interaction_distance	state_8:state_8	10.010313518505718
2	1	moran_i	state_0	0.11206598060226923
2	1	geary_c	state_0	0.945525457108103
2	1	moran_i	state_1	0.17924014336917565
2	1	geary_c	state_1	0.9224731182795698
2	1	moran_i	state_2	0.5770557755019008
2	1	geary_c	state_2	0.540418703493739
2	1	moran_i	state_3	0.035545171339563884
2	1	geary_c	state_3	0.9943925233644864
2	1	moran_i	state_4	-0.001451247165532882
2	1	geary_c	state_4	1.0389115646258515
2	1	moran_i	state_5	0.3526805253435962
2	1	geary_c	state_5	0.7627351201315001
2	1	moran_i	state_6	0.056917743460447534
2	1	geary_c	state_6	0.9160076607917766
2	1	moran_i	state_7	0.010193358554014292
2	1	geary_c	state_7	0.9281210592686006
2	1	moran_i	state_8	0.03800063271116735
2	1	geary_c	state_8	0.9281493198354946
2	1	interaction_distance	state_0:state_0	24.83348790752971
2	1	interaction_distance	state_0:state_1	19.775316936381437
2	1	interaction_distance	state_0:state_2	14.106354427828384
2	1	interaction_distance	state_0:state_3	41.50570660763017
2	1	interaction_distance	state_0:state_4	57.07339395960823
2	1	interaction_distance	state_0:state_5	8.003478144359383
2	1	interaction_distance	state_0:state_6	51.41512884138331
2	1	interaction_distance	state_0:state_7	53.97963684385594
2	1	interaction_distance	state_0:state_8	47.96211039785198
2	1	interaction_distance	state_1:state_0	24.31172837331866
2	1	interaction_distance	state_1:state_1	18.899769304373923
2	1	interaction_distance	state_1:state_2	13.857561302376283
2	1	interaction_distance	state_1:state_3	41.66865503306231
2	1	interaction_distance	state_1:state_4	59.00245525036236
2	1	interaction_distance	state_1:state_5	7.993457061385265
2	1	interaction_distance	state_1:state_6	52.00830711721928
2	1	interaction_distance	state_1:state_7	55.11164303204323
2	1	interaction_distance	state_1:state_8	49.0909288365872
2	1	interaction_distance	state_2:state_0	26.531585886220697
2	1	interaction_distance	state_2:state_1	22.280715546913225
2	1	interaction_distance	state_2:state_2	9.863483840850357
2	1	interaction_distance	state_2:state_3	42.378360106235256
2	1	interaction_distance	state_2:state_4	56.281209821298546
2	1	interaction_distance	state_2:state_5	10.681493276621154
2	1	interaction_distance	state_2:state_6	52.54300275643096
2	1	interaction_distance	state_2:state_7	53.77397746494913
2	1	interaction_distance	state_2:state_8	48.78650385398268
2	1	interaction_distance	state_3:state_0	26.199531076545675
2	1	interaction_distance	state_3:state_1	20.540197249851484
2	1	interaction_distance	state_3:state_2	13.226135163263606
2	1	interaction_distance	state_3:state_3	42.19450448412313
2	1	interaction_distance	state_3:state_4	59.11927372315782
2	1	interaction_distance	state_3:state_5	8.258339974554977
2	1	interaction_distance	state_3:state_6	52.62574507440623
2	1	interaction_distance	state_3:state_7	53.46341709223159
2	1	interaction_distance	state_3:state_8	48.77900632204023
2	1	interaction_distance	state_4:state_0	29.18802071492366
2	1	interaction_distance	state_4:state_1	27.648036432561977
2	1	interaction_distance	state_4:state_2	10.860355649837516
2	1	interaction_distance	state_4:state_3	49.4999476559364
2	1	interaction_distance	state_4:state_4	65.28071815331103
2	1	interaction_distance	state_4:state_5	10.529886498554843
2	1	interaction_distance	state_4:state_6	58.11235057616872
2	1	interaction_distance	state_4:state_7	58.90635071627003
2	1	interaction_distance	state_4:state_8	53.24021581401265
2	1	interaction_distance	state_5:state_0	25.478086637262738
2	1	interaction_distance	state_5:state_1	20.64022705640698
2	1	interaction_distance	state_5:state_2	14.042881965615473
2	1	interaction_distance	state_5:state_3	41.56721378186662
2	1	interaction_distance	state_5:state_4	58.41056341316306
2	1	interaction_distance	state_5:state_5	7.913165761122015
2	1	interaction_distance	state_5:state_6	52.29494116859821
2	1	interaction_distance	state_5:state_7	54.113750294136
2	1	interaction_distance	state_5:state_8	48.577352433407974
2	1	interaction_distance	state_6:state_0	26.584416234268765
2	1	interaction_distance	state_6:state_1	22.038179208598415
2	1	interaction_distance	state_6:state_2	10.63610235551014
2	1	interaction_distance	state_6:state_3	42.33538187408185
2	1	interaction_distance	state_6:state_4	58.11235057616872
2	1	interaction_distance	state_6:state_5	10.546002047584121
2	1	interaction_distance	state_6:state_6	53.57216268136149
2	1	interaction_distance	state_6:state_7	54.13266797772484
2	1	interaction_distance	state_6:state_8	49.19242034960375
2	1	interaction_distance	state_7:state_0	28.8415843476343
2	1	interaction_distance	state_7:state_1	24.191952599532357
2	1	interaction_distance	state_7:state_2	12.752404720263366
2	1	interaction_distance	state_7:state_3	42.51447054550012
2	1	interaction_distance	state_7:state_4	58.90635071627004
2	1	interaction_distance	state_7:state_5	9.43564500696795
2	1	interaction_distance	state_7:state_6	54.13266797772484
2	1	interaction_distance	state_7:state_7	56.846463390727
2	1	interaction_distance	state_7:state_8	49.779237975065925
2	1	interaction_distance	state_8:state_0	24.436505136413604
2	1	interaction_distance	state_8:state_1	21.575092129366098
2	1	interaction_distance	state_8:state_2	12.556944338390485
2	1	interaction_distance	state_8:state_3	39.267518496145485
2	1	interaction_distance	state_8:state_4	53.24021581401266
2	1	interaction_distance	state_8:state_5	9.20206343150445
2	1	interaction_distance	state_8:state_6	49.19242034960375
2	1	interaction_distance	state_8:state_7	49.779237975065925
2	1	interaction_distance	state_8:state_8	44.959560459094995
2	2	moran_i	state_0	0.12335148215365996
2	2	geary_c	state_0	0.9374846716044537
2	2	moran_i	state_1	0.16376623700416373
2	2	geary_c	state_1	0.920220731839072
2	2	moran_i	state_2	0.6221779187783035
2	2	geary_c	state_2	0.5059880920047692
2	2	moran_i	state_3	0.03534821255818719
2	2	geary_c	state_3	0.9444589872870263
2	2	moran_i	state_4	-0.002433528616493917
2	2	geary_c	state_4	1.0523659305993693
2	2	moran_i	state_5	0.43498503965422103
2	2	geary_c	state_5	0.6723640582749564
2	2	moran_i	state_6	0.07755600636956572
2	2	geary_c	state_6	0.9660231660231658
2	2	moran_i	state_7	-0.0015308419630796926
2	2	geary_c	state_7	0.9638000900495267
2	2	moran_i	state_8	0.02943357455552577
2	2	geary_c	state_8	0.9046859644420617
2	2	interaction_distance	state_0:state_0	29.343917203879982
2	2	interaction_distance	state_0:state_1	30.246450875938784
2	2	interaction_distance	state_0:state_2	14.099930030611025
2	2	interaction_distance	state_0:state_3	37.04370517398957
2	2	interaction_distance	state_0:state_4	52.880373607724366
2	2	interaction_distance	state_0:state_5	7.2090103754095844
2	2	interaction_distance	state_0:state_6	52.12857885518289
2	2	interaction_distance	state_0:state_7	47.10237902796059
2	2	interaction_distance	state_0:state_8	49.92306822250375
2	2	interaction_distance	state_1:state_0	29.896412925003975
2	2	interaction_distance	state_1:state_1	29.321443967420063
2	2	interaction_distance	state_1:state_2	13.725177970340454
2	2	interaction_distance	state_1:state_3	37.054693103547116
2	2	interaction_distance	state_1:state_4	55.92633677328622
2	2	interaction_distance	state_1:state_5	7.673057687071552
2	2	interaction_distance	state_1:state_6	53.585763233654696
2	2	interaction_distance	state_1:state_7	47.159059165799476
2	2	interaction_distance	state_1:state_8	51.42935031930267
2	2	interaction_distance	state_2:state_0	31.63279698439314
2	2	interaction_distance	state_2:state_1	33.04571629097572
2	2	interaction_distance	state_2:state_2	9.281873862500188
2	2	interaction_distance	state_2:state_3	38.86668155682982
2	2	interaction_distance	state_2:state_4	49.09483846178464
2	2	interaction_distance	state_2:state_5	10.589113252170524
2	2	interaction_distance	state_2:state_6	50.923111273581135
2	2	interaction_distance	state_2:state_7	50.99110361225599
2	2	interaction_distance	state_2:state_8	52.46657095008591
2	2	interaction_distance	state_3:state_0	30.037783723065306
2	2	interaction_distance	state_3:state_1	30.2685515880135
2	2	interaction_distance	state_3:state_2	12.480243723832771
2	2	interaction_distance	state_3:state_3	38.28612842868771
2	2	interaction_distance	state_3:state_4	52.478877804614186
2	2	interaction_distance	state_3:state_5	8.606629221020555
2	2	interaction_distance	state_3:state_6	52.272474941893314
2	2	interaction_distance	state_3:state_7	48.782098125670075
2	2	interaction_distance	state_3:state_8	51.036498323992085
2	2	interaction_distance	state_4:state_0	30.801470982006812
2	2	interaction_distance	state_4:state_1	36.444456934586334
2	2	interaction_distance	state_4:state_2	7.938342796833397
2	2	interaction_distance	state_4:state_3	38.481115819380996
2	2	interaction_distance	state_4:state_4	44.25322434969068
2	2	interaction_distance	state_4:state_5	10.049749930028263
2	2	interaction_distance	state_4:state_6	45.499531190383884
2	2	interaction_distance	state_4:state_7	53.06443621348396
2	2	interaction_distance	state_4:state_8	50.73973654039001
2	2	interaction_distance	state_5:state_0	29.46414236302406
2	2	interaction_distance	state_5:state_1	30.783274267875047
2	2	interaction_distance	state_5:state_2	13.519704212011556
2	2	interaction_distance	state_5:state_3	37.18999194352429
2	2	interaction_distance	state_5:state_4	50.98159200185374
2	2	interaction_distance	state_5:state_5	7.573935260202386
2	2	interaction_distance	state_5:state_6	51.17301267389075
2	2	interaction_distance	state_5:state_7	47.84968259804597
2	2	interaction_distance	state_5:state_8	50.08978197390282
2	2	interaction_distance	state_6:state_0	31.398253740669745
2	2	interaction_distance	state_6:state_1	33.59149795745311
2	2	interaction_distance	state_6:state_2	8.007916952461535
2	2	interaction_distance	state_6:state_3	38.113422499151426
2	2	interaction_distance	state_6:state_4	45.499531190383884
2	2	interaction_distance	state_6:state_5	11.103236359474941
2	2	interaction_distance	state_6:state_6	48.744004833106345
2	2	interaction_distance	state_6:state_7	48.39699600813073
2	2	interaction_distance	state_6:state_8	50.75611516677382
2	2	interaction_distance	state_7:state_0	26.867627070840218
2	2	interaction_distance	state_7:state_1	27.15453283927302
2	2	interaction_distance	state_7:state_2	12.323698981462698
2	2	interaction_distance	state_7:state_3	34.26052334010187
2	2	interaction_distance	state_7:state_4	53.064436213483965
2	2	interaction_distance	state_7:state_5	7.941144067447142
2	2	interaction_distance	state_7:state_6	48.39699600813072
2	2	interaction_distance	state_7:state_7	45.047610402522956
2	2	interaction_distance	state_7:state_8	47.24811041930878
2	2	interaction_distance	state_8:state_0	28.559283883679495
2	2	interaction_distance	state_8:state_1	31.016515833643908
2	2	interaction_distance	state_8:state_2	13.45620399928714
2	2	interaction_distance	state_8:state_3	36.709238304380435
2	2	interaction_distance	state_8:state_4	50.73973654039001
2	2	interaction_distance	state_8:state_5	8.954118388131741
2	2	interaction_distance	state_8:state_6	50.75611516677381
2	2	interaction_distance	state_8:state_7	47.24811041930879
2	2	interaction_distance	state_8:state_8	48.73334295644067
2	3	moran_i	state_0	0.0932093999938239
2	3	geary_c	state_0	0.960226044529537
2	3	moran_i	state_1	0.048678802113916626
2	3	geary_c	state_1	0.9798003523194365
2	3	moran_i	state_2	0.6646178817154894
2	3	geary_c	state_2	0.4627847164620865
2	3	moran_i	state_3	0.034939997088246924
2	3	geary_c	state_3	0.9672739751669058
2	3	moran_i	state_4	-0.0010189902732746655
2	3	geary_c	state_4	1.0004631773969437
2	3	moran_i	state_5	0.4453057741537878
2	3	geary_c	state_5	0.6451123542239499
2	3	moran_i	state_6	0.039668159255788114
2	3	geary_c	state_6	0.9568884723523895
2	3	moran_i	state_7	-0.0005555555555555553
2	3	geary_c	state_7	1.0500000000000003
2	3	moran_i	state_8	0.07546028759575327
2	3	geary_c	state_8	0.8679478564709046
2	3	interaction_distance	state_0:state_0	33.61013526724934
2	3	interaction_distance	state_0:state_1	42.32220420873422
2	3	interaction_distance	state_0:state_2	14.441808210987471
2	3	interaction_distance	state_0:state_3	34.71906531301359
2	3	interaction_distance	state_0:state_4	41.82778481537106
2	3	interaction_distance	state_0:state_5	7.3974824795311696
2	3	interaction_distance	state_0:state_6	52.627118504348346
2	3	interaction_distance	state_0:state_7	60.940547513303294
2	3	interaction_distance	state_0:state_8	53.806169245623394
2	3	interaction_distance	state_1:state_0	33.43467560515567
2	3	interaction_distance	state_1:state_1	42.67857977565292
2	3	interaction_distance	state_1:state_2	13.870813866040407
2	3	interaction_distance	state_1:state_3	33.34876635682616
2	3	interaction_distance	state_1:state_4	40.181559910399
2	3	interaction_distance	state_1:state_5	7.223397461101109
2	3	interaction_distance	state_1:state_6	51.05063593734214
2	3	interaction_distance	state_1:state_7	53.96952898837831
2	3	interaction_distance	state_1:state_8	53.65583518314586
2	3	interaction_distance	state_2:state_0	36.425010374291986
2	3	interaction_distance	state_2:state_1	43.43485967158232
2	3	interaction_distance	state_2:state_2	8.860252892451864
2	3	interaction_distance	state_2:state_3	34.24061091845766
2	3	interaction_distance	state_2:state_4	41.58278905763432
2	3	interaction_distance	state_2:state_5	10.491308710325542
2	3	interaction_distance	state_2:state_6	51.692799341129785
2	3	interaction_distance	state_2:state_7	50.74086486140953
2	3	interaction_distance	state_2:state_8	55.63178971064596
2	3	interaction_distance	state_3:state_0	34.77844661686383
2	3	interaction_distance	state_3:state_1	41.737213872320694
2	3	interaction_distance	state_3:state_2	13.363918565000322
2	3	interaction_distance	state_3:state_3	32.64147177036925
2	3	interaction_distance	state_3:state_4	41.16723762186168
2	3	interaction_distance	state_3:state_5	7.972521709367885
2	3	interaction_distance	state_3:state_6	51.25358348946899
2	3	interaction_distance	state_3:state_7	52.02261420943939
2	3	interaction_distance	state_3:state_8	53.75373751471082
2	3	interaction_distance	state_4:state_0	28.73755398113044
2	3	interaction_distance	state_4:state_1	34.24909746655569
2	3	interaction_distance	state_4:state_2	11.14141213623897
2	3	interaction_distance	state_4:state_3	28.631309702171233
2	3	interaction_distance	state_4:state_4	29.459575900096247
2	3	interaction_distance	state_4:state_5	6.208548140198446
2	3	interaction_distance	state_4:state_6	39.173377263644596
2	3	interaction_distance	state_4:state_7	40.878165584468974
2	3	interaction_distance	state_4:state_8	46.091792267149074
2	3	interaction_distance	state_5:state_0	33.82772095694729
2	3	interaction_distance	state_5:state_1	41.95054548688821
2	3	interaction_distance	state_5:state_2	13.639078533044138
2	3	interaction_distance	state_5:state_3	33.33563062220649
2	3	interaction_distance	state_5:state_4	40.82281453226109
2	3	interaction_distance	state_5:state_5	7.491112020992092
2	3	interaction_distance	state_5:state_6	51.555364176219264
2	3	interaction_distance	state_5:state_7	55.617658275898215
2	3	interaction_distance	state_5:state_8	53.748761566073675
2	3	interaction_distance	state_6:state_0	35.29347403225914
2	3	interaction_distance	state_6:state_1	42.70397703569286
2	3	interaction_distance	state_6:state_2	9.683400209017561
2	3	interaction_distance	state_6:state_3	34.83489081706161
2	3	interaction_distance	state_6:state_4	39.173377263644596
2	3	interaction_distance	state_6:state_5	10.66306397964439
2	3	interaction_distance	state_6:state_6	51.84220178629128
2	3	interaction_distance	state_6:state_7	50.12130846346422
2	3	interaction_distance	state_6:state_8	55.042203735567114
2	3	interaction_distance	state_7:state_0	42.57870780314417
2	3	interaction_distance	state_7:state_1	44.23304535500179
2	3	interaction_distance	state_7:state_2	16.49126653746427
2	3	interaction_distance	state_7:state_3	34.60011921178964
2	3	interaction_distance	state_7:state_4	40.878165584468974
2	3	interaction_distance	state_7:state_5	6.984796732803025
2	3	interaction_distance	state_7:state_6	50.12130846346422
2	3	interaction_distance	state_7:state_7	
2	3	interaction_distance	state_7:state_8	62.60403804483907
2	3	interaction_distance	state_8:state_0	35.57620295943037
2	3	interaction_distance	state_8:state_1	44.878422183499126
2	3	interaction_distance	state_8:state_2	12.886348741650286
2	3	interaction_distance	state_8:state_3	36.334528259679985
2	3	interaction_distance	state_8:state_4	46.09179226714907
2	3	interaction_distance	state_8:state_5	9.655265331828888
2	3	interaction_distance	state_8:state_6	55.04220373556712
2	3	interaction_distance	state_8:state_7	62.604038044839086
2	3	interaction_distance	state_8:state_8	57.134745476879786
2	4	moran_i	state_0	0.09649133898090784
2	4	geary_c	state_0	0.9241828929068149
2	4	moran_i	state_1	0.023592095977417092
2	4	geary_c	state_1	0.9846203246294991
2	4	moran_i	state_2	0.6707619178207412
2	4	geary_c	state_2	0.4453333333333332
2	4	moran_i	state_3	0.04682647064763023
2	4	geary_c	state_3	0.9683449786950468
2	4	moran_i	state_4	-0.002142857142857142
2	4	geary_c	state_4	1.0719107142857143
2	4	moran_i	state_5	0.46480414425184324
2	4	geary_c	state_5	0.6292499701135689
2	4	moran_i	state_6	0.05487171954563258
2	4	geary_c	state_6	0.9483218272620442
2	4	moran_i	state_7	-0.000981266726137377
2	4	geary_c	state_7	0.9675289919714534
2	4	moran_i	state_8	0.09847474747474749
2	4	geary_c	state_8	0.8239333333333331
2	4	interaction_distance	state_0:state_0	36.07732399417495
2	4	interaction_distance	state_0:state_1	43.29655018275293
2	4	interaction_distance	state_0:state_2	14.536519632078605
2	4	interaction_distance	state_0:state_3	35.46654872129778
2	4	interaction_distance	state_0:state_4	52.22870952280178
2	4	interaction_distance	state_0:state_5	7.400252879387144
2	4	interaction_distance	state_0:state_6	51.158556361207204
2	4	interaction_distance	state_0:state_7	54.01229205012199
2	4	interaction_distance	state_0:state_8	52.01558578565106
2	4	interaction_distance	state_1:state_0	35.97504432835516
2	4	interaction_distance	state_1:state_1	43.13680400148623
2	4	interaction_distance	state_1:state_2	14.11903434094251
2	4	interaction_distance	state_1:state_3	34.070402484515405
2	4	interaction_distance	state_1:state_4	48.55103371841602
2	4	interaction_distance	state_1:state_5	7.257104876667469
2	4	interaction_distance	state_1:state_6	49.40283407287871
2	4	interaction_distance	state_1:state_7	48.1008608566924
2	4	interaction_distance	state_1:state_8	51.86955901035474
2	4	interaction_distance	state_2:state_0	40.42664875726381
2	4	interaction_distance	state_2:state_1	45.02031390463293
2	4	interaction_distance	state_2:state_2	8.562613057616167
2	4	interaction_distance	state_2:state_3	36.363903203909814
2	4	interaction_distance	state_2:state_4	47.13195725360572
2	4	interaction_distance	state_2:state_5	10.523113341387623
2	4	interaction_distance	state_2:state_6	51.14332508076564
2	4	interaction_distance	state_2:state_7	45.40008758690225
2	4	interaction_distance	state_2:state_8	56.33640328968914
2	4	interaction_distance	state_3:state_0	37.031598611951075
2	4	interaction_distance	state_3:state_1	42.66965316687748
2	4	interaction_distance	state_3:state_2	13.400399873446506
2	4	interaction_distance	state_3:state_3	35.15397632848117
2	4	interaction_distance	state_3:state_4	48.99024699306618
2	4	interaction_distance	state_3:state_5	7.738333953837217
2	4	interaction_distance	state_3:state_6	49.95976293915094
2	4	interaction_distance	state_3:state_7	47.67073575888955
2	4	interaction_distance	state_3:state_8	52.561166548551284
2	4	interaction_distance	state_4:state_0	36.51651408440557
2	4	interaction_distance	state_4:state_1	39.98931264020256
2	4	interaction_distance	state_4:state_2	8.041187436284833
2	4	interaction_distance	state_4:state_3	32.189185379024856
2	4	interaction_distance	state_4:state_4	44.14399938323558
2	4	interaction_distance	state_4:state_5	9.566953078813393
2	4	interaction_distance	state_4:state_6	45.5774078755058
2	4	interaction_distance	state_4:state_7	39.93668441891124
2	4	interaction_distance	state_4:state_8	52.62585413868709
2	4	interaction_distance	state_5:state_0	36.588982117879254
2	4	interaction_distance	state_5:state_1	42.009807317071605
2	4	interaction_distance	state_5:state_2	13.560855525867671
2	4	interaction_distance	state_5:state_3	33.99442196061456
2	4	interaction_distance	state_5:state_4	47.93858594210454
2	4	interaction_distance	state_5:state_5	7.278705181351288
2	4	interaction_distance	state_5:state_6	48.999773559988895
2	4	interaction_distance	state_5:state_7	46.10660110458631
2	4	interaction_distance	state_5:state_8	51.92077023222626
2	4	interaction_distance	state_6:state_0	36.02262020497276
2	4	interaction_distance	state_6:state_1	41.25334695586638
2	4	interaction_distance	state_6:state_2	9.395783972984265
2	4	interaction_distance	state_6:state_3	33.638434967230005
2	4	interaction_distance	state_6:state_4	45.5774078755058
2	4	interaction_distance	state_6:state_5	9.676883238420281
2	4	interaction_distance	state_6:state_6	47.252221809871656
2	4	interaction_distance	state_6:state_7	45.2949409450619
2	4	interaction_distance	state_6:state_8	50.31235921921568
2	4	interaction_distance	state_7:state_0	39.83809656610273
2	4	interaction_distance	state_7:state_1	40.28479524650729
2	4	interaction_distance	state_7:state_2	14.218188597948568
2	4	interaction_distance	state_7:state_3	31.601218268265804
2	4	interaction_distance	state_7:state_4	39.93668441891125
2	4	interaction_distance	state_7:state_5	6.717649122578923
2	4	interaction_distance	state_7:state_6	45.29494094506189
2	4	interaction_distance	state_7:state_7	34.86862612992187
2	4	interaction_distance	state_7:state_8	51.635230476107246
2	4	interaction_distance	state_8:state_0	35.226054779400044
2	4	interaction_distance	state_8:state_1	43.07257234809804
2	4	interaction_distance	state_8:state_2	13.357596290298428
2	4	interaction_distance	state_8:state_3	34.930418651214126
2	4	interaction_distance	state_8:state_4	52.62585413868709
2	4	interaction_distance	state_8:state_5	10.127950368869895
2	4	interaction_distance	state_8:state_6	50.31235921921568
2	4	interaction_distance	state_8:state_7	51.63523047610724
2	4	interaction_distance	state_8:state_8	50.4808411460814
2	6	moran_i	state_0	0.012945521698984296
2	6	geary_c	state_0	0.9758771929824555
2	6	moran_i	state_1	0.004830290736984451
2	6	geary_c	state_1	1.0074430921794
2	6	moran_i	state_2	0.6558556092553782
2	6	geary_c	state_2	0.4365854991469805
2	6	moran_i	state_3	0.0351024208566108
2	6	geary_c	state_3	0.9628067850833211
2	6	moran_i	state_4	-0.0019810895992796018
2	6	geary_c	state_4	0.9416929311121113
2	6	moran_i	state_5	0.4899290039398186
2	6	geary_c	state_5	0.582077626325392
2	6	moran_i	state_6	0.016950547431846562
2	6	geary_c	state_6	0.9973179513557204
2	6	moran_i	state_7	-0.0006294964028776987
2	6	geary_c	state_7	1.1880339478417274
2	6	moran_i	state_8	0.08449010654490106
2	6	geary_c	state_8	0.8240740740740742
2	6	interaction_distance	state_0:state_0	43.962304455926855
2	6	interaction_distance	state_0:state_1	47.088094063480426
2	6	interaction_distance	state_0:state_2	14.499345889931288
2	6	interaction_distance	state_0:state_3	38.5764834593685
2	6	interaction_distance	state_0:state_4	60.02674950105085
2	6	interaction_distance	state_0:state_5	6.674528959644059
2	6	interaction_distance	state_0:state_6	54.77383030759215
2	6	interaction_distance	state_0:state_7	39.43377848082553
2	6	interaction_distance	state_0:state_8	50.64686542738625
2	6	interaction_distance	state_1:state_0	42.03118570913202
2	6	interaction_distance	state_1:state_1	46.27568429659187
2	6	interaction_distance	state_1:state_2	14.436171671131659
2	6	interaction_distance	state_1:state_3	37.20090717222963
2	6	interaction_distance	state_1:state_4	59.396282185556196
2	6	interaction_distance	state_1:state_5	6.604621519066192
2	6	interaction_distance	state_1:state_6	51.85530432642878
2	6	interaction_distance	state_1:state_7	38.98652735563883
2	6	interaction_distance	state_1:state_8	48.18977802456283
2	6	interaction_distance	state_2:state_0	47.740313860971476
2	6	interaction_distance	state_2:state_1	50.57741499588996
2	6	interaction_distance	state_2:state_2	8.686219458387653
2	6	interaction_distance	state_2:state_3	40.736832149496244
2	6	interaction_distance	state_2:state_4	56.37962583675413
2	6	interaction_distance	state_2:state_5	10.532285487042921
2	6	interaction_distance	state_2:state_6	53.59221441032365
2	6	interaction_distance	state_2:state_7	49.96892422856998
2	6	interaction_distance	state_2:state_8	52.88475649778708
2	6	interaction_distance	state_3:state_0	45.98734340455342
2	6	interaction_distance	state_3:state_1	49.86031701929339
2	6	interaction_distance	state_3:state_2	14.179789677052682
2	6	interaction_distance	state_3:state_3	40.4265181871803
2	6	interaction_distance	state_3:state_4	55.701231991507946
2	6	interaction_distance	state_3:state_5	7.580235899899062
2	6	interaction_distance	state_3:state_6	55.7092214302418
2	6	interaction_distance	state_3:state_7	45.484174729344595
2	6	interaction_distance	state_3:state_8	52.81392334631627
2	6	interaction_distance	state_4:state_0	53.21973230461021
2	6	interaction_distance	state_4:state_1	58.29982170114923
2	6	interaction_distance	state_4:state_2	10.563851810841225
2	6	interaction_distance	state_4:state_3	40.570083502235555
2	6	interaction_distance	state_4:state_4	26.91146694638663
2	6	interaction_distance	state_4:state_5	10.40546632136077
2	6	interaction_distance	state_4:state_6	59.1170836795811
2	6	interaction_distance	state_4:state_7	58.47351024830963
2	6	interaction_distance	state_4:state_8	60.89114667547622
2	6	interaction_distance	state_5:state_0	44.14042041383618
2	6	interaction_distance	state_5:state_1	47.73909761461018
2	6	interaction_distance	state_5:state_2	14.155686938228115
2	6	interaction_distance	state_5:state_3	38.65718322975036
2	6	interaction_distance	state_5:state_4	56.25291719963285
2	6	interaction_distance	state_5:state_5	6.890108995519822
2	6	interaction_distance	state_5:state_6	54.07669509658537
2	6	interaction_distance	state_5:state_7	42.28468717636376
2	6	interaction_distance	state_5:state_8	50.90686197575174
2	6	interaction_distance	state_6:state_0	48.6562167944152
2	6	interaction_distance	state_6:state_1	50.92966507267819
2	6	interaction_distance	state_6:state_2	8.800734765623814
2	6	interaction_distance	state_6:state_3	41.75014173429536
2	6	interaction_distance	state_6:state_4	59.1170836795811
2	6	interaction_distance	state_6:state_5	10.70061598768389
2	6	interaction_distance	state_6:state_6	55.4801901751212
2	6	interaction_distance	state_6:state_7	50.962614395374366
2	6	interaction_distance	state_6:state_8	53.58179816762642
2	6	interaction_distance	state_7:state_0	33.605947821051714
2	6	interaction_distance	state_7:state_1	38.11573795857441
2	6	interaction_distance	state_7:state_2	16.32134965233987
2	6	interaction_distance	state_7:state_3	33.82409057981981
2	6	interaction_distance	state_7:state_4	58.47351024830963
2	6	interaction_distance	state_7:state_5	6.018794701121484
2	6	interaction_distance	state_7:state_6	50.962614395374366
2	6	interaction_distance	state_7:state_7	31.71947778062595
2	6	interaction_distance	state_7:state_8	43.25777606336942
2	6	interaction_distance	state_8:state_0	44.80524386819748
2	6	interaction_distance	state_8:state_1	47.285077532252885
2	6	interaction_distance	state_8:state_2	14.248040260842707
2	6	interaction_distance	state_8:state_3	38.646250709397606
2	6	interaction_distance	state_8:state_4	60.891146675476236
2	6	interaction_distance	state_8:state_5	8.551348957274083
2	6	interaction_distance	state_8:state_6	53.58179816762642
2	6	interaction_distance	state_8:state_7	43.25777606336942
2	6	interaction_distance	state_8:state_8	50.39314174180141
2	8	moran_i	state_0	0.026486189061296357
2	8	geary_c	state_0	0.9849391071494074
2	8	moran_i	state_1	0.04974992392381456
2	8	geary_c	state_1	0.9724929970895984
2	8	moran_i	state_2	0.6695908106940699
2	8	geary_c	state_2	0.41830498088909646
2	8	moran_i	state_3	0.033029274813084805
2	8	geary_c	state_3	0.9620633136992808
2	8	moran_i	state_4	-0.0012042612320518763
2	8	geary_c	state_4	0.9341979311409598
2	8	moran_i	state_5	0.46571221381953815
2	8	geary_c	state_5	0.5933440812873374
2	8	moran_i	state_6	0.038473532038570415
2	8	geary_c	state_6	0.9911793645267257
2	8	moran_i	state_7	
2	8	geary_c	state_7	
2	8	moran_i	state_8	0.15686134852801514
2	8	geary_c	state_8	0.8213507749966079
2	8	interaction_distance	state_0:state_0	41.27269959660827
2	8	interaction_distance	state_0:state_1	41.51398860509162
2	8	interaction_distance	state_0:state_2	15.793002870717807
2	8	interaction_distance	state_0:state_3	32.168686309266555
2	8	interaction_distance	state_0:state_4	53.474431796493135
2	8	interaction_distance	state_0:state_5	7.687155112719848
2	8	interaction_distance	state_0:state_6	55.03030957866891
2	8	interaction_distance	state_0:state_7	
2	8	interaction_distance	state_0:state_8	46.90361912266098
2	8	interaction_distance	state_1:state_0	40.03823244223441
2	8	interaction_distance	state_1:state_1	41.403603865600495
2	8	interaction_distance	state_1:state_2	15.967198862494008
2	8	interaction_distance	state_1:state_3	31.40289116549361
2	8	interaction_distance	state_1:state_4	49.868002765383395
2	8	interaction_distance	state_1:state_5	7.344934552903252
2	8	interaction_distance	state_1:state_6	53.03162347598567
2	8	interaction_distance	state_1:state_7	
2	8	interaction_distance	state_1:state_8	46.115138871199335
2	8	interaction_distance	state_2:state_0	46.87074307943944
2	8	interaction_distance	state_2:state_1	46.59028663421292
2	8	interaction_distance	state_2:state_2	8.38481318863722
2	8	interaction_distance	state_2:state_3	33.66531365863023
2	8	interaction_distance	state_2:state_4	43.712515029963214
2	8	interaction_distance	state_2:state_5	10.917368829965394
2	8	interaction_distance	state_2:state_6	51.43504091574959
2	8	interaction_distance	state_2:state_7	
2	8	interaction_distance	state_2:state_8	51.88633564727198
2	8	interaction_distance	state_3:state_0	41.744602312131875
2	8	interaction_distance	state_3:state_1	42.17876047037511
2	8	interaction_distance	state_3:state_2	14.47678453368773
2	8	interaction_distance	state_3:state_3	31.895912616895142
2	8	interaction_distance	state_3:state_4	46.386286096012974
2	8	interaction_distance	state_3:state_5	7.719986160543544
2	8	interaction_distance	state_3:state_6	52.48307129135088
2	8	interaction_distance	state_3:state_7	
2	8	interaction_distance	state_3:state_8	48.154129803964985
2	8	interaction_distance	state_4:state_0	44.19600516608172
2	8	interaction_distance	state_4:state_1	42.657461803853025
2	8	interaction_distance	state_4:state_2	9.107699205081673
2	8	interaction_distance	state_4:state_3	29.140068709274242
2	8	interaction_distance	state_4:state_4	23.139767382672172
2	8	interaction_distance	state_4:state_5	8.789225209773178
2	8	interaction_distance	state_4:state_6	48.70314094923259
2	8	interaction_distance	state_4:state_7	
2	8	interaction_distance	state_4:state_8	54.38691605525035
2	8	interaction_distance	state_5:state_0	42.18674105270312
2	8	interaction_distance	state_5:state_1	42.5125763192081
2	8	interaction_distance	state_5:state_2	15.139395316928162
2	8	interaction_distance	state_5:state_3	31.803438711305354
2	8	interaction_distance	state_5:state_4	48.401450305375974
2	8	interaction_distance	state_5:state_5	7.3018383765889325
2	8	interaction_distance	state_5:state_6	52.94189093737934
2	8	interaction_distance	state_5:state_7	
2	8	interaction_distance	state_5:state_8	48.1266318488826
2	8	interaction_distance	state_6:state_0	46.76842534660737
2	8	interaction_distance	state_6:state_1	46.16887620193988
2	8	interaction_distance	state_6:state_2	9.899892107909402
2	8	interaction_distance	state_6:state_3	34.411011052687066
2	8	interaction_distance	state_6:state_4	48.7031409492326
2	8	interaction_distance	state_6:state_5	10.503253196054112
2	8	interaction_distance	state_6:state_6	53.57881718447799
2	8	interaction_distance	state_6:state_7	
2	8	interaction_distance	state_6:state_8	50.512266831899495
2	8	interaction_distance	state_7:state_0	
2	8	interaction_distance	state_7:state_1	
2	8	interaction_distance	state_7:state_2	
2	8	interaction_distance	state_7:state_3	
2	8	interaction_distance	state_7:state_4	
2	8	interaction_distance	state_7:state_5	
2	8	interaction_distance	state_7:state_6	
2	8	interaction_distance	state_7:state_7	
2	8	interaction_distance	state_7:state_8	
2	8	interaction_distance	state_8:state_0	42.6448560761828
2	8	interaction_distance	state_8:state_1	43.41049318169035
2	8	interaction_distance	state_8:state_2	15.629642161096072
2	8	interaction_distance	state_8:state_3	33.698484124928335
2	8	interaction_distance	state_8:state_4	57.93918605475138
2	8	interaction_distance	state_8:state_5	10.101588972115763
2	8	interaction_distance	state_8:state_6	54.96651409326725
2	8	interaction_distance	state_8:state_7	
2	8	interaction_distance	state_8:state_8	48.108452753719725
2	10	moran_i	state_0	0.07718309859154932
2	10	geary_c	state_0	0.9768564438272827
2	10	moran_i	state_1	0.04573514008902852
2	10	geary_c	state_1	0.9883150039277299
2	10	moran_i	state_2	0.6434895966363436
2	10	geary_c	state_2	0.44305165333909635
2	10	moran_i	state_3	0.038257022189448264
2	10	geary_c	state_3	0.9590065026479859
2	10	moran_i	state_4	-0.0010914051841746262
2	10	geary_c	state_4	1.0129604365620748
2	10	moran_i	state_5	0.4780624741706903
2	10	geary_c	state_5	0.5838599992608199
2	10	moran_i	state_6	0.018968666239711565
2	10	geary_c	state_6	0.9764818899879032
2	10	moran_i	state_7	-0.0004545454545454545
2	10	geary_c	state_7	1.0999999999999996
2	10	moran_i	state_8	0.14383782883782886
2	10	geary_c	state_8	0.8218864468864472
2	10	interaction_distance	state_0:state_0	41.03086746506787
2	10	interaction_distance	state_0:state_1	46.98125428670287
2	10	interaction_distance	state_0:state_2	15.463527097463164
2	10	interaction_distance	state_0:state_3	40.54412257673661
2	10	interaction_distance	state_0:state_4	63.73474444426758
2	10	interaction_distance	state_0:state_5	7.202310893337413
2	10	interaction_distance	state_0:state_6	54.07820263504204
2	10	interaction_distance	state_0:state_7	45.13155853167242
2	10	interaction_distance	state_0:state_8	47.73691356441464
2	10	interaction_distance	state_1:state_0	40.52748702373176
2	10	interaction_distance	state_1:state_1	48.58323319326171
2	10	interaction_distance	state_1:state_2	14.267144736195402
2	10	interaction_distance	state_1:state_3	40.780870053712405
2	10	interaction_distance	state_1:state_4	63.761385632222115
2	10	interaction_distance	state_1:state_5	7.1433608291983814
2	10	interaction_distance	state_1:state_6	53.72933022075264
2	10	interaction_distance	state_1:state_7	45.228883354385104
2	10	interaction_distance	state_1:state_8	48.5346817724074
2	10	interaction_distance	state_2:state_0	41.950193914427814
2	10	interaction_distance	state_2:state_1	47.729843689238955
2	10	interaction_distance	state_2:state_2	8.541312325514038
2	10	interaction_distance	state_2:state_3	43.06128620498559
2	10	interaction_distance	state_2:state_4	57.312208994395014
2	10	interaction_distance	state_2:state_5	10.280558245775815
2	10	interaction_distance	state_2:state_6	50.117928789248545
2	10	interaction_distance	state_2:state_7	39.13945249055656
2	10	interaction_distance	state_2:state_8	50.62802299905015
2	10	interaction_distance	state_3:state_0	39.70176607719291
2	10	interaction_distance	state_3:state_1	46.07741845532907
2	10	interaction_distance	state_3:state_2	14.791581165091715
2	10	interaction_distance	state_3:state_3	38.363797699000536
2	10	interaction_distance	state_3:state_4	66.39932577146654
2	10	interaction_distance	state_3:state_5	7.860560284299687
2	10	interaction_distance	state_3:state_6	53.233532175921866
2	10	interaction_distance	state_3:state_7	47.36530129550419
2	10	interaction_distance	state_3:state_8	45.94010446708887
2	10	interaction_distance	state_4:state_0	50.58793324856868
2	10	interaction_distance	state_4:state_1	58.16351422035555
2	10	interaction_distance	state_4:state_2	7.182787030438955
2	10	interaction_distance	state_4:state_3	55.14794174288574
2	10	interaction_distance	state_4:state_4	77.68376596906668
2	10	interaction_distance	state_4:state_5	12.734172282573875
2	10	interaction_distance	state_4:state_6	61.74211808079633
2	10	interaction_distance	state_4:state_7	40.46977578558064
2	10	interaction_distance	state_4:state_8	57.041219502120875
2	10	interaction_distance	state_5:state_0	40.18815740795398
2	10	interaction_distance	state_5:state_1	46.72591843517621
2	10	interaction_distance	state_5:state_2	15.038081232045169
2	10	interaction_distance	state_5:state_3	40.083430744802115
2	10	interaction_distance	state_5:state_4	61.81566695058928
2	10	interaction_distance	state_5:state_5	7.046722177272763
2	10	interaction_distance	state_5:state_6	52.680983556452766
2	10	interaction_distance	state_5:state_7	43.6831328061561
2	10	interaction_distance	state_5:state_8	47.4821960521073
2	10	interaction_distance	state_6:state_0	43.148775980579764
2	10	interaction_distance	state_6:state_1	48.65697819059991
2	10	interaction_distance	state_6:state_2	9.569718833183828
2	10	interaction_distance	state_6:state_3	42.73042506252203
2	10	interaction_distance	state_6:state_4	61.74211808079632
2	10	interaction_distance	state_6:state_5	10.162643568653905
2	10	interaction_distance	state_6:state_6	51.52218066637466
2	10	interaction_distance	state_6:state_7	42.83436377789863
2	10	interaction_distance	state_6:state_8	51.51470818576932
2	10	interaction_distance	state_7:state_0	34.56095727190573
2	10	interaction_distance	state_7:state_1	40.50112004910748
2	10	interaction_distance	state_7:state_2	10.560416923771843
2	10	interaction_distance	state_7:state_3	37.507570864509674
2	10	interaction_distance	state_7:state_4	40.46977578558064
2	10	interaction_distance	state_7:state_5	6.171695140466087
2	10	interaction_distance	state_7:state_6	42.83436377789863
2	10	interaction_distance	state_7:state_7	
2	10	interaction_distance	state_7:state_8	41.90968033199975
2	10	interaction_distance	state_8:state_0	40.06143235236647
2	10	interaction_distance	state_8:state_1	47.518571933295775
2	10	interaction_distance	state_8:state_2	16.957456786537673
2	10	interaction_distance	state_8:state_3	39.78969649941958
2	10	interaction_distance	state_8:state_4	62.10378824251838
2	10	interaction_distance	state_8:state_5	8.953360369128513
2	10	interaction_distance	state_8:state_6	55.584095184329755
2	10	interaction_distance	state_8:state_7	45.78449141982784
2	10	interaction_distance	state_8:state_8	46.94454867819574
3	1	moran_i	state_0	0.15529605028212276
3	1	geary_c	state_0	0.9078503321191342
3	1	moran_i	state_1	0.03044128646222887
3	1	geary_c	state_1	0.9723011717776116
3	1	moran_i	state_2	-0.004587935429056925
3	1	geary_c	state_2	1.002548853016143
3	1	moran_i	state_3	0.07468788682581787
3	1	geary_c	state_3	0.9416003536693195
3	1	moran_i	state_4	0.06895087932080053
3	1	geary_c	state_4	0.9257883565797451
3	1	moran_i	state_5	0.13446257978837345
3	1	geary_c	state_5	0.8857708949149639
3	1	moran_i	state_6	0.08233421750663132
3	1	geary_c	state_6	0.928037135278515
3	1	moran_i	state_7	-0.005621805792163542
3	1	geary_c	state_7	1.0122900949136038
3	1	moran_i	state_8	0.2665234076998784
3	1	geary_c	state_8	0.821949777832131
3	1	interaction_distance	state_0:state_0	32.41644733486412
3	1	interaction_distance	state_0:state_1	50.26917074411855
3	1	interaction_distance	state_0:state_2	55.02208098716902
3	1	interaction_distance	state_0:state_3	47.45650320608572
3	1	interaction_distance	state_0:state_4	51.92244745628143
3	1	interaction_distance	state_0:state_5	18.82369010710888
3	1	interaction_distance	state_0:state_6	53.83647503626573
3	1	interaction_distance	state_0:state_7	54.96636500855867
3	1	interaction_distance	state_0:state_8	13.050034236223846
3	1	interaction_distance	state_1:state_0	31.346458052460935
3	1	interaction_distance	state_1:state_1	46.42260475883125
3	1	interaction_distance	state_1:state_2	48.48595104141778
3	1	interaction_distance	state_1:state_3	42.588100230522834
3	1	interaction_distance	state_1:state_4	47.632991910588295
3	1	interaction_distance	state_1:state_5	19.43240582675112
3	1	interaction_distance	state_1:state_6	51.01305287726211
3	1	interaction_distance	state_1:state_7	52.8515284752368
3	1	interaction_distance	state_1:state_8	11.553237758066667
3	1	interaction_distance	state_2:state_0	36.56603252961007
3	1	interaction_distance	state_2:state_1	48.48595104141777
3	1	interaction_distance	state_2:state_2	54.30593233600121
3	1	interaction_distance	state_2:state_3	45.78213006901716
3	1	interaction_distance	state_2:state_4	53.018317412389415
3	1	interaction_distance	state_2:state_5	19.595942629037637
3	1	interaction_distance	state_2:state_6	53.434181134492555
3	1	interaction_distance	state_2:state_7	54.153460177798145
3	1	interaction_distance	state_2:state_8	11.203574179561597
3	1	interaction_distance	state_3:state_0	31.02205314238582
3	1	interaction_distance	state_3:state_1	42.588100230522834
3	1	interaction_distance	state_3:state_2	45.78213006901716
3	1	interaction_distance	state_3:state_3	38.61232041202991
3	1	interaction_distance	state_3:state_4	45.57578881539737
3	1	interaction_distance	state_3:state_5	20.46818270879595
3	1	interaction_distance	state_3:state_6	47.6281992322522
3	1	interaction_distance	state_3:state_7	48.402815161823796
3	1	interaction_distance	state_3:state_8	9.900092718676934
3	1	interaction_distance	state_4:state_0	31.273117278344568
3	1	interaction_distance	state_4:state_1	47.632991910588295
3	1	interaction_distance	state_4:state_2	53.01831741238942
3	1	interaction_distance	state_4:state_3	45.57578881539737
3	1	interaction_distance	state_4:state_4	50.39934853338438
3	1	interaction_distance	state_4:state_5	20.348997339632984
3	1	interaction_distance	state_4:state_6	53.47043779812746
3	1	interaction_distance	state_4:state_7	55.69143250251541
3	1	interaction_distance	state_4:state_8	10.753343333782516
3	1	interaction_distance	state_5:state_0	33.82575201278475
3	1	interaction_distance	state_5:state_1	51.034920353234384
3	1	interaction_distance	state_5:state_2	52.03007292278921
3	1	interaction_distance	state_5:state_3	48.377548868425784
3	1	interaction_distance	state_5:state_4	53.783510213406416
3	1	interaction_distance	state_5:state_5	18.76294777885535
3	1	interaction_distance	state_5:state_6	54.50692722022489
3	1	interaction_distance	state_5:state_7	55.36696306017561
3	1	interaction_distance	state_5:state_8	12.769548893003892
3	1	interaction_distance	state_6:state_0	32.91123798778378
3	1	interaction_distance	state_6:state_1	51.01305287726212
3	1	interaction_distance	state_6:state_2	53.434181134492555
3	1	interaction_distance	state_6:state_3	47.6281992322522
3	1	interaction_distance	state_6:state_4	53.47043779812746
3	1	interaction_distance	state_6:state_5	18.368569751003697
3	1	interaction_distance	state_6:state_6	54.214907297863775
3	1	interaction_distance	state_6:state_7	54.05049486533446
3	1	interaction_distance	state_6:state_8	12.79094848840087
3	1	interaction_distance	state_7:state_0	33.28483042228679
3	1	interaction_distance	state_7:state_1	52.8515284752368
3	1	interaction_distance	state_7:state_2	54.15346017779814
3	1	interaction_distance	state_7:state_3	48.402815161823796
3	1	interaction_distance	state_7:state_4	55.69143250251542
3	1	interaction_distance	state_7:state_5	19.589315880262422
3	1	interaction_distance	state_7:state_6	54.050494865334436
3	1	interaction_distance	state_7:state_7	57.041789841840355
3	1	interaction_distance	state_7:state_8	12.096759814698464
3	1	interaction_distance	state_8:state_0	33.278311734957605
3	1	interaction_distance	state_8:state_1	48.31660163692597
3	1	interaction_distance	state_8:state_2	51.041527012754905
3	1	interaction_distance	state_8:state_3	45.61789500419852
3	1	interaction_distance	state_8:state_4	50.32270824368085
3	1	interaction_distance	state_8:state_5	20.406896753732234
3	1	interaction_distance	state_8:state_6	53.35654203297583
3	1	interaction_distance	state_8:state_7	55.3853800777595
3	1	interaction_distance	state_8:state_8	10.742464497501887
3	2	moran_i	state_0	0.1349361967009026
3	2	geary_c	state_0	0.8722870629733377
3	2	moran_i	state_1	0.0045892547660312056
3	2	geary_c	state_1	0.96567417677643
3	2	moran_i	state_2	-0.0006791171477079791
3	2	geary_c	state_2	1.0999999999999996
3	2	moran_i	state_3	0.1564076892270725
3	2	geary_c	state_3	0.875715859030837
3	2	moran_i	state_4	-0.008740359897172232
3	2	geary_c	state_4	0.9947050842616394
3	2	moran_i	state_5	0.1140420951037529
3	2	geary_c	state_5	0.9205926352128884
3	2	moran_i	state_6	0.07125452187563991
3	2	geary_c	state_6	0.9130886970172687
3	2	moran_i	state_7	0.02924126172208014
3	2	geary_c	state_7	1.0000781472009095
3	2	moran_i	state_8	0.28005817879590666
3	2	geary_c	state_8	0.7933664340669172
3	2	interaction_distance	state_0:state_0	33.38186037046033
3	2	interaction_distance	state_0:state_1	51.478074021914466
3	2	interaction_distance	state_0:state_2	56.678514812941046
3	2	interaction_distance	state_0:state_3	49.29700266849442
3	2	interaction_distance	state_0:state_4	52.30888279359723
3	2	interaction_distance	state_0:state_5	16.70713676062722
3	2	interaction_distance	state_0:state_6	55.19704821186277
3	2	interaction_distance	state_0:state_7	51.32597721489695
3	2	interaction_distance	state_0:state_8	14.589079812948983
3	2	interaction_distance	state_1:state_0	31.280905889814353
3	2	interaction_distance	state_1:state_1	46.43210521627259
3	2	interaction_distance	state_1:state_2	55.86475324418763
3	2	interaction_distance	state_1:state_3	41.78896944970284
3	2	interaction_distance	state_1:state_4	46.852878754614856
3	2	interaction_distance	state_1:state_5	17.515876877755268
3	2	interaction_distance	state_1:state_6	52.01816362795331
3	2	interaction_distance	state_1:state_7	47.75369845965168
3	2	interaction_distance	state_1:state_8	11.727099411371158
3	2	interaction_distance	state_2:state_0	35.49778514187129
3	2	interaction_distance	state_2:state_1	55.86475324418763
3	2	interaction_distance	state_2:state_2	
3	2	interaction_distance	state_2:state_3	51.638909468342376
3	2	interaction_distance	state_2:state_4	42.398557195943994
3	2	interaction_distance	state_2:state_5	17.22209280747399
3	2	interaction_distance	state_2:state_6	49.67572018758739
3	2	interaction_distance	state_2:state_7	46.96510681726381
3	2	interaction_distance	state_2:state_8	9.001815144854879
3	2	interaction_distance	state_3:state_0	31.275562502519534
3	2	interaction_distance	state_3:state_1	41.78896944970284
3	2	interaction_distance	state_3:state_2	51.63890946834237
3	2	interaction_distance	state_3:state_3	38.340103591892316
3	2	interaction_distance	state_3:state_4	42.96261437403325
3	2	interaction_distance	state_3:state_5	17.64678684142445
3	2	interaction_distance	state_3:state_6	50.1000850640877
3	2	interaction_distance	state_3:state_7	45.84784820847248
3	2	interaction_distance	state_3:state_8	10.449477309852492
3	2	interaction_distance	state_4:state_0	33.384479950102914
3	2	interaction_distance	state_4:state_1	46.852878754614856
3	2	interaction_distance	state_4:state_2	42.398557195943994
3	2	interaction_distance	state_4:state_3	42.96261437403325
3	2	interaction_distance	state_4:state_4	45.761207242879884
3	2	interaction_distance	state_4:state_5	17.90390183195897
3	2	interaction_distance	state_4:state_6	51.526767047144695
3	2	interaction_distance	state_4:state_7	47.47824846957946
3	2	interaction_distance	state_4:state_8	9.67810439958913
3	2	interaction_distance	state_5:state_0	32.60849567357754
3	2	interaction_distance	state_5:state_1	50.421885818097806
3	2	interaction_distance	state_5:state_2	55.01608293187981
3	2	interaction_distance	state_5:state_3	47.884949053561414
3	2	interaction_distance	state_5:state_4	50.82074228464558
3	2	interaction_distance	state_5:state_5	17.04198566606172
3	2	interaction_distance	state_5:state_6	54.61919457757533
3	2	interaction_distance	state_5:state_7	50.8388584269966
3	2	interaction_distance	state_5:state_8	13.204119474781209
3	2	interaction_distance	state_6:state_0	33.30461708602667
3	2	interaction_distance	state_6:state_1	53.589193821913256
3	2	interaction_distance	state_6:state_2	51.498411686069
3	2	interaction_distance	state_6:state_3	51.564238918218486
3	2	interaction_distance	state_6:state_4	53.002721566031234
3	2	interaction_distance	state_6:state_5	17.332092812342985
3	2	interaction_distance	state_6:state_6	56.00120261552464
3	2	interaction_distance	state_6:state_7	51.47867353455451
3	2	interaction_distance	state_6:state_8	14.517063108328534
3	2	interaction_distance	state_7:state_0	29.441981109340674
3	2	interaction_distance	state_7:state_1	47.75369845965169
3	2	interaction_distance	state_7:state_2	46.9651068172638
3	2	interaction_distance	state_7:state_3	45.84784820847248
3	2	interaction_distance	state_7:state_4	47.47824846957946
3	2	interaction_distance	state_7:state_5	16.447044845126772
3	2	interaction_distance	state_7:state_6	49.88618770761615
3	2	interaction_distance	state_7:state_7	47.632245831477654
3	2	interaction_distance	state_7:state_8	13.23619038953215
3	2	interaction_distance	state_8:state_0	33.269472001968715
3	2	interaction_distance	state_8:state_1	48.476380115743176
3	2	interaction_distance	state_8:state_2	46.709100789342706
3	2	interaction_distance	state_8:state_3	45.09746216054611
3	2	interaction_distance	state_8:state_4	45.68891094097428
3	2	interaction_distance	state_8:state_5	17.69507731713173
3	2	interaction_distance	state_8:state_6	52.72981638004606
3	2	interaction_distance	state_8:state_7	48.44749658808477
3	2	interaction_distance	state_8:state_8	10.752682840989735
3	3	moran_i	state_0	0.15465481886534516
3	3	geary_c	state_0	0.813302717019822
3	3	moran_i	state_1	0.04989205526770293
3	3	geary_c	state_1	0.9686366580310881
3	3	moran_i	state_2	-0.0010230179028132994
3	3	geary_c	state_2	1.0500000000000003
3	3	moran_i	state_3	0.13145867302144737
3	3	geary_c	state_3	0.8864072494669508
3	3	moran_i	state_4	0.03158075601374571
3	3	geary_c	state_4	0.9800193298969078
3	3	moran_i	state_5	0.04978144431447387
3	3	geary_c	state_5	0.9518935079726649
3	3	moran_i	state_6	0.056539730763186836
3	3	geary_c	state_6	0.905253784505788
3	3	moran_i	state_7	-0.0013651877133105796
3	3	geary_c	state_7	1.0759172354948807
3	3	moran_i	state_8	0.275764888466931
3	3	geary_c	state_8	0.7983473588604785
3	3	interaction_distance	state_0:state_0	32.68672794515571
3	3	interaction_distance	state_0:state_1	52.983836613057264
3	3	interaction_distance	state_0:state_2	52.718389304848195
3	3	interaction_distance	state_0:state_3	50.685636581022344
3	3	interaction_distance	state_0:state_4	57.369881951433186
3	3	interaction_distance	state_0:state_5	17.944644161051595
3	3	interaction_distance	state_0:state_6	52.752164766272855
3	3	interaction_distance	state_0:state_7	50.93871484052316
3	3	interaction_distance	state_0:state_8	14.241237715138048
3	3	interaction_distance	state_1:state_0	32.42962949542194
3	3	interaction_distance	state_1:state_1	49.85796833545971
3	3	interaction_distance	state_1:state_2	42.777056240577714
3	3	interaction_distance	state_1:state_3	47.37709114205655
3	3	interaction_distance	state_1:state_4	55.900563484767076
3	3	interaction_distance	state_1:state_5	17.82344775336633
3	3	interaction_distance	state_1:state_6	50.97668663526903
3	3	interaction_distance	state_1:state_7	52.06633854329722
3	3	interaction_distance	state_1:state_8	12.297524189786708
3	3	interaction_distance	state_2:state_0	30.074955418232413
3	3	interaction_distance	state_2:state_1	42.777056240577714
3	3	interaction_distance	state_2:state_2	
3	3	interaction_distance	state_2:state_3	50.559364631874395
3	3	interaction_distance	state_2:state_4	60.115717412502775
3	3	interaction_distance	state_2:state_5	17.025908260478772
3	3	interaction_distance	state_2:state_6	51.82150774780917
3	3	interaction_distance	state_2:state_7	61.59263715756612
3	3	interaction_distance	state_2:state_8	11.247899381527816
3	3	interaction_distance	state_3:state_0	32.13301737911247
3	3	interaction_distance	state_3:state_1	47.37709114205656
3	3	interaction_distance	state_3:state_2	50.559364631874395
3	3	interaction_distance	state_3:state_3	42.76897870189589
3	3	interaction_distance	state_3:state_4	50.510437473165865
3	3	interaction_distance	state_3:state_5	17.523368598617633
3	3	interaction_distance	state_3:state_6	47.89816414533081
3	3	interaction_distance	state_3:state_7	46.116721094942996
3	3	interaction_distance	state_3:state_8	9.812002702403202
3	3	interaction_distance	state_4:state_0	34.31639459610771
3	3	interaction_distance	state_4:state_1	55.90056348476709
3	3	interaction_distance	state_4:state_2	60.115717412502775
3	3	interaction_distance	state_4:state_3	50.510437473165865
3	3	interaction_distance	state_4:state_4	50.64090283090421
3	3	interaction_distance	state_4:state_5	18.777334568594046
3	3	interaction_distance	state_4:state_6	57.61404808572332
3	3	interaction_distance	state_4:state_7	55.70262235422488
3	3	interaction_distance	state_4:state_8	9.939627701190155
3	3	interaction_distance	state_5:state_0	32.57251916555033
3	3	interaction_distance	state_5:state_1	51.80535717626509
3	3	interaction_distance	state_5:state_2	51.14830519895818
3	3	interaction_distance	state_5:state_3	49.04833516233882
3	3	interaction_distance	state_5:state_4	55.339281864453504
3	3	interaction_distance	state_5:state_5	17.863634819414866
3	3	interaction_distance	state_5:state_6	52.55659667162552
3	3	interaction_distance	state_5:state_7	51.32012833868219
3	3	interaction_distance	state_5:state_8	12.336847150793437
3	3	interaction_distance	state_6:state_0	30.857562678149442
3	3	interaction_distance	state_6:state_1	51.8727485635526
3	3	interaction_distance	state_6:state_2	52.7227327110493
3	3	interaction_distance	state_6:state_3	48.761947048151725
3	3	interaction_distance	state_6:state_4	58.45022336518568
3	3	interaction_distance	state_6:state_5	17.69424052022114
3	3	interaction_distance	state_6:state_6	51.8025879362529
3	3	interaction_distance	state_6:state_7	47.11212650797944
3	3	interaction_distance	state_6:state_8	14.243797811475241
3	3	interaction_distance	state_7:state_0	27.431556836244503
3	3	interaction_distance	state_7:state_1	52.06633854329721
3	3	interaction_distance	state_7:state_2	61.59263715756612
3	3	interaction_distance	state_7:state_3	46.11672109494301
3	3	interaction_distance	state_7:state_4	55.70262235422488
3	3	interaction_distance	state_7:state_5	15.144571698241299
3	3	interaction_distance	state_7:state_6	46.154441056012374
3	3	interaction_distance	state_7:state_7	64.44811641418721
3	3	interaction_distance	state_7:state_8	15.203273559624492
3	3	interaction_distance	state_8:state_0	32.29368553641738
3	3	interaction_distance	state_8:state_1	49.71002123368097
3	3	interaction_distance	state_8:state_2	50.525727094854304
3	3	interaction_distance	state_8:state_3	45.4397958304262
3	3	interaction_distance	state_8:state_4	50.20818453281078
3	3	interaction_distance	state_8:state_5	17.28618717464441
3	3	interaction_distance	state_8:state_6	50.98386704055749
3	3	interaction_distance	state_8:state_7	49.670507407824005
3	3	interaction_distance	state_8:state_8	10.001982611129918
3	4	moran_i	state_0	0.18023255813953498
3	4	geary_c	state_0	0.844983775013521
3	4	moran_i	state_1	0.039949874686716805
3	4	geary_c	state_1	0.9836257309941521
3	4	moran_i	state_2	-0.0017256255392579807
3	4	geary_c	state_2	1.0133735979292497
3	4	moran_i	state_3	0.1304271414380683
3	4	geary_c	state_3	0.9196148850003818
3	4	moran_i	state_4	-0.005194805194805195
3	4	geary_c	state_4	1.0168831168831167
3	4	moran_i	state_5	0.08209636795894826
3	4	geary_c	state_5	0.9383831964158211
3	4	moran_i	state_6	0.0680318699009523
3	4	geary_c	state_6	0.8941580943545525
3	4	moran_i	state_7	-0.0025951557093425556
3	4	geary_c	state_7	0.9282006920415223
3	4	moran_i	state_8	0.3613324678882148
3	4	geary_c	state_8	0.7127000101233262
3	4	interaction_distance	state_0:state_0	29.496107357981717
3	4	interaction_distance	state_0:state_1	54.010890664959014
3	4	interaction_distance	state_0:state_2	45.66722889612142
3	4	interaction_distance	state_0:state_3	48.88354684345787
3	4	interaction_distance	state_0:state_4	56.18061287507456
3	4	interaction_distance	state_0:state_5	17.799966810025033
3	4	interaction_distance	state_0:state_6	46.070209122068796
3	4	interaction_distance	state_0:state_7	60.55402893879165
3	4	interaction_distance	state_0:state_8	15.161019102647876
3	4	interaction_distance	state_1:state_0	30.400792489129373
3	4	interaction_distance	state_1:state_1	51.7410303544065
3	4	interaction_distance	state_1:state_2	41.549542548057225
3	4	interaction_distance	state_1:state_3	43.54745497311073
3	4	interaction_distance	state_1:state_4	52.723673091790694
3	4	interaction_distance	state_1:state_5	18.46023646024299
3	4	interaction_distance	state_1:state_6	45.43244059172528
3	4	interaction_distance	state_1:state_7	56.95474260828146
3	4	interaction_distance	state_1:state_8	12.156090697086686
3	4	interaction_distance	state_2:state_0	28.541254367833748
3	4	interaction_distance	state_2:state_1	41.54954254805724
3	4	interaction_distance	state_2:state_2	34.692476900850096
3	4	interaction_distance	state_2:state_3	34.849500164223834
3	4	interaction_distance	state_2:state_4	43.96559265162845
3	4	interaction_distance	state_2:state_5	15.732547718406455
3	4	interaction_distance	state_2:state_6	40.93896491008875
3	4	interaction_distance	state_2:state_7	52.202990669159554
3	4	interaction_distance	state_2:state_8	9.742546888297127
3	4	interaction_distance	state_3:state_0	28.60919116129738
3	4	interaction_distance	state_3:state_1	43.547454973110725
3	4	interaction_distance	state_3:state_2	34.849500164223834
3	4	interaction_distance	state_3:state_3	33.93774839410848
3	4	interaction_distance	state_3:state_4	47.32875026964491
3	4	interaction_distance	state_3:state_5	18.450050816049522
3	4	interaction_distance	state_3:state_6	41.701581847655525
3	4	interaction_distance	state_3:state_7	52.50233202520033
3	4	interaction_distance	state_3:state_8	10.269957802590545
3	4	interaction_distance	state_4:state_0	29.977082878930954
3	4	interaction_distance	state_4:state_1	52.7236730917907
3	4	interaction_distance	state_4:state_2	43.96559265162844
3	4	interaction_distance	state_4:state_3	47.32875026964491
3	4	interaction_distance	state_4:state_4	62.215487730927215
3	4	interaction_distance	state_4:state_5	19.568543580521958
3	4	interaction_distance	state_4:state_6	47.96080439324213
3	4	interaction_distance	state_4:state_7	59.65717132780308
3	4	interaction_distance	state_4:state_8	10.636652950766093
3	4	interaction_distance	state_5:state_0	29.724828647869618
3	4	interaction_distance	state_5:state_1	52.239792081863065
3	4	interaction_distance	state_5:state_2	42.08548845074761
3	4	interaction_distance	state_5:state_3	46.65274115591857
3	4	interaction_distance	state_5:state_4	54.85159657043519
3	4	interaction_distance	state_5:state_5	17.605169700180134
3	4	interaction_distance	state_5:state_6	46.612063826191665
3	4	interaction_distance	state_5:state_7	58.95733370533877
3	4	interaction_distance	state_5:state_8	12.9567207673069
3	4	interaction_distance	state_6:state_0	28.609836277015084
3	4	interaction_distance	state_6:state_1	54.81800387392214
3	4	interaction_distance	state_6:state_2	47.53530119665293
3	4	interaction_distance	state_6:state_3	50.15664895139489
3	4	interaction_distance	state_6:state_4	57.15196384106835
3	4	interaction_distance	state_6:state_5	18.09345176352487
3	4	interaction_distance	state_6:state_6	47.196052547638374
3	4	interaction_distance	state_6:state_7	61.40633439040064
3	4	interaction_distance	state_6:state_8	15.712807903620648
3	4	interaction_distance	state_7:state_0	32.997063419712035
3	4	interaction_distance	state_7:state_1	56.95474260828146
3	4	interaction_distance	state_7:state_2	52.20299066915955
3	4	interaction_distance	state_7:state_3	52.50233202520033
3	4	interaction_distance	state_7:state_4	59.65717132780307
3	4	interaction_distance	state_7:state_5	19.846727482324464
3	4	interaction_distance	state_7:state_6	50.64311865332548
3	4	interaction_distance	state_7:state_7	73.60327674000368
3	4	interaction_distance	state_7:state_8	13.895824256422562
3	4	interaction_distance	state_8:state_0	30.179599464528355
3	4	interaction_distance	state_8:state_1	50.39617568958941
3	4	interaction_distance	state_8:state_2	38.18980859443714
3	4	interaction_distance	state_8:state_3	44.20234653149358
3	4	interaction_distance	state_8:state_4	52.891062892701534
3	4	interaction_distance	state_8:state_5	17.46656303452615
3	4	interaction_distance	state_8:state_6	46.669568634730446
3	4	interaction_distance	state_8:state_7	57.61677271267708
3	4	interaction_distance	state_8:state_8	10.18719606105375
3	6	moran_i	state_0	0.2246977160770265
3	6	geary_c	state_0	0.7899398630925725
3	6	moran_i	state_1	0.05564037319762511
3	6	geary_c	state_1	0.9781453208934126
3	6	moran_i	state_2	-0.0011744966442953034
3	6	geary_c	state_2	0.863223573825503
3	6	moran_i	state_3	0.1127364864864865
3	6	geary_c	state_3	0.8791321790540542
3	6	moran_i	state_4	-0.0050505050505050535
3	6	geary_c	state_4	1.0167613636363635
3	6	moran_i	state_5	0.057193934694580825
3	6	geary_c	state_5	0.9515974555584272
3	6	moran_i	state_6	0.0851883001588637
3	6	geary_c	state_6	0.8859953379227279
3	6	moran_i	state_7	0.02706524244985783
3	6	geary_c	state_7	0.9351110428033501
3	6	moran_i	state_8	0.341964911293386
3	6	geary_c	state_8	0.7167030122261774
3	6	interaction_distance	state_0:state_0	30.2253878940448
3	6	interaction_distance	state_0:state_1	59.80505036148189
3	6	interaction_distance	state_0:state_2	76.51421026007073
3	6	interaction_distance	state_0:state_3	44.701559110925146
3	6	interaction_distance	state_0:state_4	59.267134323283535
3	6	interaction_distance	state_0:state_5	17.93433288117479
3	6	interaction_distance	state_0:state_6	36.60198297577855
3	6	interaction_distance	state_0:state_7	52.94077560431526
3	6	interaction_distance	state_0:state_8	16.88696043648185
3	6	interaction_distance	state_1:state_0	39.26960320867716
3	6	interaction_distance	state_1:state_1	46.470619981137084
3	6	interaction_distance	state_1:state_2	53.25628999012314
3	6	interaction_distance	state_1:state_3	46.47763204418708
3	6	interaction_distance	state_1:state_4	53.319015789693516
3	6	interaction_distance	state_1:state_5	16.40061527989574
3	6	interaction_distance	state_1:state_6	41.90283912762795
3	6	interaction_distance	state_1:state_7	51.208503262883724
3	6	interaction_distance	state_1:state_8	10.895577182997343
3	6	interaction_distance	state_2:state_0	50.93228109894605
3	6	interaction_distance	state_2:state_1	53.25628999012315
3	6	interaction_distance	state_2:state_2	80.95702881541402
3	6	interaction_distance	state_2:state_3	68.07000618259026
3	6	interaction_distance	state_2:state_4	65.65560907706703
3	6	interaction_distance	state_2:state_5	19.868406929028627
3	6	interaction_distance	state_2:state_6	53.100915751608035
3	6	interaction_distance	state_2:state_7	68.23956026869054
3	6	interaction_distance	state_2:state_8	16.198285285443994
3	6	interaction_distance	state_3:state_0	30.26426471303076
3	6	interaction_distance	state_3:state_1	46.477632044187075
3	6	interaction_distance	state_3:state_2	68.07000618259028
3	6	interaction_distance	state_3:state_3	25.068473068449435
3	6	interaction_distance	state_3:state_4	47.805983280665714
3	6	interaction_distance	state_3:state_5	15.548625599274636
3	6	interaction_distance	state_3:state_6	33.295822079245525
3	6	interaction_distance	state_3:state_7	39.63060298516204
3	6	interaction_distance	state_3:state_8	9.757695987762125
3	6	interaction_distance	state_4:state_0	37.176671425135474
3	6	interaction_distance	state_4:state_1	53.31901578969351
3	6	interaction_distance	state_4:state_2	65.65560907706703
3	6	interaction_distance	state_4:state_3	47.805983280665714
3	6	interaction_distance	state_4:state_4	61.68595234219865
3	6	interaction_distance	state_4:state_5	19.555512570233333
3	6	interaction_distance	state_4:state_6	41.28503286611842
3	6	interaction_distance	state_4:state_7	53.9327988244117
3	6	interaction_distance	state_4:state_8	11.747532567179109
3	6	interaction_distance	state_5:state_0	34.629483434185694
3	6	interaction_distance	state_5:state_1	50.919364667455106
3	6	interaction_distance	state_5:state_2	63.87186644131579
3	6	interaction_distance	state_5:state_3	43.85306708001606
3	6	interaction_distance	state_5:state_4	55.6943129133854
3	6	interaction_distance	state_5:state_5	16.72428753958821
3	6	interaction_distance	state_5:state_6	38.80813196837905
3	6	interaction_distance	state_5:state_7	50.92348296393987
3	6	interaction_distance	state_5:state_8	12.685856208428232
3	6	interaction_distance	state_6:state_0	31.613428621294798
3	6	interaction_distance	state_6:state_1	57.20601297671422
3	6	interaction_distance	state_6:state_2	71.74068234748138
3	6	interaction_distance	state_6:state_3	45.237121515191895
3	6	interaction_distance	state_6:state_4	58.31021462852189
3	6	interaction_distance	state_6:state_5	17.37166144727028
3	6	interaction_distance	state_6:state_6	38.676528143498274
3	6	interaction_distance	state_6:state_7	52.88443964020125
3	6	interaction_distance	state_6:state_8	15.667329390617228
3	6	interaction_distance	state_7:state_0	31.871592103622813
3	6	interaction_distance	state_7:state_1	51.208503262883724
3	6	interaction_distance	state_7:state_2	68.23956026869055
3	6	interaction_distance	state_7:state_3	39.63060298516205
3	6	interaction_distance	state_7:state_4	53.9327988244117
3	6	interaction_distance	state_7:state_5	16.027193693286485
3	6	interaction_distance	state_7:state_6	36.460110142724794
3	6	interaction_distance	state_7:state_7	50.16921998285519
3	6	interaction_distance	state_7:state_8	14.281418635173338
3	6	interaction_distance	state_8:state_0	35.45892374734267
3	6	interaction_distance	state_8:state_1	46.67523286710109
3	6	interaction_distance	state_8:state_2	60.635252036837166
3	6	interaction_distance	state_8:state_3	40.109825535345784
3	6	interaction_distance	state_8:state_4	52.315316796250585
3	6	interaction_distance	state_8:state_5	16.391498603732757
3	6	interaction_distance	state_8:state_6	38.532219841246956
3	6	interaction_distance	state_8:state_7	48.07772671427894
3	6	interaction_distance	state_8:state_8	9.860785940655534
3	8	moran_i	state_0	0.19898350371747206
3	8	geary_c	state_0	0.807296083585037
3	8	moran_i	state_1	0.012003381234150456
3	8	geary_c	state_1	0.9709032725516246
3	8	moran_i	state_2	-0.0008312551953449709
3	8	geary_c	state_2	1.0250000000000001
3	8	moran_i	state_3	0.07212730318257957
3	8	geary_c	state_3	0.9747927135678391
3	8	moran_i	state_4	-0.008026755852842807
3	8	geary_c	state_4	1.0058528428093643
3	8	moran_i	state_5	0.06332646159235754
3	8	geary_c	state_5	0.9419585472331138
3	8	moran_i	state_6	0.11663685152057243
3	8	geary_c	state_6	0.8598845009776594
3	8	moran_i	state_7	-0.006349206349206359
3	8	geary_c	state_7	0.9619405656999649
3	8	moran_i	state_8	0.3459979744963147
3	8	geary_c	state_8	0.712081825933622
3	8	interaction_distance	state_0:state_0	27.9505382887063
3	8	interaction_distance	state_0:state_1	54.47029584152508
3	8	interaction_distance	state_0:state_2	40.69103479432962
3	8	interaction_distance	state_0:state_3	46.88442593352605
3	8	interaction_distance	state_0:state_4	61.724292550246055
3	8	interaction_distance	state_0:state_5	16.726291578125853
3	8	interaction_distance	state_0:state_6	38.463641654495696
3	8	interaction_distance	state_0:state_7	56.63568227544324
3	8	interaction_distance	state_0:state_8	16.451052845830542
3	8	interaction_distance	state_1:state_0	30.641808589462812
3	8	interaction_distance	state_1:state_1	52.91644262832087
3	8	interaction_distance	state_1:state_2	39.10222732162692
3	8	interaction_distance	state_1:state_3	45.10438482662255
3	8	interaction_distance	state_1:state_4	52.229245879687156
3	8	interaction_distance	state_1:state_5	16.111941225128653
3	8	interaction_distance	state_1:state_6	39.089280477082816
3	8	interaction_distance	state_1:state_7	58.32677902817766
3	8	interaction_distance	state_1:state_8	12.4156243549274
3	8	interaction_distance	state_2:state_0	28.346875607563202
3	8	interaction_distance	state_2:state_1	39.10222732162693
3	8	interaction_distance	state_2:state_2	
3	8	interaction_distance	state_2:state_3	22.40210335029972
3	8	interaction_distance	state_2:state_4	48.76162772460479
3	8	interaction_distance	state_2:state_5	18.07122315652522
3	8	interaction_distance	state_2:state_6	33.78636580281869
3	8	interaction_distance	state_2:state_7	45.53921858865176
3	8	interaction_distance	state_2:state_8	9.106646114492364
3	8	interaction_distance	state_3:state_0	29.475891617942608
3	8	interaction_distance	state_3:state_1	45.10438482662255
3	8	interaction_distance	state_3:state_2	22.402103350299715
3	8	interaction_distance	state_3:state_3	34.67812306134195
3	8	interaction_distance	state_3:state_4	52.00085051865583
3	8	interaction_distance	state_3:state_5	16.629438677819554
3	8	interaction_distance	state_3:state_6	36.77868666404902
3	8	interaction_distance	state_3:state_7	51.21206877204288
3	8	interaction_distance	state_3:state_8	10.89652540925387
3	8	interaction_distance	state_4:state_0	38.042191101478714
3	8	interaction_distance	state_4:state_1	52.229245879687156
3	8	interaction_distance	state_4:state_2	48.76162772460479
3	8	interaction_distance	state_4:state_3	52.00085051865582
3	8	interaction_distance	state_4:state_4	41.48368309663856
3	8	interaction_distance	state_4:state_5	16.328076279687274
3	8	interaction_distance	state_4:state_6	43.0103293908862
3	8	interaction_distance	state_4:state_7	65.55494650878686
3	8	interaction_distance	state_4:state_8	9.860699302307514
3	8	interaction_distance	state_5:state_0	31.04199182305189
3	8	interaction_distance	state_5:state_1	52.00825982005927
3	8	interaction_distance	state_5:state_2	40.18305968617636
3	8	interaction_distance	state_5:state_3	45.82391165067138
3	8	interaction_distance	state_5:state_4	53.242539553530854
3	8	interaction_distance	state_5:state_5	16.082087194967638
3	8	interaction_distance	state_5:state_6	39.12876461782335
3	8	interaction_distance	state_5:state_7	58.194204715388636
3	8	interaction_distance	state_5:state_8	12.99592689864685
3	8	interaction_distance	state_6:state_0	30.508169254950108
3	8	interaction_distance	state_6:state_1	55.60048891209843
3	8	interaction_distance	state_6:state_2	43.79593289240882
3	8	interaction_distance	state_6:state_3	49.47931298472713
3	8	interaction_distance	state_6:state_4	60.049697231037925
3	8	interaction_distance	state_6:state_5	17.05929988800385
3	8	interaction_distance	state_6:state_6	41.13903390927059
3	8	interaction_distance	state_6:state_7	59.28147254909221
3	8	interaction_distance	state_6:state_8	16.459469841594643
3	8	interaction_distance	state_7:state_0	28.189136032039645
3	8	interaction_distance	state_7:state_1	58.326779028177675
3	8	interaction_distance	state_7:state_2	45.53921858865176
3	8	interaction_distance	state_7:state_3	51.212068772042876
3	8	interaction_distance	state_7:state_4	65.55494650878686
3	8	interaction_distance	state_7:state_5	17.40888587129241
3	8	interaction_distance	state_7:state_6	39.56437743789434
3	8	interaction_distance	state_7:state_7	66.50105671357221
3	8	interaction_distance	state_7:state_8	18.105553728167216
3	8	interaction_distance	state_8:state_0	31.888866612525124
3	8	interaction_distance	state_8:state_1	48.78538767835895
3	8	interaction_distance	state_8:state_2	36.05528093923118
3	8	interaction_distance	state_8:state_3	42.45057131381638
3	8	interaction_distance	state_8:state_4	48.14691839178455
3	8	interaction_distance	state_8:state_5	15.496078696336435
3	8	interaction_distance	state_8:state_6	38.63686835785309
3	8	interaction_distance	state_8:state_7	57.28600136975909
3	8	interaction_distance	state_8:state_8	9.932611792799706
3	10	moran_i	state_0	0.21214216399805927
3	10	geary_c	state_0	0.8020537663755459
3	10	moran_i	state_1	0.010057471264367814
3	10	geary_c	state_1	0.925610632183908
3	10	moran_i	state_2	-0.0007554296506137865
3	10	geary_c	state_2	0.9000000000000002
3	10	moran_i	state_3	0.07582938388625596
3	10	geary_c	state_3	1.0138293838862567
3	10	moran_i	state_4	-0.0028382213812677384
3	10	geary_c	state_4	1.0519867549668873
3	10	moran_i	state_5	0.029768033782611187
3	10	geary_c	state_5	0.9675530968135239
3	10	moran_i	state_6	0.0945735016157551
3	10	geary_c	state_6	0.901144366197183
3	10	moran_i	state_7	-0.005508072174738838
3	10	geary_c	state_7	1.0021062271062269
3	10	moran_i	state_8	0.347741878059635
3	10	geary_c	state_8	0.7211757009345792
3	10	interaction_distance	state_0:state_0	26.92524283195634
3	10	interaction_distance	state_0:state_1	58.32817324978156
3	10	interaction_distance	state_0:state_2	45.09230730783265
3	10	interaction_distance	state_0:state_3	57.3333415085737
3	10	interaction_distance	state_0:state_4	46.13813681062192
3	10	interaction_distance	state_0:state_5	18.39416076944408
3	10	interaction_distance	state_0:state_6	43.83869115095775
3	10	interaction_distance	state_0:state_7	61.01423569737833
3	10	interaction_distance	state_0:state_8	17.366277439749535
3	10	interaction_distance	state_1:state_0	30.276657612429986
3	10	interaction_distance	state_1:state_1	59.10557443104087
3	10	interaction_distance	state_1:state_2	54.58992932278132
3	10	interaction_distance	state_1:state_3	59.33346713249982
3	10	interaction_distance	state_1:state_4	46.90144741095085
3	10	interaction_distance	state_1:state_5	19.371535937088154
3	10	interaction_distance	state_1:state_6	46.22112229796166
3	10	interaction_distance	state_1:state_7	57.44141382108166
3	10	interaction_distance	state_1:state_8	16.221756815622044
3	10	interaction_distance	state_2:state_0	16.800655270043226
3	10	interaction_distance	state_2:state_1	54.58992932278133
3	10	interaction_distance	state_2:state_2	
3	10	interaction_distance	state_2:state_3	44.86054537925638
3	10	interaction_distance	state_2:state_4	43.21663756323625
3	10	interaction_distance	state_2:state_5	14.933975302324429
3	10	interaction_distance	state_2:state_6	33.42562645950484
3	10	interaction_distance	state_2:state_7	59.27239706035719
3	10	interaction_distance	state_2:state_8	13.472064913744216
3	10	interaction_distance	state_3:state_0	31.967411744779806
3	10	interaction_distance	state_3:state_1	59.33346713249982
3	10	interaction_distance	state_3:state_2	44.86054537925638
3	10	interaction_distance	state_3:state_3	60.06880585677586
3	10	interaction_distance	state_3:state_4	45.920856951401376
3	10	interaction_distance	state_3:state_5	22.42736299336083
3	10	interaction_distance	state_3:state_6	45.24457505284932
3	10	interaction_distance	state_3:state_7	61.35988474710674
3	10	interaction_distance	state_3:state_8	13.43339364774037
3	10	interaction_distance	state_4:state_0	27.20902368926639
3	10	interaction_distance	state_4:state_1	46.90144741095085
3	10	interaction_distance	state_4:state_2	43.21663756323625
3	10	interaction_distance	state_4:state_3	45.920856951401376
3	10	interaction_distance	state_4:state_4	16.939414843222025
3	10	interaction_distance	state_4:state_5	15.52196449220259
3	10	interaction_distance	state_4:state_6	34.76984774188811
3	10	interaction_distance	state_4:state_7	52.036077519140775
3	10	interaction_distance	state_4:state_8	10.190268903509356
3	10	interaction_distance	state_5:state_0	28.487318620859494
3	10	interaction_distance	state_5:state_1	54.69907302222927
3	10	interaction_distance	state_5:state_2	48.724048288803225
3	10	interaction_distance	state_5:state_3	57.0296198101223
3	10	interaction_distance	state_5:state_4	42.912906652349626
3	10	interaction_distance	state_5:state_5	17.065381493071367
3	10	interaction_distance	state_5:state_6	43.925357785928696
3	10	interaction_distance	state_5:state_7	56.34573706591685
3	10	interaction_distance	state_5:state_8	13.523544213052132
3	10	interaction_distance	state_6:state_0	25.60538564548728
3	10	interaction_distance	state_6:state_1	55.58369758311452
3	10	interaction_distance	state_6:state_2	43.63099755681216
3	10	interaction_distance	state_6:state_3	54.552267604335206
3	10	interaction_distance	state_6:state_4	42.387175179394575
3	10	interaction_distance	state_6:state_5	17.653345552810517
3	10	interaction_distance	state_6:state_6	42.76698225169236
3	10	interaction_distance	state_6:state_7	58.40540857915086
3	10	interaction_distance	state_6:state_8	16.98922546205802
3	10	interaction_distance	state_7:state_0	31.82853299607249
3	10	interaction_distance	state_7:state_1	57.44141382108166
3	10	interaction_distance	state_7:state_2	59.27239706035719
3	10	interaction_distance	state_7:state_3	61.35988474710674
3	10	interaction_distance	state_7:state_4	52.03607751914079
3	10	interaction_distance	state_7:state_5	20.2535365469168
3	10	interaction_distance	state_7:state_6	49.041926322870424
3	10	interaction_distance	state_7:state_7	64.19682142128761
3	10	interaction_distance	state_7:state_8	14.50251367495137
3	10	interaction_distance	state_8:state_0	29.961298192675823
3	10	interaction_distance	state_8:state_1	52.906350325450035
3	10	interaction_distance	state_8:state_2	47.55745905969196
3	10	interaction_distance	state_8:state_3	55.59963931398745
3	10	interaction_distance	state_8:state_4	43.22307123749064
3	10	interaction_distance	state_8:state_5	16.87290609951544
3	10	interaction_distance	state_8:state_6	43.9048860150807
3	10	interaction_distance	state_8:state_7	53.62733427691112
3	10	interaction_distance	state_8:state_8	10.634939004482627
4	1	moran_i	state_0	0.30756131713266177
4	1	geary_c	state_0	0.7642561392414593
4	1	moran_i	state_1	0.004470103649684319
4	1	geary_c	state_1	1.0113786758499617
4	1	moran_i	state_2	0.05172169811320757
4	1	geary_c	state_2	0.9356953862028304
4	1	moran_i	state_3	0.024817518248175185
4	1	geary_c	state_3	0.9487022614702815
4	1	moran_i	state_4	0.1282847955414327
4	1	geary_c	state_4	0.9044864713006304
4	1	moran_i	state_5	0.05950311942959
4	1	geary_c	state_5	0.9934627757352942
4	1	moran_i	state_6	0.1369604893207715
4	1	geary_c	state_6	0.9144605304263467
4	1	moran_i	state_7	-0.02231039692737824
4	1	geary_c	state_7	0.9906864683206484
4	1	moran_i	state_8	0.1638048248759359
4	1	geary_c	state_8	0.8717818622529472
4	1	interaction_distance	state_0:state_0	13.319315965730489
4	1	interaction_distance	state_0:state_1	53.73350317686402
4	1	interaction_distance	state_0:state_2	45.382410519842345
4	1	interaction_distance	state_0:state_3	52.280533655364785
4	1	interaction_distance	state_0:state_4	18.24457915407201
4	1	interaction_distance	state_0:state_5	39.686635994509146
4	1	interaction_distance	state_0:state_6	47.24853322418283
4	1	interaction_distance	state_0:state_7	40.50183193524707
4	1	interaction_distance	state_0:state_8	31.368599745453192
4	1	interaction_distance	state_1:state_0	18.688283439551267
4	1	interaction_distance	state_1:state_1	56.03788170585108
4	1	interaction_distance	state_1:state_2	47.191566085489825
4	1	interaction_distance	state_1:state_3	55.02748395225642
4	1	interaction_distance	state_1:state_4	17.322662911822878
4	1	interaction_distance	state_1:state_5	43.04081293287983
4	1	interaction_distance	state_1:state_6	48.959767649255184
4	1	interaction_distance	state_1:state_7	43.10290535785456
4	1	interaction_distance	state_1:state_8	27.54247878554026
4	1	interaction_distance	state_2:state_0	19.166340551764673
4	1	interaction_distance	state_2:state_1	56.51936404440557
4	1	interaction_distance	state_2:state_2	46.766051704793874
4	1	interaction_distance	state_2:state_3	54.88327719215439
4	1	interaction_distance	state_2:state_4	17.649891346647223
4	1	interaction_distance	state_2:state_5	42.26261013432457
4	1	interaction_distance	state_2:state_6	47.78912470378773
4	1	interaction_distance	state_2:state_7	42.80853475030352
4	1	interaction_distance	state_2:state_8	29.460717715438406
4	1	interaction_distance	state_3:state_0	15.323397259730882
4	1	interaction_distance	state_3:state_1	55.02748395225642
4	1	interaction_distance	state_3:state_2	45.82142639449614
4	1	interaction_distance	state_3:state_3	54.42471458523583
4	1	interaction_distance	state_3:state_4	18.86324027538698
4	1	interaction_distance	state_3:state_5	40.821456281031104
4	1	interaction_distance	state_3:state_6	48.02228435641376
4	1	interaction_distance	state_3:state_7	41.41685330448998
4	1	interaction_distance	state_3:state_8	32.118172632287276
4	1	interaction_distance	state_4:state_0	18.44740358985726
4	1	interaction_distance	state_4:state_1	54.13964248170642
4	1	interaction_distance	state_4:state_2	44.217360946831754
4	1	interaction_distance	state_4:state_3	53.00532647556351
4	1	interaction_distance	state_4:state_4	15.806189961244954
4	1	interaction_distance	state_4:state_5	41.03018374739183
4	1	interaction_distance	state_4:state_6	45.48546410231419
4	1	interaction_distance	state_4:state_7	41.397936454666365
4	1	interaction_distance	state_4:state_8	26.891093108364565
4	1	interaction_distance	state_5:state_0	14.899666051109993
4	1	interaction_distance	state_5:state_1	53.697152668059765
4	1	interaction_distance	state_5:state_2	44.220795841191986
4	1	interaction_distance	state_5:state_3	51.888372323331595
4	1	interaction_distance	state_5:state_4	17.871128374315504
4	1	interaction_distance	state_5:state_5	40.02185779397379
4	1	interaction_distance	state_5:state_6	46.44333268634594
4	1	interaction_distance	state_5:state_7	40.13273356234823
4	1	interaction_distance	state_5:state_8	30.51161265070042
4	1	interaction_distance	state_6:state_0	19.29776101330794
4	1	interaction_distance	state_6:state_1	53.48616324881005
4	1	interaction_distance	state_6:state_2	43.17432383274162
4	1	interaction_distance	state_6:state_3	52.49689248961051
4	1	interaction_distance	state_6:state_4	15.121968446551612
4	1	interaction_distance	state_6:state_5	40.704675679480374
4	1	interaction_distance	state_6:state_6	45.120754832209506
4	1	interaction_distance	state_6:state_7	40.70077660824723
4	1	interaction_distance	state_6:state_8	24.990579868416305
4	1	interaction_distance	state_7:state_0	15.54383235532634
4	1	interaction_distance	state_7:state_1	53.22688772143261
4	1	interaction_distance	state_7:state_2	43.70897980741036
4	1	interaction_distance	state_7:state_3	51.57586496008829
4	1	interaction_distance	state_7:state_4	17.179319553400635
4	1	interaction_distance	state_7:state_5	39.07131427704084
4	1	interaction_distance	state_7:state_6	45.66050882225825
4	1	interaction_distance	state_7:state_7	41.00405352143662
4	1	interaction_distance	state_7:state_8	29.352077603236243
4	1	interaction_distance	state_8:state_0	22.593102798730044
4	1	interaction_distance	state_8:state_1	55.12307741820535
4	1	interaction_distance	state_8:state_2	46.831141213169616
4	1	interaction_distance	state_8:state_3	55.89642324568362
4	1	interaction_distance	state_8:state_4	16.026518696291106
4	1	interaction_distance	state_8:state_5	44.40826560123563
4	1	interaction_distance	state_8:state_6	47.9565169701755
4	1	interaction_distance	state_8:state_7	44.37596992327555
4	1	interaction_distance	state_8:state_8	25.853097221250934
4	2	moran_i	state_0	0.4232130783347822
4	2	geary_c	state_0	0.649476802215139
4	2	moran_i	state_1	-0.009636184857423792
4	2	geary_c	state_1	0.9905959794602861
4	2	moran_i	state_2	0.018682938061248013
4	2	geary_c	state_2	0.9604374856090259
4	2	moran_i	state_3	0.0029801604052342814
4	2	geary_c	state_3	1.0058168003376953
4	2	moran_i	state_4	0.20436645363990139
4	2	geary_c	state_4	0.8562359420186367
4	2	moran_i	state_5	0.12182817182817185
4	2	geary_c	state_5	0.9155383078459999
4	2	moran_i	state_6	-0.010459143968871596
4	2	geary_c	state_6	1.009019455252918
4	2	moran_i	state_7	0.038104556891249655
4	2	geary_c	state_7	0.9753131115459883
4	2	moran_i	state_8	0.1923503061072122
4	2	geary_c	state_8	0.8390316559653577
4	2	interaction_distance	state_0:state_0	12.27824798792448
4	2	interaction_distance	state_0:state_1	51.345113716142386
4	2	interaction_distance	state_0:state_2	51.684680636291276
4	2	interaction_distance	state_0:state_3	48.91452282667187
4	2	interaction_distance	state_0:state_4	20.83749229146413
4	2	interaction_distance	state_0:state_5	47.14399963441648
4	2	interaction_distance	state_0:state_6	52.22398271338051
4	2	interaction_distance	state_0:state_7	38.487203421593
4	2	interaction_distance	state_0:state_8	29.75675281368178
4	2	interaction_distance	state_1:state_0	17.351786581176786
4	2	interaction_distance	state_1:state_1	51.65692853497704
4	2	interaction_distance	state_1:state_2	51.70498141736262
4	2	interaction_distance	state_1:state_3	49.35298418332439
4	2	interaction_distance	state_1:state_4	19.172700662867612
4	2	interaction_distance	state_1:state_5	47.77401077883383
4	2	interaction_distance	state_1:state_6	51.71394421001675
4	2	interaction_distance	state_1:state_7	39.58806028945578
4	2	interaction_distance	state_1:state_8	27.172653680527514
4	2	interaction_distance	state_2:state_0	18.962159296514137
4	2	interaction_distance	state_2:state_1	51.70498141736262
4	2	interaction_distance	state_2:state_2	50.378478574320724
4	2	interaction_distance	state_2:state_3	50.314309774779296
4	2	interaction_distance	state_2:state_4	16.184846237439928
4	2	interaction_distance	state_2:state_5	48.45717332460401
4	2	interaction_distance	state_2:state_6	51.935008579330805
4	2	interaction_distance	state_2:state_7	39.574689627032704
4	2	interaction_distance	state_2:state_8	25.243486205728225
4	2	interaction_distance	state_3:state_0	13.472288599025187
4	2	interaction_distance	state_3:state_1	49.35298418332439
4	2	interaction_distance	state_3:state_2	50.31430977477929
4	2	interaction_distance	state_3:state_3	47.27235712613161
4	2	interaction_distance	state_3:state_4	20.716190822184156
4	2	interaction_distance	state_3:state_5	44.419057599819574
4	2	interaction_distance	state_3:state_6	48.74903579345152
4	2	interaction_distance	state_3:state_7	38.17001923300251
4	2	interaction_distance	state_3:state_8	27.613477347367102
4	2	interaction_distance	state_4:state_0	20.388638010599013
4	2	interaction_distance	state_4:state_1	51.738586406728366
4	2	interaction_distance	state_4:state_2	51.18572560093795
4	2	interaction_distance	state_4:state_3	50.79047868919749
4	2	interaction_distance	state_4:state_4	16.666243126072523
4	2	interaction_distance	state_4:state_5	48.90853813260984
4	2	interaction_distance	state_4:state_6	52.136456924127764
4	2	interaction_distance	state_4:state_7	40.58202551012605
4	2	interaction_distance	state_4:state_8	24.708721970396088
4	2	interaction_distance	state_5:state_0	13.962398566874041
4	2	interaction_distance	state_5:state_1	49.471904618584354
4	2	interaction_distance	state_5:state_2	50.13843446905605
4	2	interaction_distance	state_5:state_3	46.262916769808704
4	2	interaction_distance	state_5:state_4	19.52756317184078
4	2	interaction_distance	state_5:state_5	46.16179179663401
4	2	interaction_distance	state_5:state_6	49.16146180416144
4	2	interaction_distance	state_5:state_7	38.10907408830843
4	2	interaction_distance	state_5:state_8	26.470784228502637
4	2	interaction_distance	state_6:state_0	21.233433519636314
4	2	interaction_distance	state_6:state_1	51.71394421001675
4	2	interaction_distance	state_6:state_2	51.935008579330805
4	2	interaction_distance	state_6:state_3	48.749035793451526
4	2	interaction_distance	state_6:state_4	17.163164132416195
4	2	interaction_distance	state_6:state_5	47.44912362203984
4	2	interaction_distance	state_6:state_6	51.48073989681196
4	2	interaction_distance	state_6:state_7	41.03193246840843
4	2	interaction_distance	state_6:state_8	24.2467437360172
4	2	interaction_distance	state_7:state_0	15.82484632884591
4	2	interaction_distance	state_7:state_1	51.19080962673231
4	2	interaction_distance	state_7:state_2	51.62471893746639
4	2	interaction_distance	state_7:state_3	49.8955321134861
4	2	interaction_distance	state_7:state_4	19.018380331603534
4	2	interaction_distance	state_7:state_5	48.02657150939499
4	2	interaction_distance	state_7:state_6	52.4280145771054
4	2	interaction_distance	state_7:state_7	40.12986751331892
4	2	interaction_distance	state_7:state_8	27.711070385520088
4	2	interaction_distance	state_8:state_0	22.29613703026358
4	2	interaction_distance	state_8:state_1	51.25661143877153
4	2	interaction_distance	state_8:state_2	50.92009096025337
4	2	interaction_distance	state_8:state_3	49.31403246759633
4	2	interaction_distance	state_8:state_4	15.612498369334354
4	2	interaction_distance	state_8:state_5	47.69151327608781
4	2	interaction_distance	state_8:state_6	50.098035490250055
4	2	interaction_distance	state_8:state_7	40.67130797519201
4	2	interaction_distance	state_8:state_8	23.435476120006296
4	3	moran_i	state_0	0.4870752122684116
4	3	geary_c	state_0	0.5938406029827975
4	3	moran_i	state_1	-0.0037096774193548193
4	3	geary_c	state_1	1.019177797379032
4	3	moran_i	state_2	0.1001288185498712
4	3	geary_c	state_2	0.9385771301067355
4	3	moran_i	state_3	-0.00918866080156403
4	3	geary_c	state_3	1.024617139133268
4	3	moran_i	state_4	0.20591950646298476
4	3	geary_c	state_4	0.8514921553686838
4	3	moran_i	state_5	0.026947368421052633
4	3	geary_c	state_5	0.9900466732869911
4	3	moran_i	state_6	0.006443129520052594
4	3	geary_c	state_6	0.9729878917378921
4	3	moran_i	state_7	0.01768507115924183
4	3	geary_c	state_7	0.9833289956453846
4	3	moran_i	state_8	0.16115151515151513
4	3	geary_c	state_8	0.841592803030303
4	3	interaction_distance	state_0:state_0	11.340294727582197
4	3	interaction_distance	state_0:state_1	49.11782497559921
4	3	interaction_distance	state_0:state_2	55.738889502098665
4	3	interaction_distance	state_0:state_3	47.26916847616808
4	3	interaction_distance	state_0:state_4	20.229075870247012
4	3	interaction_distance	state_0:state_5	49.47884284269939
4	3	interaction_distance	state_0:state_6	51.34883843842322
4	3	interaction_distance	state_0:state_7	35.414078816078685
4	3	interaction_distance	state_0:state_8	32.358044471915335
4	3	interaction_distance	state_1:state_0	14.530299493408926
4	3	interaction_distance	state_1:state_1	48.21891697329464
4	3	interaction_distance	state_1:state_2	53.73809503153571
4	3	interaction_distance	state_1:state_3	47.291021026262854
4	3	interaction_distance	state_1:state_4	17.80438239738621
4	3	interaction_distance	state_1:state_5	47.49193573051251
4	3	interaction_distance	state_1:state_6	48.56119402830393
4	3	interaction_distance	state_1:state_7	35.40285028165081
4	3	interaction_distance	state_1:state_8	28.990433483130825
4	3	interaction_distance	state_2:state_0	22.75580947571053
4	3	interaction_distance	state_2:state_1	53.73809503153571
4	3	interaction_distance	state_2:state_2	57.92931731099515
4	3	interaction_distance	state_2:state_3	53.33904387263467
4	3	interaction_distance	state_2:state_4	17.929524135715006
4	3	interaction_distance	state_2:state_5	53.45609625557587
4	3	interaction_distance	state_2:state_6	52.874706921720936
4	3	interaction_distance	state_2:state_7	40.57436418197975
4	3	interaction_distance	state_2:state_8	28.111208968057777
4	3	interaction_distance	state_3:state_0	12.201681598203928
4	3	interaction_distance	state_3:state_1	47.291021026262854
4	3	interaction_distance	state_3:state_2	53.33904387263467
4	3	interaction_distance	state_3:state_3	45.47935888101321
4	3	interaction_distance	state_3:state_4	18.62433092041131
4	3	interaction_distance	state_3:state_5	48.22969540118874
4	3	interaction_distance	state_3:state_6	49.149305323604054
4	3	interaction_distance	state_3:state_7	34.34827785192009
4	3	interaction_distance	state_3:state_8	31.546721638521813
4	3	interaction_distance	state_4:state_0	18.950772028046476
4	3	interaction_distance	state_4:state_1	48.635001651477204
4	3	interaction_distance	state_4:state_2	53.63704446878564
4	3	interaction_distance	state_4:state_3	47.96230176549074
4	3	interaction_distance	state_4:state_4	16.234575582339307
4	3	interaction_distance	state_4:state_5	48.700727832708225
4	3	interaction_distance	state_4:state_6	48.364386878064664
4	3	interaction_distance	state_4:state_7	36.756241284147755
4	3	interaction_distance	state_4:state_8	26.118700243343735
4	3	interaction_distance	state_5:state_0	14.665524010673066
4	3	interaction_distance	state_5:state_1	47.49193573051251
4	3	interaction_distance	state_5:state_2	53.45609625557587
4	3	interaction_distance	state_5:state_3	48.22969540118875
4	3	interaction_distance	state_5:state_4	17.91795155322582
4	3	interaction_distance	state_5:state_5	48.51855706450263
4	3	interaction_distance	state_5:state_6	48.108272028913895
4	3	interaction_distance	state_5:state_7	35.48451656322046
4	3	interaction_distance	state_5:state_8	28.430066553601296
4	3	interaction_distance	state_6:state_0	21.04727013777168
4	3	interaction_distance	state_6:state_1	48.56119402830393
4	3	interaction_distance	state_6:state_2	52.874706921720936
4	3	interaction_distance	state_6:state_3	49.149305323604054
4	3	interaction_distance	state_6:state_4	15.025687936724061
4	3	interaction_distance	state_6:state_5	48.108272028913895
4	3	interaction_distance	state_6:state_6	49.43062421335319
4	3	interaction_distance	state_6:state_7	37.542065262051516
4	3	interaction_distance	state_6:state_8	24.271705375299675
4	3	interaction_distance	state_7:state_0	15.610039469404121
4	3	interaction_distance	state_7:state_1	50.15024356516327
4	3	interaction_distance	state_7:state_2	55.72397534812871
4	3	interaction_distance	state_7:state_3	49.20333357851884
4	3	interaction_distance	state_7:state_4	18.561244130773822
4	3	interaction_distance	state_7:state_5	50.20799447618928
4	3	interaction_distance	state_7:state_6	51.30037502395085
4	3	interaction_distance	state_7:state_7	37.48968914782899
4	3	interaction_distance	state_7:state_8	30.205076323662638
4	3	interaction_distance	state_8:state_0	22.459952016766408
4	3	interaction_distance	state_8:state_1	51.25423423506392
4	3	interaction_distance	state_8:state_2	55.599489743704574
4	3	interaction_distance	state_8:state_3	51.198570783719624
4	3	interaction_distance	state_8:state_4	16.186517510028043
4	3	interaction_distance	state_8:state_5	51.47211039190789
4	3	interaction_distance	state_8:state_6	50.4632518882822
4	3	interaction_distance	state_8:state_7	39.222130419378274
4	3	interaction_distance	state_8:state_8	26.334777410514135
4	4	moran_i	state_0	0.4887096774193548
4	4	geary_c	state_0	0.5812866072209107
4	4	moran_i	state_1	0.0208209483368719
4	4	geary_c	state_1	0.9839065817409768
4	4	moran_i	state_2	0.03175604626708728
4	4	geary_c	state_2	0.9554431008295359
4	4	moran_i	state_3	0.09284984678243109
4	4	geary_c	state_3	0.9190245148110319
4	4	moran_i	state_4	0.22475999411801773
4	4	geary_c	state_4	0.8449601390668653
4	4	moran_i	state_5	0.04720496894409938
4	4	geary_c	state_5	1.0219190574780637
4	4	moran_i	state_6	0.03017400204708291
4	4	geary_c	state_6	0.9637973387922212
4	4	moran_i	state_7	0.03259011519881086
4	4	geary_c	state_7	0.9871602873776788
4	4	moran_i	state_8	0.1897158096508042
4	4	geary_c	state_8	0.8359100758396533
4	4	interaction_distance	state_0:state_0	12.105239415795342
4	4	interaction_distance	state_0:state_1	53.36480117231676
4	4	interaction_distance	state_0:state_2	51.880647553649496
4	4	interaction_distance	state_0:state_3	61.651816348394505
4	4	interaction_distance	state_0:state_4	21.97665833182435
4	4	interaction_distance	state_0:state_5	47.602202514645796
4	4	interaction_distance	state_0:state_6	53.20860326890413
4	4	interaction_distance	state_0:state_7	34.61393034177253
4	4	interaction_distance	state_0:state_8	31.67496658864066
4	4	interaction_distance	state_1:state_0	14.654554118733024
4	4	interaction_distance	state_1:state_1	56.39206815108193
4	4	interaction_distance	state_1:state_2	53.54353447744067
4	4	interaction_distance	state_1:state_3	64.24952097917487
4	4	interaction_distance	state_1:state_4	21.945166554738876
4	4	interaction_distance	state_1:state_5	49.92586555337244
4	4	interaction_distance	state_1:state_6	54.952581160908096
4	4	interaction_distance	state_1:state_7	36.33971101708626
4	4	interaction_distance	state_1:state_8	31.668297617098652
4	4	interaction_distance	state_2:state_0	21.371986067604883
4	4	interaction_distance	state_2:state_1	53.54353447744067
4	4	interaction_distance	state_2:state_2	47.828570958063054
4	4	interaction_distance	state_2:state_3	64.43141028578114
4	4	interaction_distance	state_2:state_4	16.033901882262963
4	4	interaction_distance	state_2:state_5	45.41911333228712
4	4	interaction_distance	state_2:state_6	51.20181235467034
4	4	interaction_distance	state_2:state_7	33.40439759277703
4	4	interaction_distance	state_2:state_8	23.41039871321482
4	4	interaction_distance	state_3:state_0	14.327404457738458
4	4	interaction_distance	state_3:state_1	64.24952097917486
4	4	interaction_distance	state_3:state_2	64.43141028578115
4	4	interaction_distance	state_3:state_3	67.73798757405662
4	4	interaction_distance	state_3:state_4	29.033890327519476
4	4	interaction_distance	state_3:state_5	62.30801951438499
4	4	interaction_distance	state_3:state_6	66.53660830003655
4	4	interaction_distance	state_3:state_7	44.776724998634066
4	4	interaction_distance	state_3:state_8	39.99741148177859
4	4	interaction_distance	state_4:state_0	19.970278430274714
4	4	interaction_distance	state_4:state_1	54.34833558775743
4	4	interaction_distance	state_4:state_2	49.546906159684355
4	4	interaction_distance	state_4:state_3	63.923514117112134
4	4	interaction_distance	state_4:state_4	17.962050824145916
4	4	interaction_distance	state_4:state_5	47.183299012608764
4	4	interaction_distance	state_4:state_6	52.48183875544915
4	4	interaction_distance	state_4:state_7	34.290043225617175
4	4	interaction_distance	state_4:state_8	25.529028040877208
4	4	interaction_distance	state_5:state_0	14.060400754631612
4	4	interaction_distance	state_5:state_1	49.92586555337244
4	4	interaction_distance	state_5:state_2	45.41911333228712
4	4	interaction_distance	state_5:state_3	62.30801951438499
4	4	interaction_distance	state_5:state_4	17.861323674959262
4	4	interaction_distance	state_5:state_5	42.880666020884604
4	4	interaction_distance	state_5:state_6	47.99842709898846
4	4	interaction_distance	state_5:state_7	30.529086626446496
4	4	interaction_distance	state_5:state_8	25.82481793161804
4	4	interaction_distance	state_6:state_0	21.141081034736807
4	4	interaction_distance	state_6:state_1	54.952581160908096
4	4	interaction_distance	state_6:state_2	51.20181235467034
4	4	interaction_distance	state_6:state_3	66.53660830003656
4	4	interaction_distance	state_6:state_4	19.283226370053907
4	4	interaction_distance	state_6:state_5	47.99842709898845
4	4	interaction_distance	state_6:state_6	56.73180152169342
4	4	interaction_distance	state_6:state_7	35.244056216503296
4	4	interaction_distance	state_6:state_8	27.582885280630247
4	4	interaction_distance	state_7:state_0	16.96136744405291
4	4	interaction_distance	state_7:state_1	53.4548005609265
4	4	interaction_distance	state_7:state_2	49.69126672847996
4	4	interaction_distance	state_7:state_3	63.72431245868039
4	4	interaction_distance	state_7:state_4	19.30656789501744
4	4	interaction_distance	state_7:state_5	46.20248469678632
4	4	interaction_distance	state_7:state_6	51.81690146277815
4	4	interaction_distance	state_7:state_7	34.608643036535064
4	4	interaction_distance	state_7:state_8	27.68341690090988
4	4	interaction_distance	state_8:state_0	22.670642562567163
4	4	interaction_distance	state_8:state_1	55.59723687184007
4	4	interaction_distance	state_8:state_2	50.169107837004354
4	4	interaction_distance	state_8:state_3	64.15250093429209
4	4	interaction_distance	state_8:state_4	16.969036569860023
4	4	interaction_distance	state_8:state_5	48.55125829651001
4	4	interaction_distance	state_8:state_6	53.29829496003865
4	4	interaction_distance	state_8:state_7	34.930183906620826
4	4	interaction_distance	state_8:state_8	24.79418812145472
4	6	moran_i	state_0	0.4659789190401436
4	6	geary_c	state_0	0.6299911666842113
4	6	moran_i	state_1	0.010212765957446801
4	6	geary_c	state_1	0.9868111702127663
4	6	moran_i	state_2	0.09184252305606595
4	6	geary_c	state_2	0.9316907187070765
4	6	moran_i	state_3	-0.00594871794871795
4	6	geary_c	state_3	1.0191641025641025
4	6	moran_i	state_4	0.16948613884773134
4	6	geary_c	state_4	0.8724365994545727
4	6	moran_i	state_5	-0.01091414668057004
4	6	geary_c	state_5	1.0208550573514077
4	6	moran_i	state_6	0.06568815378717345
4	6	geary_c	state_6	0.9476874418095184
4	6	moran_i	state_7	0.04228883861236803
4	6	geary_c	state_7	0.9779732866704375
4	6	moran_i	state_8	0.1554268297962612
4	6	geary_c	state_8	0.8673937796018737
4	6	interaction_distance	state_0:state_0	12.833902650448467
4	6	interaction_distance	state_0:state_1	51.94272285400295
4	6	interaction_distance	state_0:state_2	48.132449137148406
4	6	interaction_distance	state_0:state_3	54.246112063064295
4	6	interaction_distance	state_0:state_4	22.207206913564843
4	6	interaction_distance	state_0:state_5	57.17577822421854
4	6	interaction_distance	state_0:state_6	55.92403049729379
4	6	interaction_distance	state_0:state_7	32.19386740919611
4	6	interaction_distance	state_0:state_8	32.31908888024041
4	6	interaction_distance	state_1:state_0	16.56131675182322
4	6	interaction_distance	state_1:state_1	52.980603619871566
4	6	interaction_distance	state_1:state_2	46.85297813299645
4	6	interaction_distance	state_1:state_3	54.29364190681388
4	6	interaction_distance	state_1:state_4	20.567786899741133
4	6	interaction_distance	state_1:state_5	58.05902847162404
4	6	interaction_distance	state_1:state_6	54.71831857776341
4	6	interaction_distance	state_1:state_7	33.0304714792433
4	6	interaction_distance	state_1:state_8	29.824611618254973
4	6	interaction_distance	state_2:state_0	22.385250503471223
4	6	interaction_distance	state_2:state_1	53.72853150756397
4	6	interaction_distance	state_2:state_2	47.593878969237416
4	6	interaction_distance	state_2:state_3	55.896365643861536
4	6	interaction_distance	state_2:state_4	18.37081271603059
4	6	interaction_distance	state_2:state_5	60.102438044149416
4	6	interaction_distance	state_2:state_6	53.72584325441859
4	6	interaction_distance	state_2:state_7	35.71617928917601
4	6	interaction_distance	state_2:state_8	26.238884381001718
4	6	interaction_distance	state_3:state_0	19.326757743289626
4	6	interaction_distance	state_3:state_1	54.29364190681388
4	6	interaction_distance	state_3:state_2	48.37627142860323
4	6	interaction_distance	state_3:state_3	64.03907119271074
4	6	interaction_distance	state_3:state_4	18.63599398658705
4	6	interaction_distance	state_3:state_5	60.73830658937538
4	6	interaction_distance	state_3:state_6	57.841447857497855
4	6	interaction_distance	state_3:state_7	34.372292733874374
4	6	interaction_distance	state_3:state_8	30.713152324900342
4	6	interaction_distance	state_4:state_0	21.264442001258477
4	6	interaction_distance	state_4:state_1	53.62678773022023
4	6	interaction_distance	state_4:state_2	46.53297465437087
4	6	interaction_distance	state_4:state_3	55.26548959027189
4	6	interaction_distance	state_4:state_4	18.62079569154158
4	6	interaction_distance	state_4:state_5	59.78515061618372
4	6	interaction_distance	state_4:state_6	54.3194322434343
4	6	interaction_distance	state_4:state_7	34.98215760969634
4	6	interaction_distance	state_4:state_8	26.601710256906028
4	6	interaction_distance	state_5:state_0	15.696488118634047
4	6	interaction_distance	state_5:state_1	58.05902847162404
4	6	interaction_distance	state_5:state_2	53.04097282586682
4	6	interaction_distance	state_5:state_3	60.738306589375384
4	6	interaction_distance	state_5:state_4	23.61462758002669
4	6	interaction_distance	state_5:state_5	63.60652411662367
4	6	interaction_distance	state_5:state_6	61.51075664387059
4	6	interaction_distance	state_5:state_7	37.186895947448804
4	6	interaction_distance	state_5:state_8	35.00250559688704
4	6	interaction_distance	state_6:state_0	23.915866936458997
4	6	interaction_distance	state_6:state_1	54.71831857776341
4	6	interaction_distance	state_6:state_2	45.47872815323996
4	6	interaction_distance	state_6:state_3	57.84144785749785
4	6	interaction_distance	state_6:state_4	17.485539009708447
4	6	interaction_distance	state_6:state_5	61.51075664387058
4	6	interaction_distance	state_6:state_6	53.26851445743797
4	6	interaction_distance	state_6:state_7	36.00051609421656
4	6	interaction_distance	state_6:state_8	23.2266157801164
4	6	interaction_distance	state_7:state_0	16.417800012989908
4	6	interaction_distance	state_7:state_1	51.205181286565676
4	6	interaction_distance	state_7:state_2	46.417100503992785
4	6	interaction_distance	state_7:state_3	52.949142678740024
4	6	interaction_distance	state_7:state_4	19.840522983803908
4	6	interaction_distance	state_7:state_5	57.41170775917025
4	6	interaction_distance	state_7:state_6	53.97777124499336
4	6	interaction_distance	state_7:state_7	32.42914609975109
4	6	interaction_distance	state_7:state_8	29.123081556516446
4	6	interaction_distance	state_8:state_0	22.544435425032045
4	6	interaction_distance	state_8:state_1	52.8635198408397
4	6	interaction_distance	state_8:state_2	45.029239397055164
4	6	interaction_distance	state_8:state_3	55.13512033287082
4	6	interaction_distance	state_8:state_4	17.08186809597821
4	6	interaction_distance	state_8:state_5	59.17731604220322
4	6	interaction_distance	state_8:state_6	52.614631025550025
4	6	interaction_distance	state_8:state_7	34.85265026429361
4	6	interaction_distance	state_8:state_8	24.761362458091394
4	8	moran_i	state_0	0.42402401749099894
4	8	geary_c	state_0	0.6391478032915276
4	8	moran_i	state_1	-0.012247080844995106
4	8	geary_c	state_1	0.9985036545146627
4	8	moran_i	state_2	0.04242875279078931
4	8	geary_c	state_2	0.9327857549358666
4	8	moran_i	state_3	-0.006600660066006598
4	8	geary_c	state_3	0.9845526219288596
4	8	moran_i	state_4	0.17410400057458889
4	8	geary_c	state_4	0.8714608920491275
4	8	moran_i	state_5	-0.009734513274336287
4	8	geary_c	state_5	0.9880832662912311
4	8	moran_i	state_6	0.007493777020830611
4	8	geary_c	state_6	0.9938687278920477
4	8	moran_i	state_7	0.026650384141136272
4	8	geary_c	state_7	0.9763753201176137
4	8	moran_i	state_8	0.16506935687263558
4	8	geary_c	state_8	0.8479058565728815
4	8	interaction_distance	state_0:state_0	13.633977253560301
4	8	interaction_distance	state_0:state_1	49.616901495157
4	8	interaction_distance	state_0:state_2	52.54099845407124
4	8	interaction_distance	state_0:state_3	48.700217346844
4	8	interaction_distance	state_0:state_4	22.414998499562632
4	8	interaction_distance	state_0:state_5	54.52095816970745
4	8	interaction_distance	state_0:state_6	55.910748106732456
4	8	interaction_distance	state_0:state_7	30.59005149929809
4	8	interaction_distance	state_0:state_8	33.88177342675873
4	8	interaction_distance	state_1:state_0	16.865334627766533
4	8	interaction_distance	state_1:state_1	51.34218836752269
4	8	interaction_distance	state_1:state_2	51.72909169716821
4	8	interaction_distance	state_1:state_3	50.2909239600859
4	8	interaction_distance	state_1:state_4	20.630682013596182
4	8	interaction_distance	state_1:state_5	54.47607407418123
4	8	interaction_distance	state_1:state_6	56.123158511461185
4	8	interaction_distance	state_1:state_7	31.326461036573612
4	8	interaction_distance	state_1:state_8	31.728610334235036
4	8	interaction_distance	state_2:state_0	24.551988515613242
4	8	interaction_distance	state_2:state_1	52.44995669069654
4	8	interaction_distance	state_2:state_2	52.937742482319074
4	8	interaction_distance	state_2:state_3	54.37363906307813
4	8	interaction_distance	state_2:state_4	18.62558056367963
4	8	interaction_distance	state_2:state_5	57.09962114610887
4	8	interaction_distance	state_2:state_6	57.607533740870124
4	8	interaction_distance	state_2:state_7	33.744081527719764
4	8	interaction_distance	state_2:state_8	27.65646361068307
4	8	interaction_distance	state_3:state_0	16.162225347304858
4	8	interaction_distance	state_3:state_1	48.815770299240114
4	8	interaction_distance	state_3:state_2	52.20284790142058
4	8	interaction_distance	state_3:state_3	43.38984328057859
4	8	interaction_distance	state_3:state_4	20.95119135392049
4	8	interaction_distance	state_3:state_5	61.639681438109946
4	8	interaction_distance	state_3:state_6	49.31753241966649
4	8	interaction_distance	state_3:state_7	30.133467319008336
4	8	interaction_distance	state_3:state_8	31.854760572127113
4	8	interaction_distance	state_4:state_0	22.105838985989944
4	8	interaction_distance	state_4:state_1	50.67156165902909
4	8	interaction_distance	state_4:state_2	50.64220606947275
4	8	interaction_distance	state_4:state_3	51.37511485369026
4	8	interaction_distance	state_4:state_4	18.786726959180033
4	8	interaction_distance	state_4:state_5	56.06787088631858
4	8	interaction_distance	state_4:state_6	55.17313394145516
4	8	interaction_distance	state_4:state_7	31.998581555978284
4	8	interaction_distance	state_4:state_8	28.07434849416363
4	8	interaction_distance	state_5:state_0	16.319014389198948
4	8	interaction_distance	state_5:state_1	52.846631825168245
4	8	interaction_distance	state_5:state_2	54.83017201464497
4	8	interaction_distance	state_5:state_3	61.639681438109946
4	8	interaction_distance	state_5:state_4	24.580837522083037
4	8	interaction_distance	state_5:state_5	52.62133469408311
4	8	interaction_distance	state_5:state_6	64.34932081615935
4	8	interaction_distance	state_5:state_7	33.89534189561144
4	8	interaction_distance	state_5:state_8	36.919618488131725
4	8	interaction_distance	state_6:state_0	22.818100464124115
4	8	interaction_distance	state_6:state_1	54.48256481968442
4	8	interaction_distance	state_6:state_2	55.112438629250015
4	8	interaction_distance	state_6:state_3	49.31753241966649
4	8	interaction_distance	state_6:state_4	20.322846246599926
4	8	interaction_distance	state_6:state_5	64.34932081615935
4	8	interaction_distance	state_6:state_6	57.15894809868072
4	8	interaction_distance	state_6:state_7	34.83825605486285
4	8	interaction_distance	state_6:state_8	30.031711450047148
4	8	interaction_distance	state_7:state_0	17.473904256776652
4	8	interaction_distance	state_7:state_1	49.2872773894544
4	8	interaction_distance	state_7:state_2	50.750227074970404
4	8	interaction_distance	state_7:state_3	49.119499798025515
4	8	interaction_distance	state_7:state_4	20.16219065371838
4	8	interaction_distance	state_7:state_5	54.375340251164374
4	8	interaction_distance	state_7:state_6	54.95828294579414
4	8	interaction_distance	state_7:state_7	31.25420194235384
4	8	interaction_distance	state_7:state_8	30.892946830665707
4	8	interaction_distance	state_8:state_0	24.780002056876565
4	8	interaction_distance	state_8:state_1	52.165886315432104
4	8	interaction_distance	state_8:state_2	51.21079690051798
4	8	interaction_distance	state_8:state_3	52.1341855314055
4	8	interaction_distance	state_8:state_4	17.8997037435829
4	8	interaction_distance	state_8:state_5	58.473603916774685
4	8	interaction_distance	state_8:state_6	54.84811089341545
4	8	interaction_distance	state_8:state_7	33.15980700986903
4	8	interaction_distance	state_8:state_8	27.156661583328617
4	10	moran_i	state_0	0.4229260095162726
4	10	geary_c	state_0	0.6585441275610401
4	10	moran_i	state_1	0.07325574177529479
4	10	geary_c	state_1	0.9781424581005586
4	10	moran_i	state_2	0.012313783910929903
4	10	geary_c	state_2	0.9585963227222831
4	10	moran_i	state_3	-0.0029045643153527015
4	10	geary_c	state_3	1.01042531120332
4	10	moran_i	state_4	0.18963164627546172
4	10	geary_c	state_4	0.8528717158132976
4	10	moran_i	state_5	0.05972544878563886
4	10	geary_c	state_5	0.9563093980992607
4	10	moran_i	state_6	0.014061624649859942
4	10	geary_c	state_6	0.9588970588235292
4	10	moran_i	state_7	0.034573474904550934
4	10	geary_c	state_7	1.013905609898838
4	10	moran_i	state_8	0.16877143466631667
4	10	geary_c	state_8	0.8504274626277876
4	10	interaction_distance	state_0:state_0	13.73973700038477
4	10	interaction_distance	state_0:state_1	39.63828048265231
4	10	interaction_distance	state_0:state_2	50.739725697045
4	10	interaction_distance	state_0:state_3	46.67480008858781
4	10	interaction_distance	state_0:state_4	21.460348180721972
4	10	interaction_distance	state_0:state_5	53.340153939964324
4	10	interaction_distance	state_0:state_6	55.159602751284375
4	10	interaction_distance	state_0:state_7	37.42899308543938
4	10	interaction_distance	state_0:state_8	32.490785811427706
4	10	interaction_distance	state_1:state_0	16.935653110794302
4	10	interaction_distance	state_1:state_1	42.00776491506117
4	10	interaction_distance	state_1:state_2	51.01378891199772
4	10	interaction_distance	state_1:state_3	47.30314787113971
4	10	interaction_distance	state_1:state_4	21.22881828953422
4	10	interaction_distance	state_1:state_5	54.62013488578084
4	10	interaction_distance	state_1:state_6	55.02561533971781
4	10	interaction_distance	state_1:state_7	38.259133002687236
4	10	interaction_distance	state_1:state_8	29.761662597816862
4	10	interaction_distance	state_2:state_0	22.528748305749
4	10	interaction_distance	state_2:state_1	43.92986940239962
4	10	interaction_distance	state_2:state_2	52.835538417663216
4	10	interaction_distance	state_2:state_3	47.0941359066364
4	10	interaction_distance	state_2:state_4	20.311284276969502
4	10	interaction_distance	state_2:state_5	55.53178039163274
4	10	interaction_distance	state_2:state_6	54.27321243530577
4	10	interaction_distance	state_2:state_7	40.738661537549405
4	10	interaction_distance	state_2:state_8	26.72267014361103
4	10	interaction_distance	state_3:state_0	18.523706450452217
4	10	interaction_distance	state_3:state_1	38.5531628889928
4	10	interaction_distance	state_3:state_2	42.7506446448654
4	10	interaction_distance	state_3:state_3	40.20330009258291
4	10	interaction_distance	state_3:state_4	16.962522253677957
4	10	interaction_distance	state_3:state_5	46.07762450738074
4	10	interaction_distance	state_3:state_6	42.87175025085163
4	10	interaction_distance	state_3:state_7	35.97383749934891
4	10	interaction_distance	state_3:state_8	21.375113970285167
4	10	interaction_distance	state_4:state_0	20.322141379736948
4	10	interaction_distance	state_4:state_1	41.04940770432111
4	10	interaction_distance	state_4:state_2	48.98183191106142
4	10	interaction_distance	state_4:state_3	44.446580277312776
4	10	interaction_distance	state_4:state_4	18.127815121310295
4	10	interaction_distance	state_4:state_5	52.66732822875808
4	10	interaction_distance	state_4:state_6	52.46013563475345
4	10	interaction_distance	state_4:state_7	37.69879521587536
4	10	interaction_distance	state_4:state_8	26.211672816647084
4	10	interaction_distance	state_5:state_0	19.151199549077457
4	10	interaction_distance	state_5:state_1	42.75894761365603
4	10	interaction_distance	state_5:state_2	50.713873070553404
4	10	interaction_distance	state_5:state_3	46.07762450738074
4	10	interaction_distance	state_5:state_4	20.016854517963708
4	10	interaction_distance	state_5:state_5	54.181288717795695
4	10	interaction_distance	state_5:state_6	54.24416425897574
4	10	interaction_distance	state_5:state_7	39.4964454078574
4	10	interaction_distance	state_5:state_8	28.206679878152062
4	10	interaction_distance	state_6:state_0	23.723779901829413
4	10	interaction_distance	state_6:state_1	43.73916787095498
4	10	interaction_distance	state_6:state_2	49.04276872465159
4	10	interaction_distance	state_6:state_3	42.87175025085163
4	10	interaction_distance	state_6:state_4	18.6351333577803
4	10	interaction_distance	state_6:state_5	54.24416425897574
4	10	interaction_distance	state_6:state_6	53.542651506374106
4	10	interaction_distance	state_6:state_7	40.219537689360855
4	10	interaction_distance	state_6:state_8	22.890235768474085
4	10	interaction_distance	state_7:state_0	18.344345532301812
4	10	interaction_distance	state_7:state_1	41.63238164763711
4	10	interaction_distance	state_7:state_2	50.98030055678149
4	10	interaction_distance	state_7:state_3	47.428176877676016
4	10	interaction_distance	state_7:state_4	20.380381571105236
4	10	interaction_distance	state_7:state_5	54.60455243892382
4	10	interaction_distance	state_7:state_6	54.86347040798134
4	10	interaction_distance	state_7:state_7	39.565567637042484
4	10	interaction_distance	state_7:state_8	28.662826210350556
4	10	interaction_distance	state_8:state_0	24.56892276168194
4	10	interaction_distance	state_8:state_1	43.79973191383871
4	10	interaction_distance	state_8:state_2	50.203292255389464
4	10	interaction_distance	state_8:state_3	45.63057163476439
4	10	interaction_distance	state_8:state_4	18.782960763740256
4	10	interaction_distance	state_8:state_5	55.06496441549071
4	10	interaction_distance	state_8:state_6	52.916293171255056
4	10	interaction_distance	state_8:state_7	40.078265888262955
4	10	interaction_distance	state_8:state_8	24.215715568412673
5	1	moran_i	state_0	0.07187339294897434
5	1	geary_c	state_0	0.958374253614079
5	1	moran_i	state_1	0.19892229909526346
5	1	geary_c	state_1	0.8869773649547631
5	1	moran_i	state_2	0.08876442146584328
5	1	geary_c	state_2	0.9221222892431422
5	1	moran_i	state_3	0.2565759832407846
5	1	geary_c	state_3	0.8312497309629374
5	1	moran_i	state_4	0.0842819087499939
5	1	geary_c	state_4	0.9486271459675717
5	1	moran_i	state_5	0.02347592883307168
5	1	geary_c	state_5	0.9876406331763471
5	1	moran_i	state_6	0.020173074048685444
5	1	geary_c	state_6	0.9897873168368375
5	1	moran_i	state_7	0.20150726790914575
5	1	geary_c	state_7	0.8701330603250508
5	1	moran_i	state_8	0.05815206602195058
5	1	geary_c	state_8	0.9342098919486118
5	1	interaction_distance	state_0:state_0	15.761581812675571
5	1	interaction_distance	state_0:state_1	48.07813990956893
5	1	interaction_distance	state_0:state_2	49.0725180779919
5	1	interaction_distance	state_0:state_3	25.814803503676956
5	1	interaction_distance	state_0:state_4	12.229315492742355
5	1	interaction_distance	state_0:state_5	52.45334127469969
5	1	interaction_distance	state_0:state_6	21.35670263966899
5	1	interaction_distance	state_0:state_7	14.442079855473407
5	1	interaction_distance	state_0:state_8	56.54165868594189
5	1	interaction_distance	state_1:state_0	18.22140200629848
5	1	interaction_distance	state_1:state_1	44.68711847332167
5	1	interaction_distance	state_1:state_2	58.01712073271287
5	1	interaction_distance	state_1:state_3	26.27946224291515
5	1	interaction_distance	state_1:state_4	11.758627002209154
5	1	interaction_distance	state_1:state_5	55.157420631888456
5	1	interaction_distance	state_1:state_6	22.799853287306618
5	1	interaction_distance	state_1:state_7	17.40718262311874
5	1	interaction_distance	state_1:state_8	57.777767413511356
5	1	interaction_distance	state_2:state_0	14.160665921036294
5	1	interaction_distance	state_2:state_1	50.11516451721219
5	1	interaction_distance	state_2:state_2	43.097314134137115
5	1	interaction_distance	state_2:state_3	27.49717688695431
5	1	interaction_distance	state_2:state_4	13.0990850351563
5	1	interaction_distance	state_2:state_5	52.08624022485663
5	1	interaction_distance	state_2:state_6	21.907265302748705
5	1	interaction_distance	state_2:state_7	11.902869547372541
5	1	interaction_distance	state_2:state_8	55.764823845547966
5	1	interaction_distance	state_3:state_0	16.358888459834404
5	1	interaction_distance	state_3:state_1	45.24945619548762
5	1	interaction_distance	state_3:state_2	51.53180565438369
5	1	interaction_distance	state_3:state_3	22.923108171928614
5	1	interaction_distance	state_3:state_4	11.563945055424977
5	1	interaction_distance	state_3:state_5	50.71118121787031
5	1	interaction_distance	state_3:state_6	20.381073755778853
5	1	interaction_distance	state_3:state_7	16.599297910614098
5	1	interaction_distance	state_3:state_8	55.107197378296696
5	1	interaction_distance	state_4:state_0	16.29637399799949
5	1	interaction_distance	state_4:state_1	46.380799450881476
5	1	interaction_distance	state_4:state_2	51.38987071236356
5	1	interaction_distance	state_4:state_3	25.119177770056613
5	1	interaction_distance	state_4:state_4	11.606443765458563
5	1	interaction_distance	state_4:state_5	51.394685985400685
5	1	interaction_distance	state_4:state_6	20.577784588444143
5	1	interaction_distance	state_4:state_7	15.326747898531897
5	1	interaction_distance	state_4:state_8	56.25735127450319
5	1	interaction_distance	state_5:state_0	16.729293636962844
5	1	interaction_distance	state_5:state_1	46.50700329871386
5	1	interaction_distance	state_5:state_2	52.08624022485663
5	1	interaction_distance	state_5:state_3	25.65924605829546
5	1	interaction_distance	state_5:state_4	11.595533789797182
5	1	interaction_distance	state_5:state_5	51.699916176876236
5	1	interaction_distance	state_5:state_6	20.224569761471788
5	1	interaction_distance	state_5:state_7	15.58507879092279
5	1	interaction_distance	state_5:state_8	56.166322550769365
5	1	interaction_distance	state_6:state_0	16.322481508048302
5	1	interaction_distance	state_6:state_1	46.93390866841043
5	1	interaction_distance	state_6:state_2	51.56217497536184
5	1	interaction_distance	state_6:state_3	25.156003632156633
5	1	interaction_distance	state_6:state_4	11.340922297914306
5	1	interaction_distance	state_6:state_5	50.818085465858395
5	1	interaction_distance	state_6:state_6	20.157522817961983
5	1	interaction_distance	state_6:state_7	15.017897663190956
5	1	interaction_distance	state_6:state_8	56.37458236718664
5	1	interaction_distance	state_7:state_0	15.390333432997316
5	1	interaction_distance	state_7:state_1	48.4244126936782
5	1	interaction_distance	state_7:state_2	48.32846319313133
5	1	interaction_distance	state_7:state_3	26.640008364337863
5	1	interaction_distance	state_7:state_4	12.36781643923504
5	1	interaction_distance	state_7:state_5	52.35865064808963
5	1	interaction_distance	state_7:state_6	21.047107939860048
5	1	interaction_distance	state_7:state_7	12.88654862272079
5	1	interaction_distance	state_7:state_8	56.6056353466923
5	1	interaction_distance	state_8:state_0	17.027432830236744
5	1	interaction_distance	state_8:state_1	48.06851138202332
5	1	interaction_distance	state_8:state_2	55.764823845547966
5	1	interaction_distance	state_8:state_3	25.58695057264388
5	1	interaction_distance	state_8:state_4	13.310243129684421
5	1	interaction_distance	state_8:state_5	56.166322550769365
5	1	interaction_distance	state_8:state_6	23.824963049860372
5	1	interaction_distance	state_8:state_7	16.57416085682001
5	1	interaction_distance	state_8:state_8	59.6295125861026
5	2	moran_i	state_0	0.0815184667490995
5	2	geary_c	state_0	0.9483173367695285
5	2	moran_i	state_1	0.11693063659895582
5	2	geary_c	state_1	0.9487806015004606
5	2	moran_i	state_2	0.04031936127744512
5	2	geary_c	state_2	0.9767075224550897
5	2	moran_i	state_3	0.2385834333733493
5	2	geary_c	state_3	0.8357116596638655
5	2	moran_i	state_4	0.07371304791029566
5	2	geary_c	state_4	0.9642003535932726
5	2	moran_i	state_5	0.042147117296222676
5	2	geary_c	state_5	0.9287478255467202
5	2	moran_i	state_6	0.015348649069128247
5	2	geary_c	state_6	0.9887445936835554
5	2	moran_i	state_7	0.09443819522559685
5	2	geary_c	state_7	0.9376342280131653
5	2	moran_i	state_8	0.08707133687878231
5	2	geary_c	state_8	0.8735466715569409
5	2	interaction_distance	state_0:state_0	15.273550168893063
5	2	interaction_distance	state_0:state_1	55.48687608083926
5	2	interaction_distance	state_0:state_2	48.15110489723255
5	2	interaction_distance	state_0:state_3	43.35966981167304
5	2	interaction_distance	state_0:state_4	11.038464645693756
5	2	interaction_distance	state_0:state_5	56.21066752697458
5	2	interaction_distance	state_0:state_6	18.572053058493015
5	2	interaction_distance	state_0:state_7	12.985801195905859
5	2	interaction_distance	state_0:state_8	54.35451738971814
5	2	interaction_distance	state_1:state_0	17.541221734564733
5	2	interaction_distance	state_1:state_1	53.36423679823166
5	2	interaction_distance	state_1:state_2	55.095297143504574
5	2	interaction_distance	state_1:state_3	42.73545876324817
5	2	interaction_distance	state_1:state_4	10.799665113159483
5	2	interaction_distance	state_1:state_5	49.45182053704884
5	2	interaction_distance	state_1:state_6	18.668212060877234
5	2	interaction_distance	state_1:state_7	15.164654399509425
5	2	interaction_distance	state_1:state_8	52.58216912644493
5	2	interaction_distance	state_2:state_0	13.307016035953982
5	2	interaction_distance	state_2:state_1	55.095297143504574
5	2	interaction_distance	state_2:state_2	41.69434280579376
5	2	interaction_distance	state_2:state_3	43.893599025739945
5	2	interaction_distance	state_2:state_4	11.640228538413124
5	2	interaction_distance	state_2:state_5	56.55801717757441
5	2	interaction_distance	state_2:state_6	18.209457113655546
5	2	interaction_distance	state_2:state_7	11.960546792534315
5	2	interaction_distance	state_2:state_8	57.30550023870668
5	2	interaction_distance	state_3:state_0	16.215933046730992
5	2	interaction_distance	state_3:state_1	51.99961718279427
5	2	interaction_distance	state_3:state_2	53.32028575337154
5	2	interaction_distance	state_3:state_3	40.88782384363693
5	2	interaction_distance	state_3:state_4	11.333891394141295
5	2	interaction_distance	state_3:state_5	48.92735302161604
5	2	interaction_distance	state_3:state_6	18.829952746011244
5	2	interaction_distance	state_3:state_7	15.31038252162406
5	2	interaction_distance	state_3:state_8	49.48071220974582
5	2	interaction_distance	state_4:state_0	16.091236345418807
5	2	interaction_distance	state_4:state_1	54.07986069463247
5	2	interaction_distance	state_4:state_2	49.412825858279284
5	2	interaction_distance	state_4:state_3	43.02333613140899
5	2	interaction_distance	state_4:state_4	10.768352496294003
5	2	interaction_distance	state_4:state_5	53.68799650488937
5	2	interaction_distance	state_4:state_6	18.25923475435869
5	2	interaction_distance	state_4:state_7	13.295447909667406
5	2	interaction_distance	state_4:state_8	54.17685699434356
5	2	interaction_distance	state_5:state_0	18.652830026290257
5	2	interaction_distance	state_5:state_1	49.45182053704884
5	2	interaction_distance	state_5:state_2	56.558017177574406
5	2	interaction_distance	state_5:state_3	39.67858958359576
5	2	interaction_distance	state_5:state_4	11.743136078742959
5	2	interaction_distance	state_5:state_5	44.09062736293508
5	2	interaction_distance	state_5:state_6	19.18965165362226
5	2	interaction_distance	state_5:state_7	17.011782471439655
5	2	interaction_distance	state_5:state_8	48.6519069442059
5	2	interaction_distance	state_6:state_0	16.009350944855324
5	2	interaction_distance	state_6:state_1	53.07560803703989
5	2	interaction_distance	state_6:state_2	49.0850946218504
5	2	interaction_distance	state_6:state_3	42.380959964333286
5	2	interaction_distance	state_6:state_4	10.489552594342904
5	2	interaction_distance	state_6:state_5	52.31956554218205
5	2	interaction_distance	state_6:state_6	18.162190482939074
5	2	interaction_distance	state_6:state_7	13.18438727917107
5	2	interaction_distance	state_6:state_8	53.4235923568112
5	2	interaction_distance	state_7:state_0	15.615847599455046
5	2	interaction_distance	state_7:state_1	54.74910958055022
5	2	interaction_distance	state_7:state_2	48.34477218184819
5	2	interaction_distance	state_7:state_3	43.31845207091977
5	2	interaction_distance	state_7:state_4	10.803214188600874
5	2	interaction_distance	state_7:state_5	54.9224642201644
5	2	interaction_distance	state_7:state_6	18.374657481897135
5	2	interaction_distance	state_7:state_7	12.425818783682226
5	2	interaction_distance	state_7:state_8	54.38748144451738
5	2	interaction_distance	state_8:state_0	15.972993823219543
5	2	interaction_distance	state_8:state_1	52.582169126444924
5	2	interaction_distance	state_8:state_2	57.30550023870668
5	2	interaction_distance	state_8:state_3	38.682585988760124
5	2	interaction_distance	state_8:state_4	12.6829061799879
5	2	interaction_distance	state_8:state_5	48.6519069442059
5	2	interaction_distance	state_8:state_6	20.393893027547985
5	2	interaction_distance	state_8:state_7	15.270896891853402
5	2	interaction_distance	state_8:state_8	46.66146717755303
5	3	moran_i	state_0	0.06315325393169702
5	3	geary_c	state_0	0.9621347140883063
5	3	moran_i	state_1	0.10128060263653482
5	3	geary_c	state_1	0.9612813873195232
5	3	moran_i	state_2	0.05841537740271915
5	3	geary_c	state_2	0.9180519277565685
5	3	moran_i	state_3	0.32741721854304645
5	3	geary_c	state_3	0.7740208136234628
5	3	moran_i	state_4	0.018460899001981314
5	3	geary_c	state_4	0.9807018459421144
5	3	moran_i	state_5	0.02259012016021362
5	3	geary_c	state_5	0.9503813417890521
5	3	moran_i	state_6	0.05702683615819214
5	3	geary_c	state_6	0.9694645274246705
5	3	moran_i	state_7	0.07750322346328657
5	3	geary_c	state_7	0.9563695575774598
5	3	moran_i	state_8	0.17855173291477547
5	3	geary_c	state_8	0.7991664192084169
5	3	interaction_distance	state_0:state_0	15.700756591084165
5	3	interaction_distance	state_0:state_1	55.70556595544203
5	3	interaction_distance	state_0:state_2	46.44628005174578
5	3	interaction_distance	state_0:state_3	52.45503494405297
5	3	interaction_distance	state_0:state_4	10.081044040516055
5	3	interaction_distance	state_0:state_5	51.752075419407355
5	3	interaction_distance	state_0:state_6	15.432595324436635
5	3	interaction_distance	state_0:state_7	12.678863665892475
5	3	interaction_distance	state_0:state_8	46.60436651679433
5	3	interaction_distance	state_1:state_0	18.867607439256425
5	3	interaction_distance	state_1:state_1	44.39537283230941
5	3	interaction_distance	state_1:state_2	57.46836580718987
5	3	interaction_distance	state_1:state_3	47.92356361323628
5	3	interaction_distance	state_1:state_4	9.833768936727786
5	3	interaction_distance	state_1:state_5	48.385146800601284
5	3	interaction_distance	state_1:state_6	16.3623282038118
5	3	interaction_distance	state_1:state_7	14.930233115192468
5	3	interaction_distance	state_1:state_8	61.09397636076576
5	3	interaction_distance	state_2:state_0	14.121957302135984
5	3	interaction_distance	state_2:state_1	57.46836580718988
5	3	interaction_distance	state_2:state_2	40.40453940372583
5	3	interaction_distance	state_2:state_3	53.1801158351019
5	3	interaction_distance	state_2:state_4	10.424714082377285
5	3	interaction_distance	state_2:state_5	51.39693980399791
5	3	interaction_distance	state_2:state_6	15.0416265615785
5	3	interaction_distance	state_2:state_7	11.450856235698161
5	3	interaction_distance	state_2:state_8	41.958034153522505
5	3	interaction_distance	state_3:state_0	16.333096426430682
5	3	interaction_distance	state_3:state_1	47.92356361323628
5	3	interaction_distance	state_3:state_2	53.180115835101894
5	3	interaction_distance	state_3:state_3	44.170913373179644
5	3	interaction_distance	state_3:state_4	10.94861962111254
5	3	interaction_distance	state_3:state_5	47.227217479321
5	3	interaction_distance	state_3:state_6	17.07108676062916
5	3	interaction_distance	state_3:state_7	15.151654041950264
5	3	interaction_distance	state_3:state_8	44.73927026368978
5	3	interaction_distance	state_4:state_0	16.46113760181433
5	3	interaction_distance	state_4:state_1	54.54297906826261
5	3	interaction_distance	state_4:state_2	49.308921797190536
5	3	interaction_distance	state_4:state_3	53.22817139919444
5	3	interaction_distance	state_4:state_4	10.118933128102812
5	3	interaction_distance	state_4:state_5	52.24519124644044
5	3	interaction_distance	state_4:state_6	15.575007424010774
5	3	interaction_distance	state_4:state_7	12.96242755571317
5	3	interaction_distance	state_4:state_8	51.05708496838402
5	3	interaction_distance	state_5:state_0	16.853633613674972
5	3	interaction_distance	state_5:state_1	48.38514680060129
5	3	interaction_distance	state_5:state_2	51.39693980399791
5	3	interaction_distance	state_5:state_3	47.227217479321006
5	3	interaction_distance	state_5:state_4	10.442780121056927
5	3	interaction_distance	state_5:state_5	50.89602738180722
5	3	interaction_distance	state_5:state_6	16.466814861954127
5	3	interaction_distance	state_5:state_7	14.686611457406176
5	3	interaction_distance	state_5:state_8	50.213300514242306
5	3	interaction_distance	state_6:state_0	16.45430241325649
5	3	interaction_distance	state_6:state_1	53.63700583500233
5	3	interaction_distance	state_6:state_2	47.45439625571972
5	3	interaction_distance	state_6:state_3	52.33691290704452
5	3	interaction_distance	state_6:state_4	9.973286565846008
5	3	interaction_distance	state_6:state_5	51.07162588040431
5	3	interaction_distance	state_6:state_6	14.997312076449894
5	3	interaction_distance	state_6:state_7	12.75827313972262
5	3	interaction_distance	state_6:state_8	49.51918029069996
5	3	interaction_distance	state_7:state_0	16.292336230825658
5	3	interaction_distance	state_7:state_1	56.659510425256734
5	3	interaction_distance	state_7:state_2	47.98931446829794
5	3	interaction_distance	state_7:state_3	54.50943219483679
5	3	interaction_distance	state_7:state_4	10.157103865516891
5	3	interaction_distance	state_7:state_5	53.31864867824815
5	3	interaction_distance	state_7:state_6	15.53344300020715
5	3	interaction_distance	state_7:state_7	12.351142009475975
5	3	interaction_distance	state_7:state_8	49.688453357948006
5	3	interaction_distance	state_8:state_0	13.829114395846924
5	3	interaction_distance	state_8:state_1	61.09397636076576
5	3	interaction_distance	state_8:state_2	41.95803415352249
5	3	interaction_distance	state_8:state_3	44.73927026368978
5	3	interaction_distance	state_8:state_4	12.628779110576463
5	3	interaction_distance	state_8:state_5	50.2133005142423
5	3	interaction_distance	state_8:state_6	16.73224864708149
5	3	interaction_distance	state_8:state_7	14.08099084840837
5	3	interaction_distance	state_8:state_8	21.539595340034385
5	4	moran_i	state_0	0.07308073623863101
5	4	geary_c	state_0	0.9452016609911346
5	4	moran_i	state_1	0.04189102564102564
5	4	geary_c	state_1	0.951048951048951
5	4	moran_i	state_2	0.03343200740055503
5	4	geary_c	state_2	0.9880234350909651
5	4	moran_i	state_3	0.24099530619527323
5	4	geary_c	state_3	0.8287447503499767
5	4	moran_i	state_4	0.015047268907563006
5	4	geary_c	state_4	0.9851311953352763
5	4	moran_i	state_5	-0.0063800277392510405
5	4	geary_c	state_5	1.0167888514629155
5	4	moran_i	state_6	0.028009865300701944
5	4	geary_c	state_6	0.9940970810635013
5	4	moran_i	state_7	0.08206456278370285
5	4	geary_c	state_7	0.9436401028988072
5	4	moran_i	state_8	0.054285714285714326
5	4	geary_c	state_8	0.9096510862409487
5	4	interaction_distance	state_0:state_0	16.947812484128068
5	4	interaction_distance	state_0:state_1	57.18834733119599
5	4	interaction_distance	state_0:state_2	53.88417082099829
5	4	interaction_distance	state_0:state_3	54.42809801438403
5	4	interaction_distance	state_0:state_4	10.084980798205423
5	4	interaction_distance	state_0:state_5	53.94154746624649
5	4	interaction_distance	state_0:state_6	14.973762943857743
5	4	interaction_distance	state_0:state_7	13.092830055921645
5	4	interaction_distance	state_0:state_8	53.04669148104077
5	4	interaction_distance	state_1:state_0	20.132893570232973
5	4	interaction_distance	state_1:state_1	55.62197791220462
5	4	interaction_distance	state_1:state_2	64.25660119842138
5	4	interaction_distance	state_1:state_3	54.210646531299396
5	4	interaction_distance	state_1:state_4	10.564924455522048
5	4	interaction_distance	state_1:state_5	54.87596412717018
5	4	interaction_distance	state_1:state_6	16.080763401909007
5	4	interaction_distance	state_1:state_7	15.928814693153997
5	4	interaction_distance	state_1:state_8	61.758729487029065
5	4	interaction_distance	state_2:state_0	17.638996871302187
5	4	interaction_distance	state_2:state_1	64.25660119842138
5	4	interaction_distance	state_2:state_2	56.137735022211544
5	4	interaction_distance	state_2:state_3	60.6125492855412
5	4	interaction_distance	state_2:state_4	10.26403324066063
5	4	interaction_distance	state_2:state_5	60.11476920436542
5	4	interaction_distance	state_2:state_6	16.07906575897553
5	4	interaction_distance	state_2:state_7	11.719979139183371
5	4	interaction_distance	state_2:state_8	52.67453889211138
5	4	interaction_distance	state_3:state_0	17.83824264551002
5	4	interaction_distance	state_3:state_1	54.210646531299396
5	4	interaction_distance	state_3:state_2	60.612549285541206
5	4	interaction_distance	state_3:state_3	53.03796028659496
5	4	interaction_distance	state_3:state_4	11.24513097057345
5	4	interaction_distance	state_3:state_5	54.096117152754964
5	4	interaction_distance	state_3:state_6	16.629790257223558
5	4	interaction_distance	state_3:state_7	15.797261232547338
5	4	interaction_distance	state_3:state_8	55.767732823554645
5	4	interaction_distance	state_4:state_0	17.61816720550274
5	4	interaction_distance	state_4:state_1	57.45800451321791
5	4	interaction_distance	state_4:state_2	55.46798200071832
5	4	interaction_distance	state_4:state_3	55.37350453525026
5	4	interaction_distance	state_4:state_4	9.827972417038096
5	4	interaction_distance	state_4:state_5	53.92718218341813
5	4	interaction_distance	state_4:state_6	14.453231780372937
5	4	interaction_distance	state_4:state_7	12.979569281699966
5	4	interaction_distance	state_4:state_8	57.42674317738515
5	4	interaction_distance	state_5:state_0	18.512584042581953
5	4	interaction_distance	state_5:state_1	54.8759641271702
5	4	interaction_distance	state_5:state_2	60.114769204365416
5	4	interaction_distance	state_5:state_3	54.096117152754964
5	4	interaction_distance	state_5:state_4	10.504578757705016
5	4	interaction_distance	state_5:state_5	55.83893549389499
5	4	interaction_distance	state_5:state_6	15.429145143856635
5	4	interaction_distance	state_5:state_7	16.148581184586728
5	4	interaction_distance	state_5:state_8	62.91463980269831
5	4	interaction_distance	state_6:state_0	17.877611517762787
5	4	interaction_distance	state_6:state_1	56.837955245374005
5	4	interaction_distance	state_6:state_2	55.53878587710083
5	4	interaction_distance	state_6:state_3	55.0258964877496
5	4	interaction_distance	state_6:state_4	9.714662200857145
5	4	interaction_distance	state_6:state_5	53.219746244410715
5	4	interaction_distance	state_6:state_6	14.354886636049015
5	4	interaction_distance	state_6:state_7	12.913468532036314
5	4	interaction_distance	state_6:state_8	58.28226225876382
5	4	interaction_distance	state_7:state_0	17.825123695864818
5	4	interaction_distance	state_7:state_1	59.73563997894434
5	4	interaction_distance	state_7:state_2	54.53993609559924
5	4	interaction_distance	state_7:state_3	56.99739443819061
5	4	interaction_distance	state_7:state_4	10.071126249989998
5	4	interaction_distance	state_7:state_5	56.00933534784959
5	4	interaction_distance	state_7:state_6	14.912134302980045
5	4	interaction_distance	state_7:state_7	12.216784079870887
5	4	interaction_distance	state_7:state_8	55.08712002578001
5	4	interaction_distance	state_8:state_0	15.969005824448267
5	4	interaction_distance	state_8:state_1	61.758729487029065
5	4	interaction_distance	state_8:state_2	52.67453889211138
5	4	interaction_distance	state_8:state_3	55.767732823554645
5	4	interaction_distance	state_8:state_4	12.789568789647497
5	4	interaction_distance	state_8:state_5	62.91463980269831
5	4	interaction_distance	state_8:state_6	18.576898575689945
5	4	interaction_distance	state_8:state_7	13.972458105426833
5	4	interaction_distance	state_8:state_8	31.737800304062414
5	6	moran_i	state_0	0.07325721600528559
5	6	geary_c	state_0	0.9411752074988645
5	6	moran_i	state_1	0.06506498068141904
5	6	geary_c	state_1	0.978874839011825
5	6	moran_i	state_2	-0.0016172506738544473
5	6	geary_c	state_2	0.91749026654687
5	6	moran_i	state_3	0.0237961419385568
5	6	geary_c	state_3	0.9670231007382709
5	6	moran_i	state_4	0.02485058305960634
5	6	geary_c	state_4	0.9941406098271511
5	6	moran_i	state_5	0.03567372690401085
5	6	geary_c	state_5	0.9714240648940974
5	6	moran_i	state_6	0.05256454438413601
5	6	geary_c	state_6	0.9645644869475322
5	6	moran_i	state_7	0.08293330657711868
5	6	geary_c	state_7	0.9493068290256536
5	6	moran_i	state_8	-0.00035906642728904866
5	6	geary_c	state_8	0.9250000000000004
5	6	interaction_distance	state_0:state_0	19.357523230471553
5	6	interaction_distance	state_0:state_1	51.33578376925692
5	6	interaction_distance	state_0:state_2	49.863387080297514
5	6	interaction_distance	state_0:state_3	52.2951506985976
5	6	interaction_distance	state_0:state_4	9.957088960004162
5	6	interaction_distance	state_0:state_5	55.54815551482395
5	6	interaction_distance	state_0:state_6	14.02052471169353
5	6	interaction_distance	state_0:state_7	12.52029669080727
5	6	interaction_distance	state_0:state_8	46.8392963497475
5	6	interaction_distance	state_1:state_0	19.5550018233895
5	6	interaction_distance	state_1:state_1	48.8501795280291
5	6	interaction_distance	state_1:state_2	52.6670574809554
5	6	interaction_distance	state_1:state_3	49.43939130219025
5	6	interaction_distance	state_1:state_4	9.700354855733746
5	6	interaction_distance	state_1:state_5	60.395423658166095
5	6	interaction_distance	state_1:state_6	13.572281142545584
5	6	interaction_distance	state_1:state_7	13.670779786994874
5	6	interaction_distance	state_1:state_8	49.90860529448536
5	6	interaction_distance	state_2:state_0	19.690036451811384
5	6	interaction_distance	state_2:state_1	52.667057480955386
5	6	interaction_distance	state_2:state_2	50.267922527289066
5	6	interaction_distance	state_2:state_3	52.62011945959891
5	6	interaction_distance	state_2:state_4	10.271167101585464
5	6	interaction_distance	state_2:state_5	45.993844968529025
5	6	interaction_distance	state_2:state_6	14.59522352801106
5	6	interaction_distance	state_2:state_7	12.30532674132028
5	6	interaction_distance	state_2:state_8	38.16857897904754
5	6	interaction_distance	state_3:state_0	19.087242539782956
5	6	interaction_distance	state_3:state_1	49.43939130219026
5	6	interaction_distance	state_3:state_2	52.62011945959891
5	6	interaction_distance	state_3:state_3	52.60905328793841
5	6	interaction_distance	state_3:state_4	10.288218552647386
5	6	interaction_distance	state_3:state_5	60.98053554125272
5	6	interaction_distance	state_3:state_6	14.326656401216187
5	6	interaction_distance	state_3:state_7	13.18243883742435
5	6	interaction_distance	state_3:state_8	51.37448537471076
5	6	interaction_distance	state_4:state_0	19.91285341393767
5	6	interaction_distance	state_4:state_1	51.886629496613835
5	6	interaction_distance	state_4:state_2	48.76094149988908
5	6	interaction_distance	state_4:state_3	52.671613640667154
5	6	interaction_distance	state_4:state_4	9.707713015746506
5	6	interaction_distance	state_4:state_5	56.132686145220404
5	6	interaction_distance	state_4:state_6	13.621990566665879
5	6	interaction_distance	state_4:state_7	12.290953092929243
5	6	interaction_distance	state_4:state_8	50.19353472835501
5	6	interaction_distance	state_5:state_0	19.979994962290494
5	6	interaction_distance	state_5:state_1	60.395423658166095
5	6	interaction_distance	state_5:state_2	45.99384496852903
5	6	interaction_distance	state_5:state_3	60.98053554125271
5	6	interaction_distance	state_5:state_4	10.25404900663486
5	6	interaction_distance	state_5:state_5	46.29748936251803
5	6	interaction_distance	state_5:state_6	15.732796539441976
5	6	interaction_distance	state_5:state_7	15.017827465442304
5	6	interaction_distance	state_5:state_8	36.89042764252806
5	6	interaction_distance	state_6:state_0	20.227534681757287
5	6	interaction_distance	state_6:state_1	51.564182236782656
5	6	interaction_distance	state_6:state_2	50.662449310825984
5	6	interaction_distance	state_6:state_3	52.506223453475414
5	6	interaction_distance	state_6:state_4	9.780743429712896
5	6	interaction_distance	state_6:state_5	58.317609851145825
5	6	interaction_distance	state_6:state_6	13.411897451333456
5	6	interaction_distance	state_6:state_7	12.607657543226676
5	6	interaction_distance	state_6:state_8	52.26009228752157
5	6	interaction_distance	state_7:state_0	19.88309239617917
5	6	interaction_distance	state_7:state_1	52.639864788972794
5	6	interaction_distance	state_7:state_2	49.27837016013129
5	6	interaction_distance	state_7:state_3	53.28060367320073
5	6	interaction_distance	state_7:state_4	9.608462262219422
5	6	interaction_distance	state_7:state_5	56.448735654162796
5	6	interaction_distance	state_7:state_6	13.612028221227652
5	6	interaction_distance	state_7:state_7	11.547140120224459
5	6	interaction_distance	state_7:state_8	49.86755642071751
5	6	interaction_distance	state_8:state_0	14.784380950090378
5	6	interaction_distance	state_8:state_1	49.908605294485355
5	6	interaction_distance	state_8:state_2	38.16857897904754
5	6	interaction_distance	state_8:state_3	51.37448537471076
5	6	interaction_distance	state_8:state_4	10.54703801878424
5	6	interaction_distance	state_8:state_5	36.89042764252806
5	6	interaction_distance	state_8:state_6	14.984427187639096
5	6	interaction_distance	state_8:state_7	13.463410802128701
5	6	interaction_distance	state_8:state_8	
5	8	moran_i	state_0	0.07917625402669123
5	8	geary_c	state_0	0.9459906745738873
5	8	moran_i	state_1	-0.011740431622581185
5	8	geary_c	state_1	0.9810175288584867
5	8	moran_i	state_2	-0.002690205968894496
5	8	geary_c	state_2	1.0104525711083088
5	8	moran_i	state_3	0.008025237563959531
5	8	geary_c	state_3	0.9676143577116914
5	8	moran_i	state_4	0.02333673724976399
5	8	geary_c	state_4	0.9864683206044644
5	8	moran_i	state_5	-0.006247361756015198
5	8	geary_c	state_5	0.9670219501899538
5	8	moran_i	state_6	0.06428254290955408
5	8	geary_c	state_6	0.9845474974782001
5	8	moran_i	state_7	0.05798182833358707
5	8	geary_c	state_7	0.955299505383257
5	8	moran_i	state_8	-0.00092320604280319
5	8	geary_c	state_8	1.0379353755770047
5	8	interaction_distance	state_0:state_0	21.210636913451907
5	8	interaction_distance	state_0:state_1	52.4140041778453
5	8	interaction_distance	state_0:state_2	49.65957126527665
5	8	interaction_distance	state_0:state_3	52.248458615677066
5	8	interaction_distance	state_0:state_4	9.688144548440727
5	8	interaction_distance	state_0:state_5	56.71764482633436
5	8	interaction_distance	state_0:state_6	12.721358784993697
5	8	interaction_distance	state_0:state_7	12.638022995215065
5	8	interaction_distance	state_0:state_8	51.271555572240025
5	8	interaction_distance	state_1:state_0	20.9788181597007
5	8	interaction_distance	state_1:state_1	49.2509187397604
5	8	interaction_distance	state_1:state_2	51.049524437409254
5	8	interaction_distance	state_1:state_3	50.477315619927765
5	8	interaction_distance	state_1:state_4	9.481951370787977
5	8	interaction_distance	state_1:state_5	52.286495538524434
5	8	interaction_distance	state_1:state_6	11.790861037070632
5	8	interaction_distance	state_1:state_7	12.704119155526977
5	8	interaction_distance	state_1:state_8	53.97984913175846
5	8	interaction_distance	state_2:state_0	19.720177879819634
5	8	interaction_distance	state_2:state_1	51.04952443740925
5	8	interaction_distance	state_2:state_2	47.49955454197099
5	8	interaction_distance	state_2:state_3	48.35294406052324
5	8	interaction_distance	state_2:state_4	8.973298854653363
5	8	interaction_distance	state_2:state_5	56.707865670363056
5	8	interaction_distance	state_2:state_6	11.004966890272287
5	8	interaction_distance	state_2:state_7	10.803712044509744
5	8	interaction_distance	state_2:state_8	44.40465184210256
5	8	interaction_distance	state_3:state_0	20.32007638102066
5	8	interaction_distance	state_3:state_1	50.47731561992776
5	8	interaction_distance	state_3:state_2	48.35294406052324
5	8	interaction_distance	state_3:state_3	48.92315783240045
5	8	interaction_distance	state_3:state_4	9.834739391610487
5	8	interaction_distance	state_3:state_5	53.82366244385378
5	8	interaction_distance	state_3:state_6	12.8291569132801
5	8	interaction_distance	state_3:state_7	13.105787745349186
5	8	interaction_distance	state_3:state_8	53.66745161621214
5	8	interaction_distance	state_4:state_0	21.864213494706387
5	8	interaction_distance	state_4:state_1	51.18642270352651
5	8	interaction_distance	state_4:state_2	50.31891005756389
5	8	interaction_distance	state_4:state_3	52.94970351135201
5	8	interaction_distance	state_4:state_4	9.457981062254905
5	8	interaction_distance	state_4:state_5	55.782328178405606
5	8	interaction_distance	state_4:state_6	12.420675838830551
5	8	interaction_distance	state_4:state_7	11.973275206156806
5	8	interaction_distance	state_4:state_8	51.15866646253315
5	8	interaction_distance	state_5:state_0	21.765335812380737
5	8	interaction_distance	state_5:state_1	52.286495538524434
5	8	interaction_distance	state_5:state_2	56.70786567036307
5	8	interaction_distance	state_5:state_3	53.82366244385377
5	8	interaction_distance	state_5:state_4	9.901317536911096
5	8	interaction_distance	state_5:state_5	57.15904522643144
5	8	interaction_distance	state_5:state_6	12.49860095763887
5	8	interaction_distance	state_5:state_7	13.579682422518154
5	8	interaction_distance	state_5:state_8	60.87522582584846
5	8	interaction_distance	state_6:state_0	21.983230910389818
5	8	interaction_distance	state_6:state_1	51.32430094191626
5	8	interaction_distance	state_6:state_2	50.405645993797286
5	8	interaction_distance	state_6:state_3	53.592566015308655
5	8	interaction_distance	state_6:state_4	9.517520653037597
5	8	interaction_distance	state_6:state_5	56.024521321426484
5	8	interaction_distance	state_6:state_6	12.266875583091696
5	8	interaction_distance	state_6:state_7	12.056363354739272
5	8	interaction_distance	state_6:state_8	50.892628296444386
5	8	interaction_distance	state_7:state_0	22.06384993599041
5	8	interaction_distance	state_7:state_1	51.47391381269477
5	8	interaction_distance	state_7:state_2	50.06322821610394
5	8	interaction_distance	state_7:state_3	53.5124629947143
5	8	interaction_distance	state_7:state_4	9.365833194479746
5	8	interaction_distance	state_7:state_5	56.311916628941304
5	8	interaction_distance	state_7:state_6	12.292717836984274
5	8	interaction_distance	state_7:state_7	11.594052484118045
5	8	interaction_distance	state_7:state_8	50.30614875586849
5	8	interaction_distance	state_8:state_0	19.260558182184113
5	8	interaction_distance	state_8:state_1	53.979849131758456
5	8	interaction_distance	state_8:state_2	44.40465184210256
5	8	interaction_distance	state_8:state_3	53.667451616212155
5	8	interaction_distance	state_8:state_4	10.456830006416599
5	8	interaction_distance	state_8:state_5	60.87522582584847
5	8	interaction_distance	state_8:state_6	12.228146771968138
5	8	interaction_distance	state_8:state_7	12.418869023234615
5	8	interaction_distance	state_8:state_8	62.667926677354416
5	10	moran_i	state_0	0.07007328658457673
5	10	geary_c	state_0	0.9488978253679906
5	10	moran_i	state_1	0.0962837607614202
5	10	geary_c	state_1	0.9350924516729892
5	10	moran_i	state_2	-0.0027234042553191495
5	10	geary_c	state_2	0.9816680851063831
5	10	moran_i	state_3	-0.004177323103154312
5	10	geary_c	state_3	1.0061973098418122
5	10	moran_i	state_4	0.023131554831483613
5	10	geary_c	state_4	0.9837883407104825
5	10	moran_i	state_5	-0.0031502767134951007
5	10	geary_c	state_5	1.0689371363700861
5	10	moran_i	state_6	0.0373205411374931
5	10	geary_c	state_6	0.9894511076103545
5	10	moran_i	state_7	0.06993994548724075
5	10	geary_c	state_7	0.959372207917545
5	10	moran_i	state_8	-0.00033984706881903175
5	10	geary_c	state_8	1.0250000000000008
5	10	interaction_distance	state_0:state_0	22.741502141265688
5	10	interaction_distance	state_0:state_1	55.737364075154254
5	10	interaction_distance	state_0:state_2	53.66410794797281
5	10	interaction_distance	state_0:state_3	51.911171622520854
5	10	interaction_distance	state_0:state_4	9.565413063374766
5	10	interaction_distance	state_0:state_5	52.728852361097154
5	10	interaction_distance	state_0:state_6	12.921192342200579
5	10	interaction_distance	state_0:state_7	12.476821421410591
5	10	interaction_distance	state_0:state_8	48.00849240596448
5	10	interaction_distance	state_1:state_0	24.194962749614373
5	10	interaction_distance	state_1:state_1	50.890876894760574
5	10	interaction_distance	state_1:state_2	57.22120185615406
5	10	interaction_distance	state_1:state_3	52.38923998076299
5	10	interaction_distance	state_1:state_4	9.441690976847875
5	10	interaction_distance	state_1:state_5	46.12672286848904
5	10	interaction_distance	state_1:state_6	13.264016149933406
5	10	interaction_distance	state_1:state_7	14.156606971548408
5	10	interaction_distance	state_1:state_8	54.64086588157206
5	10	interaction_distance	state_2:state_0	24.863775967943745
5	10	interaction_distance	state_2:state_1	57.221201856154046
5	10	interaction_distance	state_2:state_2	28.118881254508807
5	10	interaction_distance	state_2:state_3	51.58423857091203
5	10	interaction_distance	state_2:state_4	9.357478861100281
5	10	interaction_distance	state_2:state_5	50.48761378243928
5	10	interaction_distance	state_2:state_6	12.174515285209786
5	10	interaction_distance	state_2:state_7	10.980408177682245
5	10	interaction_distance	state_2:state_8	21.566287536431453
5	10	interaction_distance	state_3:state_0	22.435447110854252
5	10	interaction_distance	state_3:state_1	52.38923998076299
5	10	interaction_distance	state_3:state_2	51.58423857091204
5	10	interaction_distance	state_3:state_3	53.30961796794999
5	10	interaction_distance	state_3:state_4	9.36615280293295
5	10	interaction_distance	state_3:state_5	48.10770408946091
5	10	interaction_distance	state_3:state_6	11.977284343216024
5	10	interaction_distance	state_3:state_7	11.97685823092605
5	10	interaction_distance	state_3:state_8	46.77902607220264
5	10	interaction_distance	state_4:state_0	22.818438626925296
5	10	interaction_distance	state_4:state_1	55.419664495650146
5	10	interaction_distance	state_4:state_2	51.59142320506599
5	10	interaction_distance	state_4:state_3	51.69958886300172
5	10	interaction_distance	state_4:state_4	9.262373955046705
5	10	interaction_distance	state_4:state_5	51.999369885326715
5	10	interaction_distance	state_4:state_6	12.624965685752745
5	10	interaction_distance	state_4:state_7	12.012728094084018
5	10	interaction_distance	state_4:state_8	45.88101635075513
5	10	interaction_distance	state_5:state_0	23.490154638577586
5	10	interaction_distance	state_5:state_1	46.12672286848904
5	10	interaction_distance	state_5:state_2	50.48761378243928
5	10	interaction_distance	state_5:state_3	48.10770408946091
5	10	interaction_distance	state_5:state_4	9.349178434474423
5	10	interaction_distance	state_5:state_5	46.95683674410376
5	10	interaction_distance	state_5:state_6	12.778120604024972
5	10	interaction_distance	state_5:state_7	13.325851275827006
5	10	interaction_distance	state_5:state_8	47.52675474465034
5	10	interaction_distance	state_6:state_0	22.847620211328138
5	10	interaction_distance	state_6:state_1	54.61180747244893
5	10	interaction_distance	state_6:state_2	49.88683602106354
5	10	interaction_distance	state_6:state_3	51.101326740082314
5	10	interaction_distance	state_6:state_4	9.246059798361761
5	10	interaction_distance	state_6:state_5	50.836658902032816
5	10	interaction_distance	state_6:state_6	12.539517444225847
5	10	interaction_distance	state_6:state_7	11.814856245571642
5	10	interaction_distance	state_6:state_8	44.48091274229087
5	10	interaction_distance	state_7:state_0	22.72988523784761
5	10	interaction_distance	state_7:state_1	56.194865057596274
5	10	interaction_distance	state_7:state_2	50.132507204798934
5	10	interaction_distance	state_7:state_3	51.54162403740676
5	10	interaction_distance	state_7:state_4	9.224002986319066
5	10	interaction_distance	state_7:state_5	52.71110340401821
5	10	interaction_distance	state_7:state_6	12.32120113386261
5	10	interaction_distance	state_7:state_7	11.292073137867586
5	10	interaction_distance	state_7:state_8	43.53546686521545
5	10	interaction_distance	state_8:state_0	23.388657034344437
5	10	interaction_distance	state_8:state_1	54.64086588157206
5	10	interaction_distance	state_8:state_2	21.566287536431453
5	10	interaction_distance	state_8:state_3	46.77902607220264
5	10	interaction_distance	state_8:state_4	8.289089303200333
5	10	interaction_distance	state_8:state_5	47.52675474465034
5	10	interaction_distance	state_8:state_6	12.041467011519853
5	10	interaction_distance	state_8:state_7	7.893047677170744
5	10	interaction_distance	state_8:state_8	
6	1	moran_i	state_0	0.0950452242187365
6	1	geary_c	state_0	0.8959492762395586
6	1	moran_i	state_1	0.14031504065040645
6	1	geary_c	state_1	0.9254568407012193
6	1	moran_i	state_2	0.07607211144496041
6	1	geary_c	state_2	0.9684078315838763
6	1	moran_i	state_3	0.0844408308078942
6	1	geary_c	state_3	0.9606669007317614
6	1	moran_i	state_4	0.047367094008805434
6	1	geary_c	state_4	0.9693297969316703
6	1	moran_i	state_5	0.055243302351011464
6	1	geary_c	state_5	0.9646266500039055
6	1	moran_i	state_6	0.23621641704995328
6	1	geary_c	state_6	0.8578882297925768
6	1	moran_i	state_7	0.19980049285028928
6	1	geary_c	state_7	0.8776029976794609
6	1	moran_i	state_8	0.04409882480704338
6	1	geary_c	state_8	0.9642109141682504
6	1	interaction_distance	state_0:state_0	52.54465761742322
6	1	interaction_distance	state_0:state_1	25.635473393723988
6	1	interaction_distance	state_0:state_2	34.30364224707417
6	1	interaction_distance	state_0:state_3	25.846617794863338
6	1	interaction_distance	state_0:state_4	52.85036473142397
6	1	interaction_distance	state_0:state_5	46.517830679568384
6	1	interaction_distance	state_0:state_6	21.394822273726227
6	1	interaction_distance	state_0:state_7	19.3698626930013
6	1	interaction_distance	state_0:state_8	51.21749823682602
6	1	interaction_distance	state_1:state_0	49.18971256190377
6	1	interaction_distance	state_1:state_1	23.473442952372903
6	1	interaction_distance	state_1:state_2	32.53397215523555
6	1	interaction_distance	state_1:state_3	23.64872565856349
6	1	interaction_distance	state_1:state_4	50.29284098810074
6	1	interaction_distance	state_1:state_5	44.414643691357824
6	1	interaction_distance	state_1:state_6	19.48103333944638
6	1	interaction_distance	state_1:state_7	18.209828129761274
6	1	interaction_distance	state_1:state_8	48.43161013930926
6	1	interaction_distance	state_2:state_0	50.55322650241347
6	1	interaction_distance	state_2:state_1	24.832440959343458
6	1	interaction_distance	state_2:state_2	32.40783235201512
6	1	interaction_distance	state_2:state_3	23.574068994352707
6	1	interaction_distance	state_2:state_4	51.28255304011676
6	1	interaction_distance	state_2:state_5	46.072970020249734
6	1	interaction_distance	state_2:state_6	17.081502429233737
6	1	interaction_distance	state_2:state_7	18.759704631150633
6	1	interaction_distance	state_2:state_8	50.47408727652981
6	1	interaction_distance	state_3:state_0	50.972095208403466
6	1	interaction_distance	state_3:state_1	24.63111877466609
6	1	interaction_distance	state_3:state_2	33.1864728936262
6	1	interaction_distance	state_3:state_3	24.44490480570855
6	1	interaction_distance	state_3:state_4	52.183311453521924
6	1	interaction_distance	state_3:state_5	46.204572780944154
6	1	interaction_distance	state_3:state_6	18.693677427672736
6	1	interaction_distance	state_3:state_7	19.418702348191047
6	1	interaction_distance	state_3:state_8	49.91037055519221
6	1	interaction_distance	state_4:state_0	50.49822738053023
6	1	interaction_distance	state_4:state_1	25.2306585520225
6	1	interaction_distance	state_4:state_2	32.68346403956389
6	1	interaction_distance	state_4:state_3	24.77535497800078
6	1	interaction_distance	state_4:state_4	51.415849390389226
6	1	interaction_distance	state_4:state_5	45.72131607414119
6	1	interaction_distance	state_4:state_6	17.454012144236575
6	1	interaction_distance	state_4:state_7	18.98389774291422
6	1	interaction_distance	state_4:state_8	51.23535919052185
6	1	interaction_distance	state_5:state_0	50.598428039806606
6	1	interaction_distance	state_5:state_1	24.805241042006223
6	1	interaction_distance	state_5:state_2	34.47962455870766
6	1	interaction_distance	state_5:state_3	25.331755328506116
6	1	interaction_distance	state_5:state_4	51.91948954315839
6	1	interaction_distance	state_5:state_5	46.792871750878966
6	1	interaction_distance	state_5:state_6	20.809840228345642
6	1	interaction_distance	state_5:state_7	18.691835313402645
6	1	interaction_distance	state_5:state_8	49.88608557536979
6	1	interaction_distance	state_6:state_0	52.329937951516165
6	1	interaction_distance	state_6:state_1	25.8098790299526
6	1	interaction_distance	state_6:state_2	33.323323903204354
6	1	interaction_distance	state_6:state_3	24.741025850786574
6	1	interaction_distance	state_6:state_4	52.806015178372704
6	1	interaction_distance	state_6:state_5	47.77630683962431
6	1	interaction_distance	state_6:state_6	16.57384345036682
6	1	interaction_distance	state_6:state_7	19.507947485902495
6	1	interaction_distance	state_6:state_8	53.23174900581831
6	1	interaction_distance	state_7:state_0	50.863488931213176
6	1	interaction_distance	state_7:state_1	24.97614440507111
6	1	interaction_distance	state_7:state_2	33.7029950052403
6	1	interaction_distance	state_7:state_3	25.470408817903632
6	1	interaction_distance	state_7:state_4	51.653882624843206
6	1	interaction_distance	state_7:state_5	46.13438613115944
6	1	interaction_distance	state_7:state_6	19.99998242273028
6	1	interaction_distance	state_7:state_7	18.158111661641684
6	1	interaction_distance	state_7:state_8	51.395704041252195
6	1	interaction_distance	state_8:state_0	48.91954488251822
6	1	interaction_distance	state_8:state_1	23.07954374111531
6	1	interaction_distance	state_8:state_2	33.15868998054497
6	1	interaction_distance	state_8:state_3	23.67075523403015
6	1	interaction_distance	state_8:state_4	51.23535919052185
6	1	interaction_distance	state_8:state_5	43.608275047740364
6	1	interaction_distance	state_8:state_6	21.30802328529205
6	1	interaction_distance	state_8:state_7	18.750024600615603
6	1	interaction_distance	state_8:state_8	46.98218234108912
6	2	moran_i	state_0	0.15778077082469955
6	2	geary_c	state_0	0.9436852465810193
6	2	moran_i	state_1	0.13858696430874154
6	2	geary_c	state_1	0.8773365523763128
6	2	moran_i	state_2	0.24048472435569213
6	2	geary_c	state_2	0.862527872751598
6	2	moran_i	state_3	0.06533368597372824
6	2	geary_c	state_3	0.9707193864057126
6	2	moran_i	state_4	0.0315927750410509
6	2	geary_c	state_4	1.0035221674876846
6	2	moran_i	state_5	0.03244924943610486
6	2	geary_c	state_5	0.9385844287158744
6	2	moran_i	state_6	0.13487247753207107
6	2	geary_c	state_6	0.9421648685700662
6	2	moran_i	state_7	0.2038364451040911
6	2	geary_c	state_7	0.8620933193908011
6	2	moran_i	state_8	0.11174292089342812
6	2	geary_c	state_8	0.8968169898557726
6	2	interaction_distance	state_0:state_0	47.79117062754262
6	2	interaction_distance	state_0:state_1	36.34981249291407
6	2	interaction_distance	state_0:state_2	23.198401048512476
6	2	interaction_distance	state_0:state_3	21.770546485345104
6	2	interaction_distance	state_0:state_4	51.28583757517209
6	2	interaction_distance	state_0:state_5	41.70273000321982
6	2	interaction_distance	state_0:state_6	25.651954098182323
6	2	interaction_distance	state_0:state_7	21.17102162552736
6	2	interaction_distance	state_0:state_8	49.875903510642495
6	2	interaction_distance	state_1:state_0	46.878451626078714
6	2	interaction_distance	state_1:state_1	36.79662523241102
6	2	interaction_distance	state_1:state_2	24.184104430020778
6	2	interaction_distance	state_1:state_3	22.496233150697407
6	2	interaction_distance	state_1:state_4	52.04001825401948
6	2	interaction_distance	state_1:state_5	42.21533206090173
6	2	interaction_distance	state_1:state_6	26.734999619934904
6	2	interaction_distance	state_1:state_7	21.00463437048318
6	2	interaction_distance	state_1:state_8	50.278774443756696
6	2	interaction_distance	state_2:state_0	52.82441220828805
6	2	interaction_distance	state_2:state_1	43.79800188011964
6	2	interaction_distance	state_2:state_2	18.714308978188548
6	2	interaction_distance	state_2:state_3	21.75593279682633
6	2	interaction_distance	state_2:state_4	52.73794398165999
6	2	interaction_distance	state_2:state_5	44.865370748871875
6	2	interaction_distance	state_2:state_6	22.12826414109253
6	2	interaction_distance	state_2:state_7	22.9508855508357
6	2	interaction_distance	state_2:state_8	51.93190162205977
6	2	interaction_distance	state_3:state_0	51.32100398400924
6	2	interaction_distance	state_3:state_1	42.124635517008564
6	2	interaction_distance	state_3:state_2	20.873583887535997
6	2	interaction_distance	state_3:state_3	21.444152104802953
6	2	interaction_distance	state_3:state_4	52.27225775906399
6	2	interaction_distance	state_3:state_5	43.66211374221311
6	2	interaction_distance	state_3:state_6	23.689553000055355
6	2	interaction_distance	state_3:state_7	22.122755742112282
6	2	interaction_distance	state_3:state_8	50.08276807435623
6	2	interaction_distance	state_4:state_0	51.28583757517209
6	2	interaction_distance	state_4:state_1	42.39477551571462
6	2	interaction_distance	state_4:state_2	19.69942849581849
6	2	interaction_distance	state_4:state_3	22.242486118131055
6	2	interaction_distance	state_4:state_4	52.87447974338775
6	2	interaction_distance	state_4:state_5	43.7349764869102
6	2	interaction_distance	state_4:state_6	22.036078534095733
6	2	interaction_distance	state_4:state_7	22.098710316255445
6	2	interaction_distance	state_4:state_8	51.71884346904292
6	2	interaction_distance	state_5:state_0	50.61888995762646
6	2	interaction_distance	state_5:state_1	40.89863572972898
6	2	interaction_distance	state_5:state_2	22.56659498346509
6	2	interaction_distance	state_5:state_3	22.08812624257709
6	2	interaction_distance	state_5:state_4	52.838413636593735
6	2	interaction_distance	state_5:state_5	44.62021910460866
6	2	interaction_distance	state_5:state_6	24.731407252031545
6	2	interaction_distance	state_5:state_7	21.50842139432016
6	2	interaction_distance	state_5:state_8	51.30717904020898
6	2	interaction_distance	state_6:state_0	52.585510483259355
6	2	interaction_distance	state_6:state_1	43.81368912768673
6	2	interaction_distance	state_6:state_2	19.182656955994418
6	2	interaction_distance	state_6:state_3	21.23850808314164
6	2	interaction_distance	state_6:state_4	52.227968889989434
6	2	interaction_distance	state_6:state_5	44.22630935385113
6	2	interaction_distance	state_6:state_6	22.024994017568066
6	2	interaction_distance	state_6:state_7	22.25537797645606
6	2	interaction_distance	state_6:state_8	51.68798368622322
6	2	interaction_distance	state_7:state_0	51.717344365320216
6	2	interaction_distance	state_7:state_1	42.08805982020129
6	2	interaction_distance	state_7:state_2	23.180814791765798
6	2	interaction_distance	state_7:state_3	22.73846351375025
6	2	interaction_distance	state_7:state_4	53.48912001611908
6	2	interaction_distance	state_7:state_5	44.25154737292037
6	2	interaction_distance	state_7:state_6	25.759412432916296
6	2	interaction_distance	state_7:state_7	21.33666027795983
6	2	interaction_distance	state_7:state_8	50.98321434287342
6	2	interaction_distance	state_8:state_0	49.875903510642495
6	2	interaction_distance	state_8:state_1	40.22685336146989
6	2	interaction_distance	state_8:state_2	24.6744788218683
6	2	interaction_distance	state_8:state_3	22.200174645159567
6	2	interaction_distance	state_8:state_4	51.71884346904294
6	2	interaction_distance	state_8:state_5	42.933641266644585
6	2	interaction_distance	state_8:state_6	27.025237177902998
6	2	interaction_distance	state_8:state_7	20.057394106285702
6	2	interaction_distance	state_8:state_8	48.35385725870729
6	3	moran_i	state_0	0.24282934963868813
6	3	geary_c	state_0	0.7910540578098944
6	3	moran_i	state_1	0.06998247036969206
6	3	geary_c	state_1	0.9012983700060176
6	3	moran_i	state_2	0.19898957682150464
6	3	geary_c	state_2	0.8656822908028525
6	3	moran_i	state_3	0.09158778538753506
6	3	geary_c	state_3	0.9312654149510095
6	3	moran_i	state_4	0.005852605488816481
6	3	geary_c	state_4	1.0406024505786644
6	3	moran_i	state_5	0.053517441402247755
6	3	geary_c	state_5	0.9415106161630493
6	3	moran_i	state_6	0.09416973944377009
6	3	geary_c	state_6	0.9797269236348092
6	3	moran_i	state_7	0.14078686480858882
6	3	geary_c	state_7	0.8997475149369037
6	3	moran_i	state_8	0.03379796031676456
6	3	geary_c	state_8	0.9269914672277257
6	3	interaction_distance	state_0:state_0	47.301172666465
6	3	interaction_distance	state_0:state_1	50.68173475061833
6	3	interaction_distance	state_0:state_2	20.769263321109918
6	3	interaction_distance	state_0:state_3	20.77363063210218
6	3	interaction_distance	state_0:state_4	51.698183589533095
6	3	interaction_distance	state_0:state_5	42.8885303706883
6	3	interaction_distance	state_0:state_6	27.438190193177682
6	3	interaction_distance	state_0:state_7	23.779939320138823
6	3	interaction_distance	state_0:state_8	49.624524553802445
6	3	interaction_distance	state_1:state_0	50.68173475061833
6	3	interaction_distance	state_1:state_1	54.8675139654306
6	3	interaction_distance	state_1:state_2	19.50527597334976
6	3	interaction_distance	state_1:state_3	21.18697447059539
6	3	interaction_distance	state_1:state_4	54.66705416211241
6	3	interaction_distance	state_1:state_5	44.50068402446159
6	3	interaction_distance	state_1:state_6	28.82600227246351
6	3	interaction_distance	state_1:state_7	25.127286573820673
6	3	interaction_distance	state_1:state_8	53.00232120118665
6	3	interaction_distance	state_2:state_0	51.4810322703249
6	3	interaction_distance	state_2:state_1	54.22521759392286
6	3	interaction_distance	state_2:state_2	14.782580212838157
6	3	interaction_distance	state_2:state_3	20.081507235604487
6	3	interaction_distance	state_2:state_4	52.307206535890835
6	3	interaction_distance	state_2:state_5	44.6374592543244
6	3	interaction_distance	state_2:state_6	26.096777886222007
6	3	interaction_distance	state_2:state_7	24.646336852925607
6	3	interaction_distance	state_2:state_8	52.67684172776592
6	3	interaction_distance	state_3:state_0	50.868396179096244
6	3	interaction_distance	state_3:state_1	53.76273817587574
6	3	interaction_distance	state_3:state_2	17.540160590831277
6	3	interaction_distance	state_3:state_3	20.28604130457429
6	3	interaction_distance	state_3:state_4	52.03000774440621
6	3	interaction_distance	state_3:state_5	44.144862297850615
6	3	interaction_distance	state_3:state_6	27.446890247841637
6	3	interaction_distance	state_3:state_7	24.74754374193475
6	3	interaction_distance	state_3:state_8	51.31215037058849
6	3	interaction_distance	state_4:state_0	51.698183589533095
6	3	interaction_distance	state_4:state_1	54.66705416211241
6	3	interaction_distance	state_4:state_2	15.128222620251076
6	3	interaction_distance	state_4:state_3	20.11177503603408
6	3	interaction_distance	state_4:state_4	53.00595536465707
6	3	interaction_distance	state_4:state_5	45.27515302616871
6	3	interaction_distance	state_4:state_6	25.911793358666902
6	3	interaction_distance	state_4:state_7	24.800670232760876
6	3	interaction_distance	state_4:state_8	52.30671913535602
6	3	interaction_distance	state_5:state_0	50.63449317943584
6	3	interaction_distance	state_5:state_1	52.749919983202055
6	3	interaction_distance	state_5:state_2	18.501265248283204
6	3	interaction_distance	state_5:state_3	20.511207684939507
6	3	interaction_distance	state_5:state_4	53.277219503228785
6	3	interaction_distance	state_5:state_5	43.15445696605523
6	3	interaction_distance	state_5:state_6	28.91756080402673
6	3	interaction_distance	state_5:state_7	24.551570109536883
6	3	interaction_distance	state_5:state_8	51.72904679478019
6	3	interaction_distance	state_6:state_0	50.52689250519937
6	3	interaction_distance	state_6:state_1	53.99328213951803
6	3	interaction_distance	state_6:state_2	15.338086823418179
6	3	interaction_distance	state_6:state_3	20.355388102478873
6	3	interaction_distance	state_6:state_4	51.987338929663125
6	3	interaction_distance	state_6:state_5	45.608763597489066
6	3	interaction_distance	state_6:state_6	25.94256099179628
6	3	interaction_distance	state_6:state_7	24.468734156224844
6	3	interaction_distance	state_6:state_8	52.47068129906326
6	3	interaction_distance	state_7:state_0	50.539524223022916
6	3	interaction_distance	state_7:state_1	53.60280778143879
6	3	interaction_distance	state_7:state_2	17.941424942213512
6	3	interaction_distance	state_7:state_3	20.77840383078397
6	3	interaction_distance	state_7:state_4	52.733464660404664
6	3	interaction_distance	state_7:state_5	44.37128008220097
6	3	interaction_distance	state_7:state_6	27.6724760842211
6	3	interaction_distance	state_7:state_7	24.17619604802959
6	3	interaction_distance	state_7:state_8	51.75799379846168
6	3	interaction_distance	state_8:state_0	49.624524553802445
6	3	interaction_distance	state_8:state_1	53.00232120118665
6	3	interaction_distance	state_8:state_2	20.685640030002038
6	3	interaction_distance	state_8:state_3	20.03601056170191
6	3	interaction_distance	state_8:state_4	52.306719135356005
6	3	interaction_distance	state_8:state_5	43.98650223171369
6	3	interaction_distance	state_8:state_6	28.54287081118534
6	3	interaction_distance	state_8:state_7	23.803152433054883
6	3	interaction_distance	state_8:state_8	50.796633795144416
6	4	moran_i	state_0	0.1896018554310012
6	4	geary_c	state_0	0.8270003865481256
6	4	moran_i	state_1	0.006761880687563196
6	4	geary_c	state_1	0.9306275278058648
6	4	moran_i	state_2	0.18005314918264428
6	4	geary_c	state_2	0.8885832187070154
6	4	moran_i	state_3	0.09004339108201875
6	4	geary_c	state_3	0.9422601555289154
6	4	moran_i	state_4	0.052013323464100675
6	4	geary_c	state_4	0.9838545521835675
6	4	moran_i	state_5	0.11071451560991308
6	4	geary_c	state_5	0.9343981332475058
6	4	moran_i	state_6	0.0458091151067413
6	4	geary_c	state_6	0.9839480688793526
6	4	moran_i	state_7	0.1387582234038927
6	4	geary_c	state_7	0.8974588403722261
6	4	moran_i	state_8	0.13440468971093592
6	4	geary_c	state_8	0.8536082474226804
6	4	interaction_distance	state_0:state_0	52.67062169377887
6	4	interaction_distance	state_0:state_1	50.956657277552914
6	4	interaction_distance	state_0:state_2	20.400581084865127
6	4	interaction_distance	state_0:state_3	20.02735356215742
6	4	interaction_distance	state_0:state_4	49.50312291609079
6	4	interaction_distance	state_0:state_5	43.2964504275168
6	4	interaction_distance	state_0:state_6	31.549201782082367
6	4	interaction_distance	state_0:state_7	27.95438944569921
6	4	interaction_distance	state_0:state_8	50.17328724358593
6	4	interaction_distance	state_1:state_0	50.956657277552914
6	4	interaction_distance	state_1:state_1	49.49100135199936
6	4	interaction_distance	state_1:state_2	18.939122047611296
6	4	interaction_distance	state_1:state_3	19.35503865570424
6	4	interaction_distance	state_1:state_4	45.93249318847611
6	4	interaction_distance	state_1:state_5	42.061884293434325
6	4	interaction_distance	state_1:state_6	30.104810413549448
6	4	interaction_distance	state_1:state_7	26.753456572824007
6	4	interaction_distance	state_1:state_8	48.343136449913644
6	4	interaction_distance	state_2:state_0	53.31333374078941
6	4	interaction_distance	state_2:state_1	51.20104638235525
6	4	interaction_distance	state_2:state_2	15.652481891826174
6	4	interaction_distance	state_2:state_3	19.774617891921967
6	4	interaction_distance	state_2:state_4	46.60339268303114
6	4	interaction_distance	state_2:state_5	43.75982677243251
6	4	interaction_distance	state_2:state_6	28.089064346312902
6	4	interaction_distance	state_2:state_7	28.178263582828205
6	4	interaction_distance	state_2:state_8	52.13825197599047
6	4	interaction_distance	state_3:state_0	53.315568732651954
6	4	interaction_distance	state_3:state_1	50.62393657261626
6	4	interaction_distance	state_3:state_2	18.059952482580776
6	4	interaction_distance	state_3:state_3	19.993018987704957
6	4	interaction_distance	state_3:state_4	46.754532685503335
6	4	interaction_distance	state_3:state_5	43.639015449033586
6	4	interaction_distance	state_3:state_6	29.69329221166852
6	4	interaction_distance	state_3:state_7	28.09498194293158
6	4	interaction_distance	state_3:state_8	51.35464229880949
6	4	interaction_distance	state_4:state_0	53.511776168074064
6	4	interaction_distance	state_4:state_1	49.76181598318683
6	4	interaction_distance	state_4:state_2	14.5983285638164
6	4	interaction_distance	state_4:state_3	18.895818318307793
6	4	interaction_distance	state_4:state_4	44.52322699748404
6	4	interaction_distance	state_4:state_5	42.74651014774079
6	4	interaction_distance	state_4:state_6	26.285881826063008
6	4	interaction_distance	state_4:state_7	26.67807495639323
6	4	interaction_distance	state_4:state_8	52.190250791751616
6	4	interaction_distance	state_5:state_0	53.515096358671876
6	4	interaction_distance	state_5:state_1	51.422008777293165
6	4	interaction_distance	state_5:state_2	19.579544242865875
6	4	interaction_distance	state_5:state_3	20.37304259314061
6	4	interaction_distance	state_5:state_4	47.87695656805858
6	4	interaction_distance	state_5:state_5	45.19350800236026
6	4	interaction_distance	state_5:state_6	31.20005622679346
6	4	interaction_distance	state_5:state_7	28.49750575256303
6	4	interaction_distance	state_5:state_8	52.04662235555993
6	4	interaction_distance	state_6:state_0	54.46850938985678
6	4	interaction_distance	state_6:state_1	52.249970669774456
6	4	interaction_distance	state_6:state_2	15.914450579648221
6	4	interaction_distance	state_6:state_3	20.169484082207152
6	4	interaction_distance	state_6:state_4	47.18694294804595
6	4	interaction_distance	state_6:state_5	44.63728261127287
6	4	interaction_distance	state_6:state_6	29.034416454528028
6	4	interaction_distance	state_6:state_7	28.66437941748042
6	4	interaction_distance	state_6:state_8	53.350956238939816
6	4	interaction_distance	state_7:state_0	52.7773832439711
6	4	interaction_distance	state_7:state_1	50.04133166051869
6	4	interaction_distance	state_7:state_2	18.31957967284034
6	4	interaction_distance	state_7:state_3	19.923102354570513
6	4	interaction_distance	state_7:state_4	46.51087751378025
6	4	interaction_distance	state_7:state_5	43.03294929266053
6	4	interaction_distance	state_7:state_6	29.984524040559013
6	4	interaction_distance	state_7:state_7	27.800236964830873
6	4	interaction_distance	state_7:state_8	50.56100193424734
6	4	interaction_distance	state_8:state_0	50.98502777539146
6	4	interaction_distance	state_8:state_1	49.12365217411952
6	4	interaction_distance	state_8:state_2	20.507672687299028
6	4	interaction_distance	state_8:state_3	19.81388468050086
6	4	interaction_distance	state_8:state_4	49.085774386803315
6	4	interaction_distance	state_8:state_5	42.86060993686485
6	4	interaction_distance	state_8:state_6	31.624874515810355
6	4	interaction_distance	state_8:state_7	26.918960282114984
6	4	interaction_distance	state_8:state_8	48.14119941724788
6	6	moran_i	state_0	0.13065959264421564
6	6	geary_c	state_0	0.8804550155118923
6	6	moran_i	state_1	0.0723092998955068
6	6	geary_c	state_1	0.8690272632278904
6	6	moran_i	state_2	0.2239582047801226
6	6	geary_c	state_2	0.8548269730918133
6	6	moran_i	state_3	0.07037908496732022
6	6	geary_c	state_3	0.9632874364560639
6	6	moran_i	state_4	0.05849462365591397
6	6	geary_c	state_4	1.0155860215053762
6	6	moran_i	state_5	0.11102837479550969
6	6	geary_c	state_5	0.8847459619036874
6	6	moran_i	state_6	0.07632213600266394
6	6	geary_c	state_6	0.966785148484879
6	6	moran_i	state_7	0.11275546002294272
6	6	geary_c	state_7	0.911467440332335
6	6	moran_i	state_8	0.08190476190476191
6	6	geary_c	state_8	0.8605055849500292
6	6	interaction_distance	state_0:state_0	50.3899749132374
6	6	interaction_distance	state_0:state_1	49.12528561295133
6	6	interaction_distance	state_0:state_2	20.740118690517434
6	6	interaction_distance	state_0:state_3	21.304535946837035
6	6	interaction_distance	state_0:state_4	44.60619397357901
6	6	interaction_distance	state_0:state_5	45.65981268391945
6	6	interaction_distance	state_0:state_6	32.362102648757606
6	6	interaction_distance	state_0:state_7	32.21344020873331
6	6	interaction_distance	state_0:state_8	54.049773326338205
6	6	interaction_distance	state_1:state_0	49.125285612951345
6	6	interaction_distance	state_1:state_1	50.516667022829054
6	6	interaction_distance	state_1:state_2	19.18618003038623
6	6	interaction_distance	state_1:state_3	21.37413919361158
6	6	interaction_distance	state_1:state_4	44.775258838731006
6	6	interaction_distance	state_1:state_5	45.660445660050186
6	6	interaction_distance	state_1:state_6	31.90548562429361
6	6	interaction_distance	state_1:state_7	32.63295989886526
6	6	interaction_distance	state_1:state_8	54.52064144338006
6	6	interaction_distance	state_2:state_0	53.26058695750978
6	6	interaction_distance	state_2:state_1	53.08304010816249
6	6	interaction_distance	state_2:state_2	14.292416519424547
6	6	interaction_distance	state_2:state_3	20.437212313266862
6	6	interaction_distance	state_2:state_4	44.09304875632589
6	6	interaction_distance	state_2:state_5	47.2018753613963
6	6	interaction_distance	state_2:state_6	29.570861440992367
6	6	interaction_distance	state_2:state_7	33.595596737110434
6	6	interaction_distance	state_2:state_8	54.84105742730447
6	6	interaction_distance	state_3:state_0	51.92584908112634
6	6	interaction_distance	state_3:state_1	51.95611277738077
6	6	interaction_distance	state_3:state_2	16.66054850078177
6	6	interaction_distance	state_3:state_3	20.459076971428587
6	6	interaction_distance	state_3:state_4	44.276637725352536
6	6	interaction_distance	state_3:state_5	45.96585955962015
6	6	interaction_distance	state_3:state_6	30.612448370003065
6	6	interaction_distance	state_3:state_7	32.49286870234863
6	6	interaction_distance	state_3:state_8	53.539172075971074
6	6	interaction_distance	state_4:state_0	50.62071154226576
6	6	interaction_distance	state_4:state_1	50.752447150577154
6	6	interaction_distance	state_4:state_2	13.569094664962186
6	6	interaction_distance	state_4:state_3	19.543290397087684
6	6	interaction_distance	state_4:state_4	40.884768036450645
6	6	interaction_distance	state_4:state_5	45.45346960344998
6	6	interaction_distance	state_4:state_6	27.21068086788497
6	6	interaction_distance	state_4:state_7	32.65509251942419
6	6	interaction_distance	state_4:state_8	52.23008190103037
6	6	interaction_distance	state_5:state_0	50.64754327528075
6	6	interaction_distance	state_5:state_1	50.62613543853077
6	6	interaction_distance	state_5:state_2	18.90428921180699
6	6	interaction_distance	state_5:state_3	20.06184071120502
6	6	interaction_distance	state_5:state_4	44.25273315596302
6	6	interaction_distance	state_5:state_5	45.71655501265492
6	6	interaction_distance	state_5:state_6	30.69351922945588
6	6	interaction_distance	state_5:state_7	32.23625763082403
6	6	interaction_distance	state_5:state_8	52.75034321240706
6	6	interaction_distance	state_6:state_0	52.60443785006823
6	6	interaction_distance	state_6:state_1	52.348695333083505
6	6	interaction_distance	state_6:state_2	14.248787405902508
6	6	interaction_distance	state_6:state_3	20.229028400629165
6	6	interaction_distance	state_6:state_4	42.83920864030535
6	6	interaction_distance	state_6:state_5	45.7230965615331
6	6	interaction_distance	state_6:state_6	28.493029135881148
6	6	interaction_distance	state_6:state_7	32.41893250916935
6	6	interaction_distance	state_6:state_8	53.16714386274104
6	6	interaction_distance	state_7:state_0	52.020228725135624
6	6	interaction_distance	state_7:state_1	51.942308130156064
6	6	interaction_distance	state_7:state_2	16.76701510974496
6	6	interaction_distance	state_7:state_3	20.10126012498455
6	6	interaction_distance	state_7:state_4	45.18525994511531
6	6	interaction_distance	state_7:state_5	45.78876934430413
6	6	interaction_distance	state_7:state_6	30.763830611247503
6	6	interaction_distance	state_7:state_7	32.031960512499616
6	6	interaction_distance	state_7:state_8	53.58025644086847
6	6	interaction_distance	state_8:state_0	54.049773326338205
6	6	interaction_distance	state_8:state_1	54.52064144338006
6	6	interaction_distance	state_8:state_2	20.05558939203032
6	6	interaction_distance	state_8:state_3	20.860965583020437
6	6	interaction_distance	state_8:state_4	46.26016831332728
6	6	interaction_distance	state_8:state_5	47.971945418417846
6	6	interaction_distance	state_8:state_6	32.90988332894944
6	6	interaction_distance	state_8:state_7	33.45834017418642
6	6	interaction_distance	state_8:state_8	55.451158725580484
6	8	moran_i	state_0	0.14099332839140108
6	8	geary_c	state_0	0.8196256486286141
6	8	moran_i	state_1	0.03780101244263614
6	8	geary_c	state_1	0.9293359984860672
6	8	moran_i	state_2	0.20958800105362652
6	8	geary_c	state_2	0.8613330699267111
6	8	moran_i	state_3	0.04990550875147922
6	8	geary_c	state_3	0.9538416138281025
6	8	moran_i	state_4	0.04951569506726456
6	8	geary_c	state_4	1.0042959641255607
6	8	moran_i	state_5	-0.006306944725652981
6	8	geary_c	state_5	0.9466681008301279
6	8	moran_i	state_6	0.06838864454218313
6	8	geary_c	state_6	0.9723698020791686
6	8	moran_i	state_7	0.08422411900672767
6	8	geary_c	state_7	0.9329073100812232
6	8	moran_i	state_8	0.10221324141210035
6	8	geary_c	state_8	0.8478283608700821
6	8	interaction_distance	state_0:state_0	53.174838705201175
6	8	interaction_distance	state_0:state_1	51.788753529599944
6	8	interaction_distance	state_0:state_2	21.22452850793431
6	8	interaction_distance	state_0:state_3	20.763113128609042
6	8	interaction_distance	state_0:state_4	52.11610737156889
6	8	interaction_distance	state_0:state_5	53.91539718182937
6	8	interaction_distance	state_0:state_6	30.52426706613944
6	8	interaction_distance	state_0:state_7	35.809708706839004
6	8	interaction_distance	state_0:state_8	52.98054756258754
6	8	interaction_distance	state_1:state_0	51.788753529599944
6	8	interaction_distance	state_1:state_1	52.97929021077973
6	8	interaction_distance	state_1:state_2	19.573366951004807
6	8	interaction_distance	state_1:state_3	20.53014573542724
6	8	interaction_distance	state_1:state_4	51.65898655993335
6	8	interaction_distance	state_1:state_5	53.48218043161519
6	8	interaction_distance	state_1:state_6	30.05946256633042
6	8	interaction_distance	state_1:state_7	35.13220758563059
6	8	interaction_distance	state_1:state_8	52.82470412298681
6	8	interaction_distance	state_2:state_0	53.51339856197717
6	8	interaction_distance	state_2:state_1	52.724283097831204
6	8	interaction_distance	state_2:state_2	14.992883040269824
6	8	interaction_distance	state_2:state_3	19.78998025908195
6	8	interaction_distance	state_2:state_4	50.88736474275958
6	8	interaction_distance	state_2:state_5	54.25216683431335
6	8	interaction_distance	state_2:state_6	28.656005679070518
6	8	interaction_distance	state_2:state_7	36.71151037317621
6	8	interaction_distance	state_2:state_8	54.144850179016785
6	8	interaction_distance	state_3:state_0	52.2529312533264
6	8	interaction_distance	state_3:state_1	52.05328409384221
6	8	interaction_distance	state_3:state_2	18.4791057003387
6	8	interaction_distance	state_3:state_3	19.177380317168577
6	8	interaction_distance	state_3:state_4	49.945306116465005
6	8	interaction_distance	state_3:state_5	51.753225050012915
6	8	interaction_distance	state_3:state_6	29.297164127725253
6	8	interaction_distance	state_3:state_7	34.66923818443667
6	8	interaction_distance	state_3:state_8	51.71793902778213
6	8	interaction_distance	state_4:state_0	52.11610737156889
6	8	interaction_distance	state_4:state_1	51.65898655993335
6	8	interaction_distance	state_4:state_2	14.38903141713497
6	8	interaction_distance	state_4:state_3	18.85078164365149
6	8	interaction_distance	state_4:state_4	48.84533166362507
6	8	interaction_distance	state_4:state_5	51.8040470329536
6	8	interaction_distance	state_4:state_6	26.887977907984
6	8	interaction_distance	state_4:state_7	35.383523059459556
6	8	interaction_distance	state_4:state_8	51.64071219973903
6	8	interaction_distance	state_5:state_0	53.91539718182937
6	8	interaction_distance	state_5:state_1	53.48218043161519
6	8	interaction_distance	state_5:state_2	20.098986778876455
6	8	interaction_distance	state_5:state_3	19.197053072378868
6	8	interaction_distance	state_5:state_4	51.8040470329536
6	8	interaction_distance	state_5:state_5	53.68218975902777
6	8	interaction_distance	state_5:state_6	30.862479383118956
6	8	interaction_distance	state_5:state_7	34.93759178408008
6	8	interaction_distance	state_5:state_8	52.810813986963694
6	8	interaction_distance	state_6:state_0	52.647865326998435
6	8	interaction_distance	state_6:state_1	52.48010746423973
6	8	interaction_distance	state_6:state_2	16.350769352453455
6	8	interaction_distance	state_6:state_3	19.88930840858326
6	8	interaction_distance	state_6:state_4	50.13866709650179
6	8	interaction_distance	state_6:state_5	53.39984354259151
6	8	interaction_distance	state_6:state_6	29.02444991243584
6	8	interaction_distance	state_6:state_7	36.2907764022698
6	8	interaction_distance	state_6:state_8	53.08568961448296
6	8	interaction_distance	state_7:state_0	53.69329308398598
6	8	interaction_distance	state_7:state_1	52.91917227631448
6	8	interaction_distance	state_7:state_2	19.616045076228573
6	8	interaction_distance	state_7:state_3	19.366229961834932
6	8	interaction_distance	state_7:state_4	51.96650421683293
6	8	interaction_distance	state_7:state_5	52.95012678044481
6	8	interaction_distance	state_7:state_6	30.719352438882222
6	8	interaction_distance	state_7:state_7	35.78002976138794
6	8	interaction_distance	state_7:state_8	53.040451483818366
6	8	interaction_distance	state_8:state_0	52.98054756258754
6	8	interaction_distance	state_8:state_1	52.82470412298681
6	8	interaction_distance	state_8:state_2	22.059936246557275
6	8	interaction_distance	state_8:state_3	20.122735344198833
6	8	interaction_distance	state_8:state_4	51.64071219973903
6	8	interaction_distance	state_8:state_5	52.810813986963694
6	8	interaction_distance	state_8:state_6	30.93419285680314
6	8	interaction_distance	state_8:state_7	35.35950650845419
6	8	interaction_distance	state_8:state_8	53.366750348188454
6	10	moran_i	state_0	-0.0070635721493440985
6	10	geary_c	state_0	0.9212916246215945
6	10	moran_i	state_1	0.034600823045267494
6	10	geary_c	state_1	0.9457901234567903
6	10	moran_i	state_2	0.20176930024972112
6	10	geary_c	state_2	0.8712993464746829
6	10	moran_i	state_3	0.0926840093966852
6	10	geary_c	state_3	0.9307882173362347
6	10	moran_i	state_4	0.0326551263055184
6	10	geary_c	state_4	0.9947941888619852
6	10	moran_i	state_5	0.08277267637178053
6	10	geary_c	state_5	0.8995229563269878
6	10	moran_i	state_6	0.038747624477385
6	10	geary_c	state_6	0.9899429874572405
6	10	moran_i	state_7	0.08911409268246268
6	10	geary_c	state_7	0.949536111904082
6	10	moran_i	state_8	0.16126878797569552
6	10	geary_c	state_8	0.8022625519667411
6	10	interaction_distance	state_0:state_0	69.27606913351865
6	10	interaction_distance	state_0:state_1	59.12196228185026
6	10	interaction_distance	state_0:state_2	20.04759237901071
6	10	interaction_distance	state_0:state_3	20.678292791795542
6	10	interaction_distance	state_0:state_4	55.112477588328815
6	10	interaction_distance	state_0:state_5	57.28251851455961
6	10	interaction_distance	state_0:state_6	34.921265075766364
6	10	interaction_distance	state_0:state_7	41.118652171898574
6	10	interaction_distance	state_0:state_8	54.97305617912646
6	10	interaction_distance	state_1:state_0	59.12196228185026
6	10	interaction_distance	state_1:state_1	48.56816894276838
6	10	interaction_distance	state_1:state_2	18.235730241672222
6	10	interaction_distance	state_1:state_3	19.240005295936257
6	10	interaction_distance	state_1:state_4	46.11295736334569
6	10	interaction_distance	state_1:state_5	50.193110111721914
6	10	interaction_distance	state_1:state_6	30.443823300649253
6	10	interaction_distance	state_1:state_7	31.080343530501505
6	10	interaction_distance	state_1:state_8	46.872851204706855
6	10	interaction_distance	state_2:state_0	60.356285330714776
6	10	interaction_distance	state_2:state_1	51.27846306957525
6	10	interaction_distance	state_2:state_2	13.878253957012898
6	10	interaction_distance	state_2:state_3	19.100019366071002
6	10	interaction_distance	state_2:state_4	46.663121357582376
6	10	interaction_distance	state_2:state_5	52.32437119186528
6	10	interaction_distance	state_2:state_6	28.20779725416217
6	10	interaction_distance	state_2:state_7	34.77261782891002
6	10	interaction_distance	state_2:state_8	50.65111087748469
6	10	interaction_distance	state_3:state_0	60.039547565743845
6	10	interaction_distance	state_3:state_1	50.970976569348466
6	10	interaction_distance	state_3:state_2	16.72428362762513
6	10	interaction_distance	state_3:state_3	19.66078657282944
6	10	interaction_distance	state_3:state_4	47.621788693394386
6	10	interaction_distance	state_3:state_5	52.3998715859795
6	10	interaction_distance	state_3:state_6	30.1876816952921
6	10	interaction_distance	state_3:state_7	34.888318443915125
6	10	interaction_distance	state_3:state_8	50.14079463889593
6	10	interaction_distance	state_4:state_0	61.22047833171789
6	10	interaction_distance	state_4:state_1	51.59270184927182
6	10	interaction_distance	state_4:state_2	13.729740261567937
6	10	interaction_distance	state_4:state_3	19.264939068726207
6	10	interaction_distance	state_4:state_4	48.47389215524397
6	10	interaction_distance	state_4:state_5	53.18030083991244
6	10	interaction_distance	state_4:state_6	29.01826391469184
6	10	interaction_distance	state_4:state_7	34.48614296491237
6	10	interaction_distance	state_4:state_8	51.24813557897626
6	10	interaction_distance	state_5:state_0	57.28251851455961
6	10	interaction_distance	state_5:state_1	50.193110111721914
6	10	interaction_distance	state_5:state_2	18.473668458814657
6	10	interaction_distance	state_5:state_3	19.79482308505121
6	10	interaction_distance	state_5:state_4	47.536749619296536
6	10	interaction_distance	state_5:state_5	50.321750512049135
6	10	interaction_distance	state_5:state_6	30.599713852882434
6	10	interaction_distance	state_5:state_7	34.20305696267874
6	10	interaction_distance	state_5:state_8	48.109963860310124
6	10	interaction_distance	state_6:state_0	60.63448912116461
6	10	interaction_distance	state_6:state_1	51.67790241792474
6	10	interaction_distance	state_6:state_2	14.46167391647628
6	10	interaction_distance	state_6:state_3	19.460945860352872
6	10	interaction_distance	state_6:state_4	47.40168899951098
6	10	interaction_distance	state_6:state_5	52.9589237201886
6	10	interaction_distance	state_6:state_6	29.69999780850514
6	10	interaction_distance	state_6:state_7	35.15037071292491
6	10	interaction_distance	state_6:state_8	50.743361076406785
6	10	interaction_distance	state_7:state_0	60.416606492095646
6	10	interaction_distance	state_7:state_1	49.58588970457243
6	10	interaction_distance	state_7:state_2	17.29596347421394
6	10	interaction_distance	state_7:state_3	19.295504779274392
6	10	interaction_distance	state_7:state_4	47.110225456447715
6	10	interaction_distance	state_7:state_5	51.953495657102806
6	10	interaction_distance	state_7:state_6	30.4819680891809
6	10	interaction_distance	state_7:state_7	33.96192632833078
6	10	interaction_distance	state_7:state_8	49.22095151016936
6	10	interaction_distance	state_8:state_0	57.690371554352126
6	10	interaction_distance	state_8:state_1	49.58531639585326
6	10	interaction_distance	state_8:state_2	20.30701142311009
6	10	interaction_distance	state_8:state_3	20.223839943181858
6	10	interaction_distance	state_8:state_4	48.42409690865392
6	10	interaction_distance	state_8:state_5	50.56874081306738
6	10	interaction_distance	state_8:state_6	32.023570078735034
6	10	interaction_distance	state_8:state_7	33.93618877637008
6	10	interaction_distance	state_8:state_8	48.95218041542541
7	1	moran_i	state_0	0.14317921482869939
7	1	geary_c	state_0	0.9210160019438375
7	1	moran_i	state_1	0.1914810393707502
7	1	geary_c	state_1	0.8803306119838852
7	1	moran_i	state_2	0.2194541746109166
7	1	geary_c	state_2	0.9089528000709443
7	1	moran_i	state_3	0.04538441074753923
7	1	geary_c	state_3	0.9678591134363949
7	1	moran_i	state_4	0.30008868767579155
7	1	geary_c	state_4	0.7953255260023818
7	1	moran_i	state_5	0.23798668726796077
7	1	geary_c	state_5	0.8484660701078636
7	1	moran_i	state_6	0.008217157030448166
7	1	geary_c	state_6	1.014608279165241
7	1	moran_i	state_7	0.03716943940708038
7	1	geary_c	state_7	0.947271150358748
7	1	moran_i	state_8	0.015241673436230709
7	1	geary_c	state_8	0.9643125507717301
7	1	interaction_distance	state_0:state_0	30.95855581850192
7	1	interaction_distance	state_0:state_1	24.606037004068828
7	1	interaction_distance	state_0:state_2	38.062417319019865
7	1	interaction_distance	state_0:state_3	22.676629130571197
7	1	interaction_distance	state_0:state_4	17.485046375776527
7	1	interaction_distance	state_0:state_5	20.1238407201245
7	1	interaction_distance	state_0:state_6	38.50233031858746
7	1	interaction_distance	state_0:state_7	30.997512068766646
7	1	interaction_distance	state_0:state_8	49.936888175778286
7	1	interaction_distance	state_1:state_0	32.67145349070709
7	1	interaction_distance	state_1:state_1	22.294646873297
7	1	interaction_distance	state_1:state_2	38.794179159924255
7	1	interaction_distance	state_1:state_3	22.62245480015262
7	1	interaction_distance	state_1:state_4	22.05977765404111
7	1	interaction_distance	state_1:state_5	16.969917422580473
7	1	interaction_distance	state_1:state_6	37.68809149174472
7	1	interaction_distance	state_1:state_7	30.040597397320322
7	1	interaction_distance	state_1:state_8	48.64518566351245
7	1	interaction_distance	state_2:state_0	32.101057251730836
7	1	interaction_distance	state_2:state_1	24.985383405152625
7	1	interaction_distance	state_2:state_2	39.44788525751325
7	1	interaction_distance	state_2:state_3	22.946019471688928
7	1	interaction_distance	state_2:state_4	18.742503205811946
7	1	interaction_distance	state_2:state_5	20.426739711903018
7	1	interaction_distance	state_2:state_6	40.653101831882836
7	1	interaction_distance	state_2:state_7	31.844941711876622
7	1	interaction_distance	state_2:state_8	52.25219868734316
7	1	interaction_distance	state_3:state_0	34.00990922763471
7	1	interaction_distance	state_3:state_1	24.32973509559419
7	1	interaction_distance	state_3:state_2	40.51486556935273
7	1	interaction_distance	state_3:state_3	22.7584907198879
7	1	interaction_distance	state_3:state_4	20.548967608789592
7	1	interaction_distance	state_3:state_5	19.72216268222032
7	1	interaction_distance	state_3:state_6	39.778030476674935
7	1	interaction_distance	state_3:state_7	32.00798949964792
7	1	interaction_distance	state_3:state_8	51.315371523852704
7	1	interaction_distance	state_4:state_0	32.03191916593251
7	1	interaction_distance	state_4:state_1	25.380293809933736
7	1	interaction_distance	state_4:state_2	40.18673699470062
7	1	interaction_distance	state_4:state_3	22.856733278649397
7	1	interaction_distance	state_4:state_4	18.10689072455349
7	1	interaction_distance	state_4:state_5	20.956576533689713
7	1	interaction_distance	state_4:state_6	39.20806567133032
7	1	interaction_distance	state_4:state_7	32.35480622269271
7	1	interaction_distance	state_4:state_8	50.770194606542915
7	1	interaction_distance	state_5:state_0	32.812465908400725
7	1	interaction_distance	state_5:state_1	22.668090272816563
7	1	interaction_distance	state_5:state_2	39.66103422788014
7	1	interaction_distance	state_5:state_3	23.270188536754887
7	1	interaction_distance	state_5:state_4	22.083199343582102
7	1	interaction_distance	state_5:state_5	16.216102112906952
7	1	interaction_distance	state_5:state_6	37.55998243167007
7	1	interaction_distance	state_5:state_7	30.33602605128923
7	1	interaction_distance	state_5:state_8	48.338319473077966
7	1	interaction_distance	state_6:state_0	32.83335395801701
7	1	interaction_distance	state_6:state_1	23.994435782553687
7	1	interaction_distance	state_6:state_2	41.145629039138434
7	1	interaction_distance	state_6:state_3	23.0314639678629
7	1	interaction_distance	state_6:state_4	20.209350137463563
7	1	interaction_distance	state_6:state_5	17.95417656040814
7	1	interaction_distance	state_6:state_6	38.660543393652496
7	1	interaction_distance	state_6:state_7	31.239974583710453
7	1	interaction_distance	state_6:state_8	49.09683594477681
7	1	interaction_distance	state_7:state_0	33.69448495857477
7	1	interaction_distance	state_7:state_1	23.930842232324505
7	1	interaction_distance	state_7:state_2	40.15265149415941
7	1	interaction_distance	state_7:state_3	23.302312644158555
7	1	interaction_distance	state_7:state_4	22.04034607204372
7	1	interaction_distance	state_7:state_5	18.156674405939075
7	1	interaction_distance	state_7:state_6	39.066750642909184
7	1	interaction_distance	state_7:state_7	31.596179552982672
7	1	interaction_distance	state_7:state_8	50.151919290702224
7	1	interaction_distance	state_8:state_0	32.10189265731899
7	1	interaction_distance	state_8:state_1	22.147344809637342
7	1	interaction_distance	state_8:state_2	39.21811134543474
7	1	interaction_distance	state_8:state_3	22.67935937433745
7	1	interaction_distance	state_8:state_4	20.954103533799604
7	1	interaction_distance	state_8:state_5	15.56752859867878
7	1	interaction_distance	state_8:state_6	36.05188831942687
7	1	interaction_distance	state_8:state_7	29.837895775030002
7	1	interaction_distance	state_8:state_8	46.43047133844605
7	2	moran_i	state_0	0.19715707178393746
7	2	geary_c	state_0	0.931298340231615
7	2	moran_i	state_1	0.1629544031970725
7	2	geary_c	state_1	0.8651429113101256
7	2	moran_i	state_2	0.2088722719763499
7	2	geary_c	state_2	0.910509520911225
7	2	moran_i	state_3	0.11075384108538745
7	2	geary_c	state_3	0.9185832160292314
7	2	moran_i	state_4	0.37043041721106895
7	2	geary_c	state_4	0.7543632953539668
7	2	moran_i	state_5	0.21269934933220938
7	2	geary_c	state_5	0.8533265720081136
7	2	moran_i	state_6	0.01707645617280945
7	2	geary_c	state_6	0.9890647061687524
7	2	moran_i	state_7	0.14697858028659175
7	2	geary_c	state_7	0.8932585363953327
7	2	moran_i	state_8	0.02423216217487419
7	2	geary_c	state_8	0.992020601100607
7	2	interaction_distance	state_0:state_0	43.57250940938934
7	2	interaction_distance	state_0:state_1	25.69763996829067
7	2	interaction_distance	state_0:state_2	51.97500788105711
7	2	interaction_distance	state_0:state_3	24.064057787167762
7	2	interaction_distance	state_0:state_4	17.909388888025774
7	2	interaction_distance	state_0:state_5	24.73019748724242
7	2	interaction_distance	state_0:state_6	48.98167724077427
7	2	interaction_distance	state_0:state_7	26.68667821766303
7	2	interaction_distance	state_0:state_8	57.27973924594152
7	2	interaction_distance	state_1:state_0	43.14227587194037
7	2	interaction_distance	state_1:state_1	22.516607161253525
7	2	interaction_distance	state_1:state_2	51.42492182800551
7	2	interaction_distance	state_1:state_3	24.43807892593137
7	2	interaction_distance	state_1:state_4	21.582614970938934
7	2	interaction_distance	state_1:state_5	20.621419964961703
7	2	interaction_distance	state_1:state_6	46.89276369880559
7	2	interaction_distance	state_1:state_7	24.645069560077136
7	2	interaction_distance	state_1:state_8	54.83634943862955
7	2	interaction_distance	state_2:state_0	43.96642317418066
7	2	interaction_distance	state_2:state_1	26.610865129944298
7	2	interaction_distance	state_2:state_2	53.76406811366203
7	2	interaction_distance	state_2:state_3	23.83765179084459
7	2	interaction_distance	state_2:state_4	17.7127266100824
7	2	interaction_distance	state_2:state_5	25.240415665374456
7	2	interaction_distance	state_2:state_6	48.95304262929429
7	2	interaction_distance	state_2:state_7	27.19520462008367
7	2	interaction_distance	state_2:state_8	57.91457437075591
7	2	interaction_distance	state_3:state_0	43.47719206120167
7	2	interaction_distance	state_3:state_1	24.870923886293486
7	2	interaction_distance	state_3:state_2	51.47534195481772
7	2	interaction_distance	state_3:state_3	23.16099937504041
7	2	interaction_distance	state_3:state_4	19.296029166348482
7	2	interaction_distance	state_3:state_5	23.548516760717074
7	2	interaction_distance	state_3:state_6	47.24297890145289
7	2	interaction_distance	state_3:state_7	25.08860716516965
7	2	interaction_distance	state_3:state_8	55.091098523806586
7	2	interaction_distance	state_4:state_0	43.36664570947941
7	2	interaction_distance	state_4:state_1	25.320517320927294
7	2	interaction_distance	state_4:state_2	51.51043280475865
7	2	interaction_distance	state_4:state_3	23.280816688835742
7	2	interaction_distance	state_4:state_4	17.46718655205293
7	2	interaction_distance	state_4:state_5	24.13498580464324
7	2	interaction_distance	state_4:state_6	47.59665202762609
7	2	interaction_distance	state_4:state_7	26.50327324250726
7	2	interaction_distance	state_4:state_8	56.46212293094157
7	2	interaction_distance	state_5:state_0	45.04315219430776
7	2	interaction_distance	state_5:state_1	23.499617407118798
7	2	interaction_distance	state_5:state_2	51.98237010603222
7	2	interaction_distance	state_5:state_3	24.885993897329374
7	2	interaction_distance	state_5:state_4	21.895453598141042
7	2	interaction_distance	state_5:state_5	20.237521291335394
7	2	interaction_distance	state_5:state_6	47.24586818473912
7	2	interaction_distance	state_5:state_7	24.882148700397227
7	2	interaction_distance	state_5:state_8	54.602703056667366
7	2	interaction_distance	state_6:state_0	44.2826714491725
7	2	interaction_distance	state_6:state_1	24.366367802966728
7	2	interaction_distance	state_6:state_2	51.66187391997895
7	2	interaction_distance	state_6:state_3	23.298713376817382
7	2	interaction_distance	state_6:state_4	19.475610215885652
7	2	interaction_distance	state_6:state_5	22.368855127709136
7	2	interaction_distance	state_6:state_6	48.290067773772876
7	2	interaction_distance	state_6:state_7	25.87261568248229
7	2	interaction_distance	state_6:state_8	55.855794313753876
7	2	interaction_distance	state_7:state_0	43.665369010934576
7	2	interaction_distance	state_7:state_1	23.95075414704208
7	2	interaction_distance	state_7:state_2	51.96698284696512
7	2	interaction_distance	state_7:state_3	23.945709873455375
7	2	interaction_distance	state_7:state_4	21.807970021177827
7	2	interaction_distance	state_7:state_5	21.718566034807687
7	2	interaction_distance	state_7:state_6	47.77292150766969
7	2	interaction_distance	state_7:state_7	24.757248702162123
7	2	interaction_distance	state_7:state_8	54.345292585492274
7	2	interaction_distance	state_8:state_0	47.45604682870938
7	2	interaction_distance	state_8:state_1	25.296530257784816
7	2	interaction_distance	state_8:state_2	55.54841987872125
7	2	interaction_distance	state_8:state_3	26.1066019154081
7	2	interaction_distance	state_8:state_4	23.411470093974167
7	2	interaction_distance	state_8:state_5	21.97474853712766
7	2	interaction_distance	state_8:state_6	50.8537977785616
7	2	interaction_distance	state_8:state_7	26.439261301362073
7	2	interaction_distance	state_8:state_8	59.5861048429214
7	3	moran_i	state_0	0.15269432773109243
7	3	geary_c	state_0	0.9634821428571427
7	3	moran_i	state_1	0.12320641175130337
7	3	geary_c	state_1	0.9338345864661658
7	3	moran_i	state_2	0.22040589380038922
7	3	geary_c	state_2	0.8858715596330275
7	3	moran_i	state_3	0.13999093469744553
7	3	geary_c	state_3	0.8843858257519346
7	3	moran_i	state_4	0.3473273714729062
7	3	geary_c	state_4	0.72490276246478
7	3	moran_i	state_5	0.24237133915269324
7	3	geary_c	state_5	0.8254207037225905
7	3	moran_i	state_6	0.03602031394275162
7	3	geary_c	state_6	0.9621952908587255
7	3	moran_i	state_7	0.12069029332839824
7	3	geary_c	state_7	0.8839255420869189
7	3	moran_i	state_8	0.04264573991031391
7	3	geary_c	state_8	1.0251457399103143
7	3	interaction_distance	state_0:state_0	48.08040331389373
7	3	interaction_distance	state_0:state_1	26.526392352482176
7	3	interaction_distance	state_0:state_2	56.673588764338675
7	3	interaction_distance	state_0:state_3	20.133344085252826
7	3	interaction_distance	state_0:state_4	18.67879309291448
7	3	interaction_distance	state_0:state_5	23.633601241276857
7	3	interaction_distance	state_0:state_6	58.052373169075395
7	3	interaction_distance	state_0:state_7	20.599195858296085
7	3	interaction_distance	state_0:state_8	60.43040504756466
7	3	interaction_distance	state_1:state_0	53.172758014044675
7	3	interaction_distance	state_1:state_1	24.619462847370464
7	3	interaction_distance	state_1:state_2	57.39612733614342
7	3	interaction_distance	state_1:state_3	22.469741401478494
7	3	interaction_distance	state_1:state_4	22.860334484428726
7	3	interaction_distance	state_1:state_5	19.539697413854597
7	3	interaction_distance	state_1:state_6	54.77377991916851
7	3	interaction_distance	state_1:state_7	21.170172059141795
7	3	interaction_distance	state_1:state_8	54.64947660999618
7	3	interaction_distance	state_2:state_0	56.673588764338675
7	3	interaction_distance	state_2:state_1	29.26570027807912
7	3	interaction_distance	state_2:state_2	60.68673614767121
7	3	interaction_distance	state_2:state_3	23.100408677977402
7	3	interaction_distance	state_2:state_4	20.013523444906486
7	3	interaction_distance	state_2:state_5	26.14147817084327
7	3	interaction_distance	state_2:state_6	60.39320294361832
7	3	interaction_distance	state_2:state_7	25.360672954061837
7	3	interaction_distance	state_2:state_8	60.479287150317155
7	3	interaction_distance	state_3:state_0	51.96551702506873
7	3	interaction_distance	state_3:state_1	26.009084912133645
7	3	interaction_distance	state_3:state_2	57.23900793328354
7	3	interaction_distance	state_3:state_3	21.301387729151198
7	3	interaction_distance	state_3:state_4	20.05385692132612
7	3	interaction_distance	state_3:state_5	22.289941465427205
7	3	interaction_distance	state_3:state_6	55.51389812441954
7	3	interaction_distance	state_3:state_7	22.081664861501437
7	3	interaction_distance	state_3:state_8	56.412639117524826
7	3	interaction_distance	state_4:state_0	52.83644596319488
7	3	interaction_distance	state_4:state_1	26.653931798553586
7	3	interaction_distance	state_4:state_2	57.00668296223729
7	3	interaction_distance	state_4:state_3	20.42730529513112
7	3	interaction_distance	state_4:state_4	18.168429579334497
7	3	interaction_distance	state_4:state_5	23.18897331554059
7	3	interaction_distance	state_4:state_6	55.00487928080644
7	3	interaction_distance	state_4:state_7	22.969063138623355
7	3	interaction_distance	state_4:state_8	55.892716608573174
7	3	interaction_distance	state_5:state_0	54.68797356325565
7	3	interaction_distance	state_5:state_1	24.917312790075158
7	3	interaction_distance	state_5:state_2	57.824726177661425
7	3	interaction_distance	state_5:state_3	22.96371021482955
7	3	interaction_distance	state_5:state_4	23.134737001081643
7	3	interaction_distance	state_5:state_5	18.494285048714246
7	3	interaction_distance	state_5:state_6	53.95573780228822
7	3	interaction_distance	state_5:state_7	22.018251334502345
7	3	interaction_distance	state_5:state_8	53.21721317105139
7	3	interaction_distance	state_6:state_0	58.052373169075395
7	3	interaction_distance	state_6:state_1	28.094655887295186
7	3	interaction_distance	state_6:state_2	60.39320294361831
7	3	interaction_distance	state_6:state_3	24.035266982566306
7	3	interaction_distance	state_6:state_4	22.539002244896334
7	3	interaction_distance	state_6:state_5	20.178103646569678
7	3	interaction_distance	state_6:state_6	56.603701665617194
7	3	interaction_distance	state_6:state_7	25.1887862756949
7	3	interaction_distance	state_6:state_8	54.73281698476912
7	3	interaction_distance	state_7:state_0	49.114995366814746
7	3	interaction_distance	state_7:state_1	23.983321418431125
7	3	interaction_distance	state_7:state_2	56.13752805520554
7	3	interaction_distance	state_7:state_3	22.074380263586267
7	3	interaction_distance	state_7:state_4	22.559533207852837
7	3	interaction_distance	state_7:state_5	19.777802212118647
7	3	interaction_distance	state_7:state_6	54.87627502327712
7	3	interaction_distance	state_7:state_7	20.04305506653702
7	3	interaction_distance	state_7:state_8	55.681383161449446
7	3	interaction_distance	state_8:state_0	60.43040504756465
7	3	interaction_distance	state_8:state_1	27.33682313784401
7	3	interaction_distance	state_8:state_2	60.47928715031717
7	3	interaction_distance	state_8:state_3	26.130291996212744
7	3	interaction_distance	state_8:state_4	25.36620714141719
7	3	interaction_distance	state_8:state_5	17.326610297244983
7	3	interaction_distance	state_8:state_6	54.73281698476912
7	3	interaction_distance	state_8:state_7	25.21978977886675
7	3	interaction_distance	state_8:state_8	57.163849785180744
7	4	moran_i	state_0	0.1444315486703336
7	4	geary_c	state_0	0.9639450976434374
7	4	moran_i	state_1	0.0872623543591804
7	4	geary_c	state_1	0.9478746484531941
7	4	moran_i	state_2	0.1924385633270321
7	4	geary_c	state_2	0.9076189693433057
7	4	moran_i	state_3	0.10696111968162411
7	4	geary_c	state_3	0.9171138238647798
7	4	moran_i	state_4	0.3282610434539165
7	4	geary_c	state_4	0.7283580298758173
7	4	moran_i	state_5	0.2824779829468895
7	4	geary_c	state_5	0.7645765287973351
7	4	moran_i	state_6	0.03504528122020971
7	4	geary_c	state_6	0.9571615824594851
7	4	moran_i	state_7	0.15302014202861486
7	4	geary_c	state_7	0.8625100245237625
7	4	moran_i	state_8	0.041985088536812674
7	4	geary_c	state_8	0.9687791239515382
7	4	interaction_distance	state_0:state_0	47.89520971284568
7	4	interaction_distance	state_0:state_1	28.319059020915507
7	4	interaction_distance	state_0:state_2	53.808858722042494
7	4	interaction_distance	state_0:state_3	23.241162282435987
7	4	interaction_distance	state_0:state_4	17.791476487422415
7	4	interaction_distance	state_0:state_5	22.900054383389502
7	4	interaction_distance	state_0:state_6	55.29136625362991
7	4	interaction_distance	state_0:state_7	23.38985311838789
7	4	interaction_distance	state_0:state_8	48.38080996057281
7	4	interaction_distance	state_1:state_0	53.01522720311252
7	4	interaction_distance	state_1:state_1	27.480099994877385
7	4	interaction_distance	state_1:state_2	57.533861559613555
7	4	interaction_distance	state_1:state_3	22.3061951325944
7	4	interaction_distance	state_1:state_4	21.63511961540941
7	4	interaction_distance	state_1:state_5	19.356341989633577
7	4	interaction_distance	state_1:state_6	50.951466124004455
7	4	interaction_distance	state_1:state_7	22.546545264106147
7	4	interaction_distance	state_1:state_8	48.68767161371581
7	4	interaction_distance	state_2:state_0	53.808858722042494
7	4	interaction_distance	state_2:state_1	32.21517314761608
7	4	interaction_distance	state_2:state_2	60.13952029753534
7	4	interaction_distance	state_2:state_3	24.347314491489445
7	4	interaction_distance	state_2:state_4	18.90264036725629
7	4	interaction_distance	state_2:state_5	27.37438882567711
7	4	interaction_distance	state_2:state_6	58.36384808708766
7	4	interaction_distance	state_2:state_7	27.941748753712222
7	4	interaction_distance	state_2:state_8	53.80573277653316
7	4	interaction_distance	state_3:state_0	53.9862151781028
7	4	interaction_distance	state_3:state_1	27.917918291804096
7	4	interaction_distance	state_3:state_2	57.479981128165086
7	4	interaction_distance	state_3:state_3	20.74878407723586
7	4	interaction_distance	state_3:state_4	19.178898236426495
7	4	interaction_distance	state_3:state_5	23.228266306725935
7	4	interaction_distance	state_3:state_6	50.27506620404705
7	4	interaction_distance	state_3:state_7	23.116837562163063
7	4	interaction_distance	state_3:state_8	48.68007328532514
7	4	interaction_distance	state_4:state_0	52.35056218259907
7	4	interaction_distance	state_4:state_1	29.032585217463563
7	4	interaction_distance	state_4:state_2	56.75473547924434
7	4	interaction_distance	state_4:state_3	21.191913115339965
7	4	interaction_distance	state_4:state_4	17.148185369131184
7	4	interaction_distance	state_4:state_5	24.345559114472046
7	4	interaction_distance	state_4:state_6	52.424208704431386
7	4	interaction_distance	state_4:state_7	24.422220933729996
7	4	interaction_distance	state_4:state_8	49.1663757839018
7	4	interaction_distance	state_5:state_0	55.193351956436594
7	4	interaction_distance	state_5:state_1	27.015029807384625
7	4	interaction_distance	state_5:state_2	59.09501539119101
7	4	interaction_distance	state_5:state_3	23.012097874406567
7	4	interaction_distance	state_5:state_4	22.92479134894583
7	4	interaction_distance	state_5:state_5	17.922071901531993
7	4	interaction_distance	state_5:state_6	49.67654353712395
7	4	interaction_distance	state_5:state_7	23.94773934505668
7	4	interaction_distance	state_5:state_8	49.0347429969317
7	4	interaction_distance	state_6:state_0	55.291366253629896
7	4	interaction_distance	state_6:state_1	27.288796095387156
7	4	interaction_distance	state_6:state_2	58.36384808708766
7	4	interaction_distance	state_6:state_3	21.91028869698606
7	4	interaction_distance	state_6:state_4	22.434432521682844
7	4	interaction_distance	state_6:state_5	17.83389483726477
7	4	interaction_distance	state_6:state_6	48.007892225341905
7	4	interaction_distance	state_6:state_7	24.125873637210006
7	4	interaction_distance	state_6:state_8	47.523271600163355
7	4	interaction_distance	state_7:state_0	50.563210831372935
7	4	interaction_distance	state_7:state_1	27.05524021907814
7	4	interaction_distance	state_7:state_2	55.76937350962472
7	4	interaction_distance	state_7:state_3	21.810754564250747
7	4	interaction_distance	state_7:state_4	22.168186525617
7	4	interaction_distance	state_7:state_5	21.664210099480915
7	4	interaction_distance	state_7:state_6	51.16935282883007
7	4	interaction_distance	state_7:state_7	20.49236553807393
7	4	interaction_distance	state_7:state_8	47.394413193470605
7	4	interaction_distance	state_8:state_0	48.38080996057281
7	4	interaction_distance	state_8:state_1	27.588995892329887
7	4	interaction_distance	state_8:state_2	53.80573277653316
7	4	interaction_distance	state_8:state_3	22.54322448978538
7	4	interaction_distance	state_8:state_4	20.14602833098658
7	4	interaction_distance	state_8:state_5	20.04117836332378
7	4	interaction_distance	state_8:state_6	47.523271600163355
7	4	interaction_distance	state_8:state_7	23.031714725683056
7	4	interaction_distance	state_8:state_8	46.72194974826981
7	6	moran_i	state_0	0.016598505147369897
7	6	geary_c	state_0	1.0193202651248063
7	6	moran_i	state_1	0.06884473877851362
7	6	geary_c	state_1	0.9457444199166054
7	6	moran_i	state_2	0.13033431661750247
7	6	geary_c	state_2	0.946984595214684
7	6	moran_i	state_3	0.09763767791936802
7	6	geary_c	state_3	0.9059666641826264
7	6	moran_i	state_4	0.35647374894801576
7	6	geary_c	state_4	0.7182948145270925
7	6	moran_i	state_5	0.2543062432073421
7	6	geary_c	state_5	0.8105180533751961
7	6	moran_i	state_6	0.09830447330447331
7	6	geary_c	state_6	0.9535834535834535
7	6	moran_i	state_7	0.09408563005048996
7	6	geary_c	state_7	0.9061936762195772
7	6	moran_i	state_8	0.058720930232558144
7	6	geary_c	state_8	0.9321705426356589
7	6	interaction_distance	state_0:state_0	49.58606940957271
7	6	interaction_distance	state_0:state_1	26.574740992050025
7	6	interaction_distance	state_0:state_2	53.07435720099699
7	6	interaction_distance	state_0:state_3	21.594378820180218
7	6	interaction_distance	state_0:state_4	18.919954078178883
7	6	interaction_distance	state_0:state_5	22.212317898936075
7	6	interaction_distance	state_0:state_6	51.60329749052735
7	6	interaction_distance	state_0:state_7	21.018741008335414
7	6	interaction_distance	state_0:state_8	61.45947807408903
7	6	interaction_distance	state_1:state_0	49.35699391165526
7	6	interaction_distance	state_1:state_1	25.232171239237793
7	6	interaction_distance	state_1:state_2	53.54412892425743
7	6	interaction_distance	state_1:state_3	23.348871656004313
7	6	interaction_distance	state_1:state_4	22.674719762883544
7	6	interaction_distance	state_1:state_5	19.675337747210904
7	6	interaction_distance	state_1:state_6	50.57541682251472
7	6	interaction_distance	state_1:state_7	20.612430770853397
7	6	interaction_distance	state_1:state_8	56.76632248182968
7	6	interaction_distance	state_2:state_0	53.07435720099699
7	6	interaction_distance	state_2:state_1	30.279801238898298
7	6	interaction_distance	state_2:state_2	54.05948166295605
7	6	interaction_distance	state_2:state_3	21.74413488218005
7	6	interaction_distance	state_2:state_4	19.424236886249286
7	6	interaction_distance	state_2:state_5	25.882004574777493
7	6	interaction_distance	state_2:state_6	56.05840528835315
7	6	interaction_distance	state_2:state_7	23.65555782865084
7	6	interaction_distance	state_2:state_8	61.8154547709218
7	6	interaction_distance	state_3:state_0	50.80512603081474
7	6	interaction_distance	state_3:state_1	28.171231426918276
7	6	interaction_distance	state_3:state_2	53.54327081813704
7	6	interaction_distance	state_3:state_3	21.926630514674258
7	6	interaction_distance	state_3:state_4	18.957602330593893
7	6	interaction_distance	state_3:state_5	24.074230132987186
7	6	interaction_distance	state_3:state_6	52.84144383278491
7	6	interaction_distance	state_3:state_7	22.91468317563544
7	6	interaction_distance	state_3:state_8	59.20750224773866
7	6	interaction_distance	state_4:state_0	51.69458658444702
7	6	interaction_distance	state_4:state_1	29.447575171379825
7	6	interaction_distance	state_4:state_2	55.56670889227425
7	6	interaction_distance	state_4:state_3	21.66764818859816
7	6	interaction_distance	state_4:state_4	17.29877217514198
7	6	interaction_distance	state_4:state_5	25.41183992111637
7	6	interaction_distance	state_4:state_6	55.04209706156629
7	6	interaction_distance	state_4:state_7	23.978203923057222
7	6	interaction_distance	state_4:state_8	63.03042271323337
7	6	interaction_distance	state_5:state_0	50.25808317846977
7	6	interaction_distance	state_5:state_1	25.172085779769095
7	6	interaction_distance	state_5:state_2	53.91843806808536
7	6	interaction_distance	state_5:state_3	23.740676521707176
7	6	interaction_distance	state_5:state_4	23.154487932565484
7	6	interaction_distance	state_5:state_5	20.07533823482961
7	6	interaction_distance	state_5:state_6	50.97636515765901
7	6	interaction_distance	state_5:state_7	21.691076780306346
7	6	interaction_distance	state_5:state_8	56.2917108365632
7	6	interaction_distance	state_6:state_0	51.60329749052735
7	6	interaction_distance	state_6:state_1	26.862108954151264
7	6	interaction_distance	state_6:state_2	56.05840528835315
7	6	interaction_distance	state_6:state_3	24.059778350594332
7	6	interaction_distance	state_6:state_4	22.593527239525468
7	6	interaction_distance	state_6:state_5	20.557236680741234
7	6	interaction_distance	state_6:state_6	52.99353547424842
7	6	interaction_distance	state_6:state_7	23.99225243022815
7	6	interaction_distance	state_6:state_8	56.94850805218274
7	6	interaction_distance	state_7:state_0	47.534045111464145
7	6	interaction_distance	state_7:state_1	24.813128356046168
7	6	interaction_distance	state_7:state_2	52.710414021825216
7	6	interaction_distance	state_7:state_3	22.65053318376433
7	6	interaction_distance	state_7:state_4	21.949515668303356
7	6	interaction_distance	state_7:state_5	20.504089808566683
7	6	interaction_distance	state_7:state_6	50.15569288516632
7	6	interaction_distance	state_7:state_7	19.297530165600488
7	6	interaction_distance	state_7:state_8	59.14264834663962
7	6	interaction_distance	state_8:state_0	61.45947807408903
7	6	interaction_distance	state_8:state_1	29.945982306921252
7	6	interaction_distance	state_8:state_2	61.81545477092178
7	6	interaction_distance	state_8:state_3	27.585321298327884
7	6	interaction_distance	state_8:state_4	25.56734170257149
7	6	interaction_distance	state_8:state_5	23.041534005182914
7	6	interaction_distance	state_8:state_6	56.94850805218274
7	6	interaction_distance	state_8:state_7	29.93980300678263
7	6	interaction_distance	state_8:state_8	56.31234885820833
7	8	moran_i	state_0	0.04584446190102121
7	8	geary_c	state_0	0.965675569520817
7	8	moran_i	state_1	0.0562136254707292
7	8	geary_c	state_1	0.9507643588865773
7	8	moran_i	state_2	-0.010474308300395257
7	8	geary_c	state_2	0.9645380434782609
7	8	moran_i	state_3	0.1205003024011273
7	8	geary_c	state_3	0.8995253549316323
7	8	moran_i	state_4	0.3283080227765011
7	8	geary_c	state_4	0.7370365648044257
7	8	moran_i	state_5	0.21288278100422317
7	8	geary_c	state_5	0.8370915032679738
7	8	moran_i	state_6	0.03578876555667676
7	8	geary_c	state_6	0.977547931382442
7	8	moran_i	state_7	0.14421185372005044
7	8	geary_c	state_7	0.9221082912988651
7	8	moran_i	state_8	0.027832351015062214
7	8	geary_c	state_8	0.9588531434184676
7	8	interaction_distance	state_0:state_0	56.093379457016205
7	8	interaction_distance	state_0:state_1	29.675842987909107
7	8	interaction_distance	state_0:state_2	53.94259515789241
7	8	interaction_distance	state_0:state_3	23.595819190250694
7	8	interaction_distance	state_0:state_4	21.492189127776822
7	8	interaction_distance	state_0:state_5	24.870085925526766
7	8	interaction_distance	state_0:state_6	56.57697594161814
7	8	interaction_distance	state_0:state_7	21.970462412661973
7	8	interaction_distance	state_0:state_8	54.06486432212996
7	8	interaction_distance	state_1:state_0	53.34711473973383
7	8	interaction_distance	state_1:state_1	27.737692169444188
7	8	interaction_distance	state_1:state_2	52.45095427650854
7	8	interaction_distance	state_1:state_3	23.358917175264697
7	8	interaction_distance	state_1:state_4	23.814346110995
7	8	interaction_distance	state_1:state_5	20.880886076247286
7	8	interaction_distance	state_1:state_6	53.74922218651265
7	8	interaction_distance	state_1:state_7	18.58452772634528
7	8	interaction_distance	state_1:state_8	54.04725429698465
7	8	interaction_distance	state_2:state_0	53.942595157892406
7	8	interaction_distance	state_2:state_1	29.839525343660256
7	8	interaction_distance	state_2:state_2	52.37963906278322
7	8	interaction_distance	state_2:state_3	21.264346579602172
7	8	interaction_distance	state_2:state_4	19.289662824781704
7	8	interaction_distance	state_2:state_5	26.13354278558893
7	8	interaction_distance	state_2:state_6	54.68750555870909
7	8	interaction_distance	state_2:state_7	22.092421228799168
7	8	interaction_distance	state_2:state_8	55.35074866310362
7	8	interaction_distance	state_3:state_0	54.10161394489866
7	8	interaction_distance	state_3:state_1	29.233777100469673
7	8	interaction_distance	state_3:state_2	52.110289853237006
7	8	interaction_distance	state_3:state_3	21.642963102994898
7	8	interaction_distance	state_3:state_4	20.556209809750907
7	8	interaction_distance	state_3:state_5	24.392246634700523
7	8	interaction_distance	state_3:state_6	54.725789795505975
7	8	interaction_distance	state_3:state_7	20.760731817920874
7	8	interaction_distance	state_3:state_8	55.90897898489354
7	8	interaction_distance	state_4:state_0	55.14597908264471
7	8	interaction_distance	state_4:state_1	30.666677920410578
7	8	interaction_distance	state_4:state_2	53.74796932379869
7	8	interaction_distance	state_4:state_3	21.890523700834812
7	8	interaction_distance	state_4:state_4	20.20667281859571
7	8	interaction_distance	state_4:state_5	26.206490412354388
7	8	interaction_distance	state_4:state_6	57.03164464985714
7	8	interaction_distance	state_4:state_7	22.29152443314898
7	8	interaction_distance	state_4:state_8	56.342516468872674
7	8	interaction_distance	state_5:state_0	53.2930729724186
7	8	interaction_distance	state_5:state_1	26.91275676952402
7	8	interaction_distance	state_5:state_2	52.572191593818765
7	8	interaction_distance	state_5:state_3	23.670026117701237
7	8	interaction_distance	state_5:state_4	24.70670050311518
7	8	interaction_distance	state_5:state_5	20.987775033409417
7	8	interaction_distance	state_5:state_6	53.70332954130101
7	8	interaction_distance	state_5:state_7	18.25414811466193
7	8	interaction_distance	state_5:state_8	53.921934797897286
7	8	interaction_distance	state_6:state_0	56.57697594161812
7	8	interaction_distance	state_6:state_1	29.549394143523045
7	8	interaction_distance	state_6:state_2	54.68750555870909
7	8	interaction_distance	state_6:state_3	23.994065294904328
7	8	interaction_distance	state_6:state_4	23.88510800900443
7	8	interaction_distance	state_6:state_5	23.600949647921087
7	8	interaction_distance	state_6:state_6	57.05736372848367
7	8	interaction_distance	state_6:state_7	21.77587754945029
7	8	interaction_distance	state_6:state_8	57.55520510999781
7	8	interaction_distance	state_7:state_0	51.769110102451556
7	8	interaction_distance	state_7:state_1	26.46704404752714
7	8	interaction_distance	state_7:state_2	50.450547330993565
7	8	interaction_distance	state_7:state_3	22.520682258592952
7	8	interaction_distance	state_7:state_4	23.13584530905996
7	8	interaction_distance	state_7:state_5	20.7864545209843
7	8	interaction_distance	state_7:state_6	52.885450160956765
7	8	interaction_distance	state_7:state_7	17.99523357732387
7	8	interaction_distance	state_7:state_8	52.50416132888587
7	8	interaction_distance	state_8:state_0	54.06486432212996
7	8	interaction_distance	state_8:state_1	27.511778569400995
7	8	interaction_distance	state_8:state_2	55.35074866310362
7	8	interaction_distance	state_8:state_3	26.278019306368495
7	8	interaction_distance	state_8:state_4	24.201641053187373
7	8	interaction_distance	state_8:state_5	21.500070508117226
7	8	interaction_distance	state_8:state_6	57.55520510999781
7	8	interaction_distance	state_8:state_7	20.671196229108567
7	8	interaction_distance	state_8:state_8	60.384761921727765
7	10	moran_i	state_0	0.0160350942691805
7	10	geary_c	state_0	1.038973539294381
7	10	moran_i	state_1	0.12504103967168265
7	10	geary_c	state_1	0.9192010088919288
7	10	moran_i	state_2	0.02682048915551453
7	10	geary_c	state_2	0.9894900784494696
7	10	moran_i	state_3	0.149494973888369
7	10	geary_c	state_3	0.8818546804721222
7	10	moran_i	state_4	0.32993234911853897
7	10	geary_c	state_4	0.7643133268903921
7	10	moran_i	state_5	0.24504176483186987
7	10	geary_c	state_5	0.802650293156993
7	10	moran_i	state_6	0.0693485159604256
7	10	geary_c	state_6	0.9751260033600895
7	10	moran_i	state_7	0.09059233449477348
7	10	geary_c	state_7	0.9345617683074718
7	10	moran_i	state_8	0.04331983805668017
7	10	geary_c	state_8	0.912670799595142
7	10	interaction_distance	state_0:state_0	47.922236005698174
7	10	interaction_distance	state_0:state_1	25.144782959464255
7	10	interaction_distance	state_0:state_2	52.06815660005414
7	10	interaction_distance	state_0:state_3	20.905021326734296
7	10	interaction_distance	state_0:state_4	23.42762301989036
7	10	interaction_distance	state_0:state_5	22.533817560191668
7	10	interaction_distance	state_0:state_6	56.94740336209367
7	10	interaction_distance	state_0:state_7	20.816832238492797
7	10	interaction_distance	state_0:state_8	52.35720513490173
7	10	interaction_distance	state_1:state_0	47.75155773979822
7	10	interaction_distance	state_1:state_1	24.495832691832252
7	10	interaction_distance	state_1:state_2	52.75122638204044
7	10	interaction_distance	state_1:state_3	22.191556930665836
7	10	interaction_distance	state_1:state_4	24.865405162484155
7	10	interaction_distance	state_1:state_5	21.05939224613157
7	10	interaction_distance	state_1:state_6	58.009848738151526
7	10	interaction_distance	state_1:state_7	19.65701755316162
7	10	interaction_distance	state_1:state_8	53.83828525618569
7	10	interaction_distance	state_2:state_0	52.06815660005414
7	10	interaction_distance	state_2:state_1	30.117252385383168
7	10	interaction_distance	state_2:state_2	57.154532454523036
7	10	interaction_distance	state_2:state_3	19.800989602140213
7	10	interaction_distance	state_2:state_4	21.186186949391633
7	10	interaction_distance	state_2:state_5	27.997601683093936
7	10	interaction_distance	state_2:state_6	60.95987659603455
7	10	interaction_distance	state_2:state_7	22.24802580356034
7	10	interaction_distance	state_2:state_8	58.93335134924839
7	10	interaction_distance	state_3:state_0	50.51513018025502
7	10	interaction_distance	state_3:state_1	27.969174276549204
7	10	interaction_distance	state_3:state_2	54.333776450670804
7	10	interaction_distance	state_3:state_3	19.997217641661525
7	10	interaction_distance	state_3:state_4	21.25280758054073
7	10	interaction_distance	state_3:state_5	24.98403209248837
7	10	interaction_distance	state_3:state_6	59.03546611165975
7	10	interaction_distance	state_3:state_7	21.427777448262507
7	10	interaction_distance	state_3:state_8	56.476608559819
7	10	interaction_distance	state_4:state_0	51.55393765169038
7	10	interaction_distance	state_4:state_1	29.00267181057549
7	10	interaction_distance	state_4:state_2	54.968947009992135
7	10	interaction_distance	state_4:state_3	19.317874276292773
7	10	interaction_distance	state_4:state_4	20.060926638008556
7	10	interaction_distance	state_4:state_5	26.496932269325406
7	10	interaction_distance	state_4:state_6	59.74142375491967
7	10	interaction_distance	state_4:state_7	22.211442268883218
7	10	interaction_distance	state_4:state_8	57.592192257653174
7	10	interaction_distance	state_5:state_0	50.922785211429975
7	10	interaction_distance	state_5:state_1	27.38340338108703
7	10	interaction_distance	state_5:state_2	56.34975890316275
7	10	interaction_distance	state_5:state_3	23.198261132504406
7	10	interaction_distance	state_5:state_4	25.673495428453887
7	10	interaction_distance	state_5:state_5	20.73822044954707
7	10	interaction_distance	state_5:state_6	57.41222077497586
7	10	interaction_distance	state_5:state_7	20.972004421384298
7	10	interaction_distance	state_5:state_8	55.158545526116264
7	10	interaction_distance	state_6:state_0	56.94740336209368
7	10	interaction_distance	state_6:state_1	33.64618407925609
7	10	interaction_distance	state_6:state_2	60.95987659603455
7	10	interaction_distance	state_6:state_3	25.19706878023226
7	10	interaction_distance	state_6:state_4	26.067317167512403
7	10	interaction_distance	state_6:state_5	24.591961105143294
7	10	interaction_distance	state_6:state_6	63.1031604250212
7	10	interaction_distance	state_6:state_7	25.61926966532163
7	10	interaction_distance	state_6:state_8	59.96561391967341
7	10	interaction_distance	state_7:state_0	49.51826361293734
7	10	interaction_distance	state_7:state_1	26.32752777664057
7	10	interaction_distance	state_7:state_2	54.03861794370356
7	10	interaction_distance	state_7:state_3	21.587437909844194
7	10	interaction_distance	state_7:state_4	23.873968297043902
7	10	interaction_distance	state_7:state_5	22.722350931504845
7	10	interaction_distance	state_7:state_6	58.61158650547567
7	10	interaction_distance	state_7:state_7	20.67882200066647
7	10	interaction_distance	state_7:state_8	55.29507098260544
7	10	interaction_distance	state_8:state_0	52.35720513490173
7	10	interaction_distance	state_8:state_1	30.57068308576374
7	10	interaction_distance	state_8:state_2	58.93335134924839
7	10	interaction_distance	state_8:state_3	26.97253144851581
7	10	interaction_distance	state_8:state_4	29.78045641946956
7	10	interaction_distance	state_8:state_5	22.882066335175367
7	10	interaction_distance	state_8:state_6	59.96561391967341
7	10	interaction_distance	state_8:state_7	24.90287606701032
7	10	interaction_distance	state_8:state_8	62.06832906781493
