state,row,col,niche,state_rank,cell_type,niche_name,cortical_depth
0,0.14673737239776305,86.98641068611441,0,1,L2/3 IT,superficial (L2/3),0.014915989900130286
0,0.0056788778345802406,88.96500915422655,0,1,L2/3 IT,superficial (L2/3),0.016005456749477148
6,-0.17107627090219993,89.69362744553851,0,7,L6 IT,superficial (L2/3),0.01692656670362066
1,0.20869944094888748,92.09489665144585,0,2,L4/5 IT,superficial (L2/3),0.02137444305924253
0,0.15436779482245286,96.87545971687604,0,1,L2/3 IT,superficial (L2/3),0.050100084317527986
0,-0.2312379440595659,98.28661291019398,0,1,L2/3 IT,superficial (L2/3),0.056854296567998334
0,-0.08086058554577653,99.15924858503992,0,1,L2/3 IT,superficial (L2/3),0.06300552975723593
0,-0.250241131959506,103.98497295688603,0,1,L2/3 IT,superficial (L2/3),0.0778222651686268
0,-0.2908724549699891,108.48445901544063,0,1,L2/3 IT,superficial (L2/3),0.07816244594406609
0,0.38989682122763475,109.07309206013132,0,1,L2/3 IT,superficial (L2/3),0.07866730921992206
0,-0.07644097802480997,111.05098211122451,0,1,L2/3 IT,superficial (L2/3),0.08059874034895176
0,0.14743083583737335,114.06381686607801,0,1,L2/3 IT,superficial (L2/3),0.08418211123916795
0,0.07089973447684712,116.97390248130765,0,1,L2/3 IT,superficial (L2/3),0.08648081741314331
0,1.0132754455175075,80.88067064087979,0,1,L2/3 IT,superficial (L2/3),0.00504245538200296
1,0.7704409996157204,82.6591226044661,0,2,L4/5 IT,superficial (L2/3),0.01651661496697376
2,0.7778127871506737,84.32990296088485,0,5,L5 ET,superficial (L2/3),0.020631289522501046
0,1.0971820019240854,88.70276832477398,0,1,L2/3 IT,superficial (L2/3),0.02768568431427577
1,1.2483529077582962,91.09281040081474,0,2,L4/5 IT,superficial (L2/3),0.030305777406723584
1,0.595625091093251,92.3782350046666,0,2,L4/5 IT,superficial (L2/3),0.03301620838054458
1,0.7934709011535718,92.7637907682361,0,2,L4/5 IT,superficial (L2/3),0.03687867449973148
1,0.9555950850650958,93.75980885027026,0,2,L4/5 IT,superficial (L2/3),0.041872383193077865
3,1.2299816810179074,94.82693827494377,0,4,L5 IT,superficial (L2/3),0.047812348258079604
2,1.1183956324791908,103.08306885604597,0,5,L5 ET,superficial (L2/3),0.08825079492642564
0,1.1786661073498959,105.21751355311599,0,1,L2/3 IT,superficial (L2/3),0.0897455600977537
6,1.0530433861384954,108.93314585813124,0,7,L6 IT,superficial (L2/3),0.09110371935122284
0,0.7904479031793421,110.06430134458725,0,1,L2/3 IT,superficial (L2/3),0.0920628219051535
0,0.9700213136099,111.65715062479273,0,1,L2/3 IT,superficial (L2/3),0.09451607472797037
0,1.278794605882358,113.10198733145488,0,1,L2/3 IT,superficial (L2/3),0.09577815834861995
0,1.0381994018098395,115.01609168303759,0,1,L2/3 IT,superficial (L2/3),0.09789859186233707
0,0.7308839496744286,116.11572735744008,0,1,L2/3 IT,superficial (L2/3),0.09867825152795659
0,2.3113703958459055,78.82102840345682,0,1,L2/3 IT,superficial (L2/3),0.0016816608299582885
5,2.1006964155521852,82.23609728329305,0,6,L6 CT,superficial (L2/3),0.022578562566935977
1,2.160352685436121,82.98339413963387,0,2,L4/5 IT,superficial (L2/3),0.027902526425651143
5,2.43305564080016,86.11211732136016,0,6,L6 CT,superficial (L2/3),0.036980060702210986
8,1.879486638278497,91.0769567518875,0,9,L6b,superficial (L2/3),0.04180608129206609
0,1.850527980236669,94.0073187628552,0,1,L2/3 IT,superficial (L2/3),0.052937574083459685
0,1.4486293302555815,95.84335825497726,0,1,L2/3 IT,superficial (L2/3),0.0543977424213008
0,2.0323313088795434,98.17255151148348,0,1,L2/3 IT,superficial (L2/3),0.07824968173893261
0,2.13336300789978,100.23166083550062,0,1,L2/3 IT,superficial (L2/3),0.0894955552515474
2,1.9950414441883388,100.61378487013815,0,5,L5 ET,superficial (L2/3),0.09371122522840446
2,2.0029528966236323,101.92948810607743,0,5,L5 ET,superficial (L2/3),0.09685925309907985
3,2.20590787662404,105.95051795472605,0,4,L5 IT,superficial (L2/3),0.10168110482125486
0,2.092536985237569,107.95739848536498,0,1,L2/3 IT,superficial (L2/3),0.10286481682869064
0,2.0905563209991724,114.04173521784311,0,1,L2/3 IT,superficial (L2/3),0.11010928143723944
0,1.9843087365523289,116.06624084355151,0,1,L2/3 IT,superficial (L2/3),0.11188046545899714
0,2.990003733378732,84.15422938666065,0,1,L2/3 IT,superficial (L2/3),0.04343643882391347
1,3.228994914057773,85.11074196244283,0,2,L4/5 IT,superficial (L2/3),0.04648525269018017
6,2.979312358375782,88.85829672578245,0,7,L6 IT,superficial (L2/3),0.05079531466676637
0,2.9074143302782964,90.73014994925252,0,1,L2/3 IT,superficial (L2/3),0.05318257162995299
0,2.878562515727638,91.70036208469348,0,1,L2/3 IT,superficial (L2/3),0.05562860371899594
0,2.9733585394519566,95.15623552095028,0,1,L2/3 IT,superficial (L2/3),0.06914086394664717
0,3.0418310989865978,96.90909270467448,0,1,L2/3 IT,superficial (L2/3),0.0816594001427585
0,3.1126702268442044,98.11577851527103,0,1,L2/3 IT,superficial (L2/3),0.08800418863589264
0,3.028938462666708,99.8459873408589,0,1,L2/3 IT,superficial (L2/3),0.09913725803011177
0,2.927044232672374,101.03640673742103,0,1,L2/3 IT,superficial (L2/3),0.10345466776812999
0,2.640875018264432,101.97219324065588,0,1,L2/3 IT,superficial (L2/3),0.10681275408450341
0,3.1362050960050682,104.1387342467868,0,1,L2/3 IT,superficial (L2/3),0.11100817773637882
0,2.7816337682750594,105.85696752106004,0,1,L2/3 IT,superficial (L2/3),0.1132291369713266
0,2.9645037949029,108.99972300923454,0,1,L2/3 IT,superficial (L2/3),0.11651580568752315
0,3.2623289527497814,111.96393233310357,0,1,L2/3 IT,superficial (L2/3),0.12093802642800876
0,3.055162041435136,112.98682456441236,0,1,L2/3 IT,superficial (L2/3),0.12232492994537582
0,2.8210044255564926,115.15187315156994,0,1,L2/3 IT,superficial (L2/3),0.12454056138252227
1,4.154797198627009,77.82701599836999,0,2,L4/5 IT,superficial (L2/3),0.014356133158580366
0,3.9410087293901683,81.0936974821358,0,1,L2/3 IT,superficial (L2/3),0.038100911609443774
1,3.893836914696329,82.13293758126296,0,2,L4/5 IT,superficial (L2/3),0.04476923633408011
0,4.273814305653029,83.94343612692538,0,1,L2/3 IT,superficial (L2/3),0.05471005877735866
0,4.148909225751705,87.15627548907231,0,1,L2/3 IT,superficial (L2/3),0.061085277482563205
0,4.7012505910445945,87.67642304680949,0,1,L2/3 IT,superficial (L2/3),0.07330006556973506
0,3.7622757539744507,88.99348621089227,0,1,L2/3 IT,superficial (L2/3),0.06230905706955451
0,4.002250446319609,90.0322724523748,0,1,L2/3 IT,superficial (L2/3),0.06310860431393492
0,4.096322529695997,94.40360708957232,0,1,L2/3 IT,superficial (L2/3),0.07421529783375053
0,4.292113277055199,103.13320718931861,0,1,L2/3 IT,superficial (L2/3),0.1190821124543818
0,3.9447480932139563,108.10851296979423,0,1,L2/3 IT,superficial (L2/3),0.127443639223057
0,4.350484337976734,108.79861127776769,0,1,L2/3 IT,superficial (L2/3),0.1290851654594229
1,4.037579895562002,110.00631232406201,0,2,L4/5 IT,superficial (L2/3),0.1308136304392944
0,3.8439641415248347,112.11854093406461,0,1,L2/3 IT,superficial (L2/3),0.13419870334616954
0,3.9707345899663817,116.06025045625802,0,1,L2/3 IT,superficial (L2/3),0.1388414802774552
0,3.996181473312131,117.24209171974911,0,1,L2/3 IT,superficial (L2/3),0.13946881611991613
0,4.977759559056158,75.04133410065941,0,1,L2/3 IT,superficial (L2/3),0.000567981148484846
0,4.87591128193876,78.11651408591356,0,1,L2/3 IT,superficial (L2/3),0.024087577776740775
2,4.960612169069554,79.92238552706777,0,5,L5 ET,superficial (L2/3),0.04096147922269182
1,5.222432942185218,81.24892485075571,0,2,L4/5 IT,superficial (L2/3),0.04873122923073455
0,5.202619083865884,82.02588044914044,0,1,L2/3 IT,superficial (L2/3),0.055616487421112276
0,5.425279763511848,83.28098992419906,0,1,L2/3 IT,superficial (L2/3),0.06137336229908221
0,4.825020091844486,85.02619915954686,0,1,L2/3 IT,superficial (L2/3),0.06914518468143137
0,4.777462256718712,86.02895588798036,0,1,L2/3 IT,superficial (L2/3),0.07129476340681291
1,5.473171588028159,88.12631456942647,0,2,L4/5 IT,superficial (L2/3),0.07330006556973506
2,5.093530818437399,89.08573694658,0,5,L5 ET,superficial (L2/3),0.07384511472241535
0,5.097053331556148,89.90134633144228,0,1,L2/3 IT,superficial (L2/3),0.07457664630280202
3,4.82016334808953,91.88374345429175,0,4,L5 IT,superficial (L2/3),0.07783767566421665
2,5.096336345555779,93.13104133088318,0,5,L5 ET,superficial (L2/3),0.08076654414947472
0,5.021939121136726,94.83339734291292,0,1,L2/3 IT,superficial (L2/3),0.08936920172666311
0,5.014389335075296,98.07174957624225,0,1,L2/3 IT,superficial (L2/3),0.10635605450706072
0,5.269374747713866,103.96399456238342,0,1,L2/3 IT,superficial (L2/3),0.13107878585054214
1,4.83068820922798,106.99064919085747,0,2,L4/5 IT,superficial (L2/3),0.13725578989991047
0,5.04226632940786,111.11146317449766,0,1,L2/3 IT,superficial (L2/3),0.1453215266621222
0,5.620884326415593,80.29568090829416,0,1,L2/3 IT,superficial (L2/3),0.05118131609633789
1,6.101477024572669,81.91071076280261,0,2,L4/5 IT,superficial (L2/3),0.0663168053135066
0,5.761219308647054,82.50808261669067,0,1,L2/3 IT,superficial (L2/3),0.07226891098575666
2,6.401143211624147,84.21707184956674,0,5,L5 ET,superficial (L2/3),0.07695120200494361
0,5.706770031461041,84.65290197338172,0,1,L2/3 IT,superficial (L2/3),0.08037298512361093
0,6.360226068651342,87.92939034728265,0,1,L2/3 IT,superficial (L2/3),0.08485856950531762
0,5.818953490779142,88.99949809402143,0,1,L2/3 IT,superficial (L2/3),0.08541801400217634
0,5.648415995688776,93.11182951014443,0,1,L2/3 IT,superficial (L2/3),0.09156155504567633
0,6.049832582753434,93.88310549290739,0,1,L2/3 IT,superficial (L2/3),0.09505676421054511
2,6.051457557936269,95.85721245080882,0,5,L5 ET,superficial (L2/3),0.10434745540152636
0,5.791611061720664,97.46914041616348,0,1,L2/3 IT,superficial (L2/3),0.10974225678790296
0,5.722453234304687,101.11790171054614,0,1,L2/3 IT,superficial (L2/3),0.1302505974963711
0,5.474229529403501,102.04775175091581,0,1,L2/3 IT,superficial (L2/3),0.12537308209747416
0,5.926679723077808,102.68798569064585,0,1,L2/3 IT,superficial (L2/3),0.13760703331995244
0,6.07557368784971,105.91150958370176,0,1,L2/3 IT,superficial (L2/3),0.14569714861047717
1,5.553870620508208,109.94611336225586,0,2,L4/5 IT,superficial (L2/3),0.15532760103119905
0,6.0289115871146315,114.80774650280082,0,1,L2/3 IT,superficial (L2/3),0.16412859266745036
0,7.35271150441612,74.10512465149066,0,1,L2/3 IT,superficial (L2/3),0.012111353352022474
1,6.611850998628297,75.89885522797911,0,2,L4/5 IT,superficial (L2/3),0.026121841394002598
0,7.124630863535874,76.67787841018826,0,1,L2/3 IT,superficial (L2/3),0.034489668368741705
0,7.120733376314132,79.29228139603558,0,1,L2/3 IT,superficial (L2/3),0.05249011462589077
0,6.864670304421549,81.15884994441608,0,1,L2/3 IT,superficial (L2/3),0.069596961518345
0,7.071180040556031,81.35200538851247,0,1,L2/3 IT,superficial (L2/3),0.069596961518345
1,6.757297437764502,87.70810169289156,0,2,L4/5 IT,superficial (L2/3),0.09642078539277406
0,7.09913111179239,94.08636827320998,0,1,L2/3 IT,superficial (L2/3),0.10552731108912163
1,7.355839446271598,95.42234655163082,0,2,L4/5 IT,superficial (L2/3),0.10943206417275939
2,6.924679712893227,95.85644758315595,0,5,L5 ET,superficial (L2/3),0.11399722163109549
0,6.862832995885862,96.73654803792866,0,1,L2/3 IT,superficial (L2/3),0.11901423116739202
0,6.556742207735863,97.77417240981896,0,1,L2/3 IT,superficial (L2/3),0.12423482999627425
0,7.411596674386575,99.26968878663348,0,1,L2/3 IT,superficial (L2/3),0.12940728821718198
0,7.412103581011055,101.26689443215852,0,1,L2/3 IT,superficial (L2/3),0.13884449030130266
0,6.889679685576552,102.10672929487352,0,1,L2/3 IT,superficial (L2/3),0.14290325531006476
0,7.019820667592375,104.95363177733168,0,1,L2/3 IT,superficial (L2/3),0.15279388118503154
0,6.979332192136036,105.94103593647849,0,1,L2/3 IT,superficial (L2/3),0.15566889616587393
1,7.2993066609226585,113.49688743159491,0,2,L4/5 IT,superficial (L2/3),0.1734072392768754
1,7.654634640926095,61.29938824254509,0,2,L4/5 IT,superficial (L2/3),0.002384019471500225
1,8.148808694139158,66.83851170586247,0,2,L4/5 IT,superficial (L2/3),0.006079262168212955
1,7.503704945587879,68.94189112312445,0,2,L4/5 IT,superficial (L2/3),0.006606105328382949
0,8.143795517349716,75.8393299184811,0,1,L2/3 IT,superficial (L2/3),0.03580931144830221
0,7.835921184555598,80.70731475210513,0,1,L2/3 IT,superficial (L2/3),0.07997897320577067
0,8.287492312897399,85.93576211342932,0,1,L2/3 IT,superficial (L2/3),0.1052267079117567
0,8.120848218325191,93.90333335270554,0,1,L2/3 IT,superficial (L2/3),0.11609609774623551
0,7.865320264258474,97.6508827626398,0,1,L2/3 IT,superficial (L2/3),0.13335384395701685
2,7.837894735192196,101.06928522182322,0,5,L5 ET,superficial (L2/3),0.14751646863208875
0,7.737020856717032,103.90535785469325,0,1,L2/3 IT,superficial (L2/3),0.15884281611649176
0,8.370050004827396,104.69762783900707,0,1,L2/3 IT,superficial (L2/3),0.16211890988686095
0,8.23439301510142,108.14329058881796,0,1,L2/3 IT,superficial (L2/3),0.17147572093411156
0,7.866776007029969,111.80601401004398,0,1,L2/3 IT,superficial (L2/3),0.1825636344275243
0,7.70661809113794,117.42967492399407,0,1,L2/3 IT,superficial (L2/3),0.19010236875402597
0,9.109132702372285,59.172485580024606,0,1,L2/3 IT,superficial (L2/3),0.010825951290226303
0,9.002902639145601,61.573706288950454,0,1,L2/3 IT,superficial (L2/3),0.017415001331889897
0,8.893253788482504,63.397622766342536,0,1,L2/3 IT,superficial (L2/3),0.018418339238613423
3,9.02548279295543,67.17998663345567,0,4,L5 IT,superficial (L2/3),0.018055050130019384
3,9.146320947623412,69.42789102849953,0,4,L5 IT,superficial (L2/3),0.01791120924225078
0,8.994157615066575,74.05383239086242,0,1,L2/3 IT,superficial (L2/3),0.032101210359843035
0,9.137108240776536,80.78307078295583,0,1,L2/3 IT,superficial (L2/3),0.09043433798091428
3,8.999176887624627,84.14879614017454,0,4,L5 IT,superficial (L2/3),0.10958276540486654
0,9.059833238279923,87.21524762075471,0,1,L2/3 IT,superficial (L2/3),0.11822424435445734
0,8.88083946889616,89.70512393129148,0,1,L2/3 IT,superficial (L2/3),0.12069037806997877
0,9.174634627976076,92.24313759702248,0,1,L2/3 IT,superficial (L2/3),0.12258189071985828
1,9.034322832153252,92.68140825198888,0,2,L4/5 IT,superficial (L2/3),0.12432861456876033
0,8.932988531396335,96.45066369527841,0,1,L2/3 IT,superficial (L2/3),0.13380394736491236
0,9.041768252076508,97.14544146529933,0,1,L2/3 IT,superficial (L2/3),0.13812927421873125
0,8.948945530924261,98.96988071575834,0,1,L2/3 IT,superficial (L2/3),0.1474415506791925
0,8.958121187895815,100.26852164953452,0,1,L2/3 IT,superficial (L2/3),0.1520374416778654
0,9.11558448872327,100.95268428924331,0,1,L2/3 IT,superficial (L2/3),0.15640888723986518
0,9.192072922569968,106.06524796320473,0,1,L2/3 IT,superficial (L2/3),0.1746705620416462
8,8.641188389422823,107.23810557870777,0,9,L6b,superficial (L2/3),0.17797429759647937
0,8.958188313950588,108.71458474459514,0,1,L2/3 IT,superficial (L2/3),0.18443447864156398
0,9.017883875169519,112.81277297752888,0,1,L2/3 IT,superficial (L2/3),0.19539930655318297
0,8.753634718896738,113.84896637777611,0,1,L2/3 IT,superficial (L2/3),0.19742084104105392
0,9.096218659226132,114.96362811117928,0,1,L2/3 IT,superficial (L2/3),0.19908836131619806
0,8.947436876754626,116.95079181831741,0,1,L2/3 IT,superficial (L2/3),0.20131335530880462
3,9.881772115548404,61.860282517247,0,4,L5 IT,superficial (L2/3),0.029607785294704227
0,9.610851822843394,62.739880251646944,0,1,L2/3 IT,superficial (L2/3),0.030517302633362154
1,9.682357107058687,64.26497421723118,0,2,L4/5 IT,superficial (L2/3),0.030855161988794795
0,10.020559055489702,67.76486690728467,0,1,L2/3 IT,superficial (L2/3),0.02941688904587956
0,10.394460671742564,68.95765005964977,0,1,L2/3 IT,superficial (L2/3),0.02945655995081409
0,9.908249835604517,71.72472744573989,0,1,L2/3 IT,superficial (L2/3),0.03436542576212761
7,9.538605799010602,75.0246572738229,0,8,L6 IT Car3,superficial (L2/3),0.04972225424788741
0,10.272562208188376,79.22026299953166,0,1,L2/3 IT,superficial (L2/3),0.0836999863645437
1,10.038041753498993,87.25116972581961,0,2,L4/5 IT,superficial (L2/3),0.12935737486503937
1,10.257795143025497,88.70930022459942,0,2,L4/5 IT,superficial (L2/3),0.13146796793514454
0,9.861712226346832,92.97391787459594,0,1,L2/3 IT,superficial (L2/3),0.1353838688829493
0,10.190022817103817,95.7681225414558,0,1,L2/3 IT,superficial (L2/3),0.14408314618564683
0,10.076926634904833,98.1511318825612,0,1,L2/3 IT,superficial (L2/3),0.15249928055333467
0,9.725329206587169,103.99273925266334,0,1,L2/3 IT,superficial (L2/3),0.17706532606956796
0,9.922297624754048,105.94292369431737,0,1,L2/3 IT,superficial (L2/3),0.18397537851386458
0,10.027223113544295,106.72041902083932,0,1,L2/3 IT,superficial (L2/3),0.1873609920683734
0,9.806919154773801,109.51814943311025,0,1,L2/3 IT,superficial (L2/3),0.19717869867353627
0,10.262807872076579,115.40816654076698,0,1,L2/3 IT,superficial (L2/3),0.2094853299402194
0,10.911923684167208,51.693949513033964,0,1,L2/3 IT,superficial (L2/3),0.004197760493634588
8,11.195004544127567,53.181758127897275,0,9,L6b,superficial (L2/3),0.01011788537276059
0,10.947116449856813,56.90694702963731,0,1,L2/3 IT,superficial (L2/3),0.028311228537783194
0,11.143438864549456,59.11509646537836,0,1,L2/3 IT,superficial (L2/3),0.03467546688014794
2,11.125149247902796,63.63972449580938,0,5,L5 ET,superficial (L2/3),0.04197861601240661
0,10.581226676830081,65.87667401622997,0,1,L2/3 IT,superficial (L2/3),0.04164682035547986
0,10.94640297743722,66.99381737131587,0,1,L2/3 IT,superficial (L2/3),0.041285346446886396
1,11.161912572056188,67.93634182108032,0,2,L4/5 IT,superficial (L2/3),0.041089257953486835
0,10.926314896688451,71.11987601516114,0,1,L2/3 IT,superficial (L2/3),0.04382407275983479
1,11.33492590304276,73.19868982303872,0,2,L4/5 IT,superficial (L2/3),0.050424919167478176
0,11.287939893664785,74.16181437035289,0,1,L2/3 IT,superficial (L2/3),0.05552165536487721
0,10.830871483414185,77.30480130794491,0,1,L2/3 IT,superficial (L2/3),0.0773037332082026
0,11.041613210215262,82.33777295132413,0,1,L2/3 IT,superficial (L2/3),0.11914418485408669
0,11.126048945803667,84.20976205530458,0,1,L2/3 IT,superficial (L2/3),0.13082305382675652
0,10.856353722656461,85.80401159949785,0,1,L2/3 IT,superficial (L2/3),0.13809195876640082
0,11.371929073655695,86.70816928935606,0,1,L2/3 IT,superficial (L2/3),0.14026594207237103
0,11.180538425924711,92.30990828484825,0,1,L2/3 IT,superficial (L2/3),0.14502472963317498
0,11.024105293961368,92.73203345792945,0,1,L2/3 IT,superficial (L2/3),0.14649103663229782
0,10.832582122376115,100.92682743744336,0,1,L2/3 IT,superficial (L2/3),0.17534582140261823
0,10.816458959625374,102.28817172875087,0,1,L2/3 IT,superficial (L2/3),0.17925612865018198
0,10.84110910508049,108.15092224061078,0,1,L2/3 IT,superficial (L2/3),0.20006666292987518
0,11.178266160411162,110.4655551551156,0,1,L2/3 IT,superficial (L2/3),0.2065568826657489
2,10.814423698862239,111.7556338552248,0,5,L5 ET,superficial (L2/3),0.21248112508390046
3,11.201821102672126,113.04013569513326,0,4,L5 IT,superficial (L2/3),0.21509865305163028
0,11.518044426174392,116.02591467877085,0,1,L2/3 IT,superficial (L2/3),0.23036149101846065
0,11.708599434936987,53.9649523442581,0,1,L2/3 IT,superficial (L2/3),0.026875094350631852
3,11.863177559480004,54.94128853863619,0,4,L5 IT,superficial (L2/3),0.031480942260808706
0,12.250389962357069,57.67311423075934,0,1,L2/3 IT,superficial (L2/3),0.04223631378635224
0,12.066559257208716,62.16047731835855,0,1,L2/3 IT,superficial (L2/3),0.05071382612443334
0,11.812662159308154,67.88071493704683,0,1,L2/3 IT,superficial (L2/3),0.052851758917966035
0,11.989781061336606,69.0973254023123,0,1,L2/3 IT,superficial (L2/3),0.05344506908959568
3,11.994660041333821,71.05257780318473,0,4,L5 IT,superficial (L2/3),0.0566154621000382
0,12.166182717057517,74.14253163406926,0,1,L2/3 IT,superficial (L2/3),0.06859507134401752
0,11.810664946172555,81.78959299896533,0,1,L2/3 IT,superficial (L2/3),0.12976242164484106
0,11.943100957423749,82.98337743472794,0,1,L2/3 IT,superficial (L2/3),0.13599541774145607
0,11.97225667222467,84.11871266058462,0,1,L2/3 IT,superficial (L2/3),0.14122038735865172
0,12.080809270922463,85.9361329908104,0,1,L2/3 IT,superficial (L2/3),0.1485960132892834
0,11.953403037549698,89.71458591865414,0,1,L2/3 IT,superficial (L2/3),0.15435555614653715
0,11.677589618177997,92.4972019162606,0,1,L2/3 IT,superficial (L2/3),0.15617841195323925
0,11.712710580122385,99.256892054374,0,1,L2/3 IT,superficial (L2/3),0.17749617888330832
0,12.27083922299161,103.82022009485162,0,1,L2/3 IT,superficial (L2/3),0.1963709469855242
0,11.896010182438003,108.04755539067024,0,1,L2/3 IT,superficial (L2/3),0.20947633447083344
0,12.025749961988168,108.97134820756345,0,1,L2/3 IT,superficial (L2/3),0.2126790774083081
0,12.008570504178856,113.05984174499463,0,1,L2/3 IT,superficial (L2/3),0.22437874742819394
0,12.085784514987344,115.5383188898942,0,1,L2/3 IT,superficial (L2/3),0.23036149101846065
0,12.302714184582946,116.31433471261734,0,1,L2/3 IT,superficial (L2/3),0.23036149101846065
0,13.011665187818132,49.03105755380473,0,1,L2/3 IT,superficial (L2/3),0.005551655537328146
1,13.178629034810628,51.19410493087874,0,2,L4/5 IT,superficial (L2/3),0.02027629631047093
0,13.116687748875016,51.818313482054364,0,1,L2/3 IT,superficial (L2/3),0.02677635308776541
0,13.061296298970802,53.20872110211724,0,1,L2/3 IT,superficial (L2/3),0.03256436838028556
0,12.760223250799758,56.939280612416695,0,1,L2/3 IT,superficial (L2/3),0.04900057284740067
0,12.90526240221334,57.76870422235803,0,1,L2/3 IT,superficial (L2/3),0.051840556709976456
0,13.208653555862062,59.14116382552057,0,1,L2/3 IT,superficial (L2/3),0.05432808943089973
0,12.934548337021301,60.15070951932819,0,1,L2/3 IT,superficial (L2/3),0.056491519998078686
2,12.926523170287908,61.084009114281685,0,5,L5 ET,superficial (L2/3),0.05833434421216842
0,12.94193370289404,62.63420925997728,0,1,L2/3 IT,superficial (L2/3),0.06105847883414463
8,12.737970784137882,65.97873660958413,0,9,L6b,superficial (L2/3),0.06328956514880707
0,12.821451973586575,66.77521493368248,0,1,L2/3 IT,superficial (L2/3),0.06392098777718297
2,13.046448863841235,68.16041122235745,0,5,L5 ET,superficial (L2/3),0.06474407955259032
0,12.80810375861287,69.87365428444473,0,1,L2/3 IT,superficial (L2/3),0.0676346087770234
0,12.722247576582577,70.97531253151563,0,1,L2/3 IT,superficial (L2/3),0.07003369122817389
1,13.160481112646192,74.05997263106255,0,2,L4/5 IT,superficial (L2/3),0.08244254304986161
0,13.182283289113482,74.97232218069767,0,1,L2/3 IT,superficial (L2/3),0.08841851474275443
0,12.987727544656495,76.03302244926537,0,1,L2/3 IT,superficial (L2/3),0.09519932715516378
0,12.781746147083094,76.9808273520336,0,1,L2/3 IT,superficial (L2/3),0.10261091250084074
0,13.218565581494227,78.02872023171847,0,1,L2/3 IT,superficial (L2/3),0.11042239658753954
0,13.09435896080757,79.91842990079024,0,1,L2/3 IT,superficial (L2/3),0.12617238438589665
2,12.65472339927141,81.06781189553448,0,5,L5 ET,superficial (L2/3),0.13357396819990353
1,12.791585466181763,86.41545356721653,0,2,L4/5 IT,superficial (L2/3),0.15881685144923188
0,12.68114146118327,86.91137632281917,0,1,L2/3 IT,superficial (L2/3),0.16123109368069646
0,12.544971629377807,92.83010294163324,0,1,L2/3 IT,superficial (L2/3),0.1688567133960325
0,13.27722159736636,97.87285299197315,0,1,L2/3 IT,superficial (L2/3),0.18453373043153495
0,13.311327389686102,99.44239245218012,0,1,L2/3 IT,superficial (L2/3),0.188576832124257
0,12.528457490697344,102.22272631084859,0,1,L2/3 IT,superficial (L2/3),0.20002174412408905
0,13.112685314359293,104.03803407053623,0,1,L2/3 IT,superficial (L2/3),0.2067106470269494
0,12.955365632938001,106.95940137624413,0,1,L2/3 IT,superficial (L2/3),0.21604038705867643
0,13.04705489794321,109.27907248555071,0,1,L2/3 IT,superficial (L2/3),0.22213105569390423
2,13.167855513078266,112.29602622476777,0,5,L5 ET,superficial (L2/3),0.23083991595185838
0,14.173058475330766,49.17968954161268,0,1,L2/3 IT,superficial (L2/3),0.01581229011308026
0,13.986453073062137,55.13265342715547,0,1,L2/3 IT,superficial (L2/3),0.05178999842098132
3,13.861951382823696,60.82332548236511,0,4,L5 IT,superficial (L2/3),0.0666781583255067
2,14.123732907172727,62.07796715623613,0,5,L5 ET,superficial (L2/3),0.06831842407644757
0,14.373950034322414,64.91011557307951,0,1,L2/3 IT,superficial (L2/3),0.07249458521628747
0,13.702259586186134,72.9071726238067,0,1,L2/3 IT,superficial (L2/3),0.09182363560910452
0,13.817946699422187,78.10696711615519,0,1,L2/3 IT,superficial (L2/3),0.12315722098750591
0,13.9430849186327,79.95406005138456,0,1,L2/3 IT,superficial (L2/3),0.1376649370705294
0,13.793415686943113,81.13246399332009,0,1,L2/3 IT,superficial (L2/3),0.14452278288806358
0,13.89421173235454,83.16226357226022,0,1,L2/3 IT,superficial (L2/3),0.15652173145761514
0,14.180622094680054,84.87253423689674,0,1,L2/3 IT,superficial (L2/3),0.16548737964495014
0,14.066826584870155,85.97511425210197,0,1,L2/3 IT,superficial (L2/3),0.16875400602838098
0,13.944912705451918,88.11476074897537,0,1,L2/3 IT,superficial (L2/3),0.17318023410355116
2,13.97712253811142,91.76324155169813,0,5,L5 ET,superficial (L2/3),0.1784043122161109
0,13.817225570469986,92.92925236883188,0,1,L2/3 IT,superficial (L2/3),0.18017232384677695
0,14.147174537301336,98.02790984432394,0,1,L2/3 IT,superficial (L2/3),0.19624471268950763
0,13.868202091734329,104.51003829631249,0,1,L2/3 IT,superficial (L2/3),0.22051930222214708
0,13.739588206266768,106.34845191583707,0,1,L2/3 IT,superficial (L2/3),0.22338786989039267
3,13.86012292325213,109.75089476532014,0,4,L5 IT,superficial (L2/3),0.23461077457869958
0,13.97725398277945,111.30045771630324,0,1,L2/3 IT,superficial (L2/3),0.23733480252582745
1,14.304685702287498,112.77510630781806,0,2,L4/5 IT,superficial (L2/3),0.24246339722174073
1,14.968822592693986,46.86812113000807,0,2,L4/5 IT,superficial (L2/3),0.008484240226224179
1,14.884517412290574,51.42358938849419,0,2,L4/5 IT,superficial (L2/3),0.04078134833432399
0,15.446207155207977,53.02167821618304,0,1,L2/3 IT,superficial (L2/3),0.0526350615820975
0,14.971898132723737,57.041978661390246,0,1,L2/3 IT,superficial (L2/3),0.06669518006450911
0,15.266088015296376,62.14783606831709,0,1,L2/3 IT,superficial (L2/3),0.07637374727197682
1,15.082926633173873,62.923567560059055,0,2,L4/5 IT,superficial (L2/3),0.07823119760158354
0,15.123685146674246,66.72682349094642,0,1,L2/3 IT,superficial (L2/3),0.08649389480543687
0,14.732232781074439,67.71192239407178,0,1,L2/3 IT,superficial (L2/3),0.0889502208645152
1,15.057306985584969,69.98585626887359,0,2,L4/5 IT,superficial (L2/3),0.09473423899539027
1,14.87105506450946,70.67263862985882,0,2,L4/5 IT,superficial (L2/3),0.09821120897747546
1,14.730085595868946,71.70849430702933,0,2,L4/5 IT,superficial (L2/3),0.10216452178357391
0,15.05579968348766,73.29347983230033,0,1,L2/3 IT,superficial (L2/3),0.10663824868584454
0,14.934416540687272,76.04507152447492,0,1,L2/3 IT,superficial (L2/3),0.12314438028452916
0,14.99507280226737,83.31980305679832,0,1,L2/3 IT,superficial (L2/3),0.16651601744003972
0,15.187616933008893,87.02454963602302,0,1,L2/3 IT,superficial (L2/3),0.1810863299599128
0,14.482041398311486,90.09702829379066,0,1,L2/3 IT,superficial (L2/3),0.17583498857972585
0,15.030125044585077,90.85598949327259,0,1,L2/3 IT,superficial (L2/3),0.18789267678462648
3,14.622316132143116,91.92023729158849,0,4,L5 IT,superficial (L2/3),0.18958939593664134
0,14.591335526206342,103.17772390720936,0,1,L2/3 IT,superficial (L2/3),0.226136151272662
1,14.956318791856845,104.52681573035288,0,2,L4/5 IT,superficial (L2/3),0.23166965981639695
2,14.853099748893893,106.15481599306001,0,5,L5 ET,superficial (L2/3),0.234276003393349
0,14.458263189402674,107.94116424429686,0,1,L2/3 IT,superficial (L2/3),0.22903346609997424
0,14.931011069661105,110.02353005645092,0,1,L2/3 IT,superficial (L2/3),0.24437545346390518
1,14.991073158588083,116.4728262940256,0,2,L4/5 IT,superficial (L2/3),0.2569671178826331
1,15.221537075335204,117.07821913831627,0,2,L4/5 IT,superficial (L2/3),0.2580790601989934
0,16.175636871066096,49.9061217401867,0,1,L2/3 IT,superficial (L2/3),0.043143848358905036
0,15.942127403123623,55.10266840209922,0,1,L2/3 IT,superficial (L2/3),0.0697950995304132
0,15.616765674571276,56.20751498559229,0,1,L2/3 IT,superficial (L2/3),0.07260028152946216
0,15.90998699773425,57.45159889024906,0,1,L2/3 IT,superficial (L2/3),0.07488304450542327
0,16.048436474054068,61.290015795241736,0,1,L2/3 IT,superficial (L2/3),0.0822583267222204
0,16.102771610655505,62.916067479529985,0,1,L2/3 IT,superficial (L2/3),0.08657034240853499
0,16.162612612419064,64.21869877260451,0,1,L2/3 IT,superficial (L2/3),0.08906734009565571
1,15.994460137666243,67.02076292573253,0,2,L4/5 IT,superficial (L2/3),0.09787397042970407
0,16.050174101683794,72.11811130222503,0,1,L2/3 IT,superficial (L2/3),0.11693651575413382
0,15.850833118925634,73.0328024721735,0,1,L2/3 IT,superficial (L2/3),0.12156874404182941
0,15.891429423613674,77.15566862009373,0,1,L2/3 IT,superficial (L2/3),0.14296814649015682
0,16.08549940096533,78.99456228665323,0,1,L2/3 IT,superficial (L2/3),0.15467224764881735
1,16.168834569401504,81.78446281263129,0,2,L4/5 IT,superficial (L2/3),0.17139661162031908
1,15.709422835214616,83.1199693486253,0,2,L4/5 IT,superficial (L2/3),0.17630948922076103
0,15.871911471824284,84.39432408830088,0,1,L2/3 IT,superficial (L2/3),0.18073929056102114
0,15.924960811353989,91.69472368093106,0,1,L2/3 IT,superficial (L2/3),0.20094745064481118
0,16.11568464644135,95.91236111993614,0,1,L2/3 IT,superficial (L2/3),0.21325040992863412
0,15.979171610039845,98.89806678828697,0,1,L2/3 IT,superficial (L2/3),0.2251280968417844
1,16.514323789946772,104.17690350467471,0,2,L4/5 IT,superficial (L2/3),0.2530864694304753
0,16.01809230890722,104.89349763119424,0,1,L2/3 IT,superficial (L2/3),0.24328101951049383
0,15.829358195568497,110.12994680963087,0,1,L2/3 IT,superficial (L2/3),0.25448615014388826
3,15.94194108928168,117.00591196850011,0,4,L5 IT,superficial (L2/3),0.26665690095500805
2,16.871166201714573,53.898131895936466,0,5,L5 ET,superficial (L2/3),0.0750524811730683
2,16.95564860711418,60.09772151932646,0,5,L5 ET,superficial (L2/3),0.08811433395991733
0,17.05309420136471,60.25091780150073,0,1,L2/3 IT,superficial (L2/3),0.08811433395991733
0,17.305511015511897,63.88740202551347,0,1,L2/3 IT,superficial (L2/3),0.09814814956032099
3,17.288660845741767,66.34113514866189,0,4,L5 IT,superficial (L2/3),0.10533161057326001
0,17.109791516812912,67.10024963828269,0,1,L2/3 IT,superficial (L2/3),0.10933726711266979
2,16.759502620920475,68.0939026572368,0,5,L5 ET,superficial (L2/3),0.11354358745204823
0,17.090966328720118,69.01092035291829,0,1,L2/3 IT,superficial (L2/3),0.11789837068027102
3,16.81476473980742,69.88174306587828,0,4,L5 IT,superficial (L2/3),0.12237228148374713
1,16.963373148881626,70.8121216506015,0,2,L4/5 IT,superficial (L2/3),0.12694662928770234
1,17.087609471509474,71.56373815930128,0,2,L4/5 IT,superficial (L2/3),0.1316129389422194
0,16.978025371686513,73.82133547633629,0,1,L2/3 IT,superficial (L2/3),0.14121917815771443
0,17.441236974201985,77.29544036890894,0,1,L2/3 IT,superficial (L2/3),0.15624021594547216
0,16.992070611983177,88.04927597009731,0,1,L2/3 IT,superficial (L2/3),0.20305447193982037
0,16.911725100386743,88.74663459835563,0,1,L2/3 IT,superficial (L2/3),0.20544768651577727
1,16.933448981349077,90.90612119311795,0,2,L4/5 IT,superficial (L2/3),0.21005578781255096
0,17.18996531128727,93.17577860576499,0,1,L2/3 IT,superficial (L2/3),0.21543688041639047
0,16.630895337325423,97.34988191050898,0,1,L2/3 IT,superficial (L2/3),0.23027071811756708
0,16.88031704997793,97.96510801261391,0,1,L2/3 IT,superficial (L2/3),0.23433599727621449
0,16.736492276289205,105.2307068777465,0,1,L2/3 IT,superficial (L2/3),0.2552751173585413
0,16.91510510570215,106.02980734994895,0,1,L2/3 IT,superficial (L2/3),0.2573417861221149
1,16.593662036563412,109.7051225386668,0,2,L4/5 IT,superficial (L2/3),0.2649815072154178
0,16.907227216346683,110.72665907460491,0,1,L2/3 IT,superficial (L2/3),0.26677612981432486
0,17.165322051044384,112.63454000251419,0,1,L2/3 IT,superficial (L2/3),0.27017867767401255
0,17.80333709481943,44.848873902293946,0,1,L2/3 IT,superficial (L2/3),0.01567438853052834
0,18.201327198785425,46.58001797849502,0,1,L2/3 IT,superficial (L2/3),0.0350301479804462
2,17.814626429269765,48.031558881934025,0,5,L5 ET,superficial (L2/3),0.04448852784518297
0,17.927250647382987,50.77320481540355,0,1,L2/3 IT,superficial (L2/3),0.06862168249647216
0,17.711611259220334,53.5446116700987,0,1,L2/3 IT,superficial (L2/3),0.08366819893012978
0,18.08307270396351,56.303225092017,0,1,L2/3 IT,superficial (L2/3),0.08919377012630794
0,18.070857718493862,64.98131026592924,0,1,L2/3 IT,superficial (L2/3),0.11163075223978243
1,17.999123432691547,67.96011331305475,0,2,L4/5 IT,superficial (L2/3),0.1258531713540293
1,18.16674127145922,74.12800262153243,0,2,L4/5 IT,superficial (L2/3),0.15555014436014625
1,17.864778599118985,75.24799117071322,0,2,L4/5 IT,superficial (L2/3),0.16015873730832278
0,18.363242706538802,75.69395866628399,0,1,L2/3 IT,superficial (L2/3),0.16467512777040308
0,18.006495378130197,78.71627714193001,0,1,L2/3 IT,superficial (L2/3),0.1779554609902371
0,17.795342742864893,80.27289463780086,0,1,L2/3 IT,superficial (L2/3),0.18236644982363456
0,17.907505805633125,81.03210554069324,0,1,L2/3 IT,superficial (L2/3),0.1867688436858227
1,17.959109110453596,81.87784398553288,0,2,L4/5 IT,superficial (L2/3),0.19112771155174887
0,17.711663273939973,83.84841720975102,0,1,L2/3 IT,superficial (L2/3),0.19947489396837792
0,17.739940598321944,85.95130406257037,0,1,L2/3 IT,superficial (L2/3),0.20690707536612798
2,18.325923232113023,86.97574901454445,0,5,L5 ET,superficial (L2/3),0.21018684763457074
3,18.084193924076793,90.22685886844586,0,4,L5 IT,superficial (L2/3),0.21878839393172342
1,18.19234305935533,91.69322529588666,0,2,L4/5 IT,superficial (L2/3),0.22460923173702513
0,18.49341374876669,92.8418033734021,0,1,L2/3 IT,superficial (L2/3),0.22789814109882015
1,18.134311307613828,93.6296166873434,0,2,L4/5 IT,superficial (L2/3),0.23151257144696233
2,17.815301595392405,96.01754596971031,0,5,L5 ET,superficial (L2/3),0.23954101181081547
0,18.172718710186963,99.9635645035387,0,1,L2/3 IT,superficial (L2/3),0.25517512461677694
0,17.835188185738573,100.98312968416471,0,1,L2/3 IT,superficial (L2/3),0.2582977794628228
1,18.24499372144441,102.66244498906345,0,2,L4/5 IT,superficial (L2/3),0.26344564797902914
3,18.133399052207512,111.9658926549906,0,4,L5 IT,superficial (L2/3),0.27871397207519244
0,18.245598270472367,114.12931513284093,0,1,L2/3 IT,superficial (L2/3),0.2812597271850823
0,17.811117140573085,114.72018400836672,0,1,L2/3 IT,superficial (L2/3),0.2823982469432999
0,18.611669698970193,42.97980978755192,0,1,L2/3 IT,superficial (L2/3),0.006311050434210271
0,19.066398035580743,43.84740207000049,0,1,L2/3 IT,superficial (L2/3),0.015014902398026537
0,19.16061545730994,49.93632826579181,0,1,L2/3 IT,superficial (L2/3),0.0704501936507443
0,19.00917547812798,52.38993177046107,0,1,L2/3 IT,superficial (L2/3),0.08347330588933273
0,18.912591090070684,53.904779011133556,0,1,L2/3 IT,superficial (L2/3),0.09227806987909952
1,18.917145262694206,57.41346045913668,0,2,L4/5 IT,superficial (L2/3),0.09961208781418775
0,18.903429849546455,58.30104468400551,0,1,L2/3 IT,superficial (L2/3),0.10129209215537784
0,19.120385400461398,60.01567191958837,0,1,L2/3 IT,superficial (L2/3),0.10486310566552401
0,18.688471437378524,62.97555740176812,0,1,L2/3 IT,superficial (L2/3),0.11337998373549896
0,18.931301341236885,63.43490158037185,0,1,L2/3 IT,superficial (L2/3),0.11337998373549896
0,19.124971528785945,66.84154260214855,0,1,L2/3 IT,superficial (L2/3),0.13248966543062174
0,18.988596582620936,68.18414272252235,0,1,L2/3 IT,superficial (L2/3),0.13809558559765933
0,18.88140811770873,72.1762388884518,0,1,L2/3 IT,superficial (L2/3),0.15990589751104406
3,18.897585364232842,73.9215225840575,0,4,L5 IT,superficial (L2/3),0.16933854304270066
0,19.08043263253223,74.58227194978959,0,1,L2/3 IT,superficial (L2/3),0.17361611905070573
0,19.153035461638932,79.37291650415801,0,1,L2/3 IT,superficial (L2/3),0.1890450863944914
1,18.656449150746337,82.7616431695911,0,2,L4/5 IT,superficial (L2/3),0.20478678537073
0,19.460270418634188,84.64906105130052,0,1,L2/3 IT,superficial (L2/3),0.2127847200422399
1,19.068436616404455,90.22530115637043,0,2,L4/5 IT,superficial (L2/3),0.2302761799659749
5,18.97908085608034,91.9429969368357,0,6,L6 CT,superficial (L2/3),0.23708667742217127
0,18.745686861422207,95.08872314293161,0,1,L2/3 IT,superficial (L2/3),0.24892760988887072
0,18.820273790892067,96.12533357177223,0,1,L2/3 IT,superficial (L2/3),0.2532014393492375
3,19.149515100085125,111.03639861390047,1,4,L5 IT,middle (L4/5),0.2883323353351204
1,19.072788355085,116.96251493379137,1,2,L4/5 IT,middle (L4/5),0.29378027749249197
0,19.57432502310241,48.814207861184336,0,1,L2/3 IT,superficial (L2/3),0.07137340097849089
0,19.776764416878034,52.9206726574918,0,1,L2/3 IT,superficial (L2/3),0.09707016278613055
0,19.93554682729653,60.18746283519803,0,1,L2/3 IT,superficial (L2/3),0.11425467576552291
0,19.759897348202102,63.980127183657956,0,1,L2/3 IT,superficial (L2/3),0.12780229441596005
0,20.37516139198294,65.15841061309587,0,1,L2/3 IT,superficial (L2/3),0.13278518032303044
0,20.22274428642379,66.93042462836566,0,1,L2/3 IT,superficial (L2/3),0.1441624231272988
1,19.875275648873625,68.07417790940315,0,2,L4/5 IT,superficial (L2/3),0.15023880145230478
0,19.632332416607227,71.87463426652722,0,1,L2/3 IT,superficial (L2/3),0.1732555519381521
0,19.999441058854845,72.97743919012375,0,1,L2/3 IT,superficial (L2/3),0.17810280707433906
0,19.88833212353146,74.16660025767514,0,1,L2/3 IT,superficial (L2/3),0.18249122468353662
0,19.871689381775845,76.74988096563925,0,1,L2/3 IT,superficial (L2/3),0.19337019735556854
1,19.71622831227477,77.9464739479522,0,2,L4/5 IT,superficial (L2/3),0.19657004268537384
0,20.118021348148616,80.97383079820892,0,1,L2/3 IT,superficial (L2/3),0.20656991568249883
2,19.96180180374035,87.27949189146476,0,5,L5 ET,superficial (L2/3),0.23065721073948084
0,20.21900482170053,88.38062848908311,0,1,L2/3 IT,superficial (L2/3),0.23460307363368085
0,20.148191225986967,91.01718554790307,0,1,L2/3 IT,superficial (L2/3),0.2460873351168661
0,19.879460786724366,97.77192235944473,0,1,L2/3 IT,superficial (L2/3),0.2752830406186604
0,20.000304257348414,98.94903913925496,0,1,L2/3 IT,superficial (L2/3),0.2788828669605292
0,19.826606683250215,99.62080467559463,0,1,L2/3 IT,superficial (L2/3),0.28204856367182835
1,19.996267897638365,101.93276216253452,1,2,L4/5 IT,middle (L4/5),0.2870950961485725
0,19.756615450397554,104.02788859334014,1,1,L2/3 IT,middle (L4/5),0.29085769287026714
1,20.115510035348567,104.89832049167752,1,2,L4/5 IT,middle (L4/5),0.2924598483325034
1,19.509980306776008,107.93898149853857,1,2,L4/5 IT,middle (L4/5),0.29664922049340486
0,20.045429774723125,111.06073551897344,1,1,L2/3 IT,middle (L4/5),0.29979008894380776
1,19.96424233824389,113.90833650080157,1,2,L4/5 IT,middle (L4/5),0.3018990814175124
4,20.131092926783435,116.385460867163,1,3,L5/6 NP,middle (L4/5),0.3031901817662375
0,20.766060592873902,42.894502125235896,0,1,L2/3 IT,superficial (L2/3),0.025278941344398884
0,21.007623843500372,45.79279134060475,0,1,L2/3 IT,superficial (L2/3),0.05280834003993496
0,21.108454461886666,46.97798536734692,0,1,L2/3 IT,superficial (L2/3),0.06241074198131566
0,20.95387603448721,49.16240470157334,0,1,L2/3 IT,superficial (L2/3),0.08032546980091969
2,21.00521458528661,49.718973853917184,0,5,L5 ET,superficial (L2/3),0.08814994958608079
0,20.966604566409956,52.23769859006238,0,1,L2/3 IT,superficial (L2/3),0.10090115862313614
0,20.882524774095145,53.0580146823777,0,1,L2/3 IT,superficial (L2/3),0.10580990292944598
0,20.868182629331617,53.735244675408474,0,1,L2/3 IT,superficial (L2/3),0.10983059624168741
1,20.657404230642584,59.819771914700105,0,2,L4/5 IT,superficial (L2/3),0.12442044569547309
0,21.025815988337612,62.98318737462743,0,1,L2/3 IT,superficial (L2/3),0.1341829075608143
1,20.980528986854196,77.16592254675818,0,2,L4/5 IT,superficial (L2/3),0.20473155784883734
1,21.31492996486965,80.13115631763223,0,2,L4/5 IT,superficial (L2/3),0.21311663728446936
1,20.802580157375377,82.8051262124314,0,2,L4/5 IT,superficial (L2/3),0.22381171332453278
0,21.31747341302758,87.17547957835868,0,1,L2/3 IT,superficial (L2/3),0.24152160411159942
0,21.220398101244964,91.78023335077731,0,1,L2/3 IT,superficial (L2/3),0.2633678815199378
0,20.490014135041807,95.08918715856896,0,1,L2/3 IT,superficial (L2/3),0.26272382585784576
0,20.9680673672905,96.61408113589738,0,1,L2/3 IT,superficial (L2/3),0.2851914607412335
1,21.267873227473984,99.0466881180039,1,2,L4/5 IT,middle (L4/5),0.2923922713932191
3,20.975885544326157,112.11158428686646,1,4,L5 IT,middle (L4/5),0.3122980891273852
1,21.138861642779172,114.02004738427084,1,2,L4/5 IT,middle (L4/5),0.31320861086188573
3,21.192481791657464,117.20541500044284,1,4,L5 IT,middle (L4/5),0.3148396564724995
0,21.82207247272988,36.96786915535636,0,1,L2/3 IT,superficial (L2/3),0.00101639603415616
3,22.07660502105292,38.34242163796213,0,4,L5 IT,superficial (L2/3),0.0054623319299726
0,21.95599949148611,41.092458194901795,0,1,L2/3 IT,superficial (L2/3),0.02117338945226168
0,22.25547923790939,43.86253855523572,0,1,L2/3 IT,superficial (L2/3),0.04408226772527817
0,21.460082647080974,44.71328324783604,0,1,L2/3 IT,superficial (L2/3),0.04319693845237979
0,21.904157400182353,46.34100444171558,0,1,L2/3 IT,superficial (L2/3),0.06246160145211794
0,21.739768761134453,46.87328711379859,0,1,L2/3 IT,superficial (L2/3),0.07177714834061541
0,21.948364520930124,52.13474354915697,0,1,L2/3 IT,superficial (L2/3),0.10955230370397696
0,22.069400276579962,54.24937454073107,0,1,L2/3 IT,superficial (L2/3),0.11881510954317119
0,22.036419595944412,57.71584093335801,0,1,L2/3 IT,superficial (L2/3),0.1303990748994431
0,21.96512639435244,63.86296424996183,0,1,L2/3 IT,superficial (L2/3),0.15021967082300977
1,22.17052399853434,67.11074558347842,0,2,L4/5 IT,superficial (L2/3),0.1677094803059538
0,21.814734411714582,77.31951965084968,0,1,L2/3 IT,superficial (L2/3),0.21571165805789877
0,22.1748937290569,79.84888078417035,0,1,L2/3 IT,superficial (L2/3),0.22313288445072588
1,22.00105380694324,81.87055460855485,0,2,L4/5 IT,superficial (L2/3),0.22967622547590674
0,21.714830081464854,83.77782922283707,0,1,L2/3 IT,superficial (L2/3),0.23809837372816686
0,22.033302100645475,86.41979754864464,0,1,L2/3 IT,superficial (L2/3),0.24780660566721918
3,22.058710618551718,90.09808667628798,0,4,L5 IT,superficial (L2/3),0.2675587407380979
0,22.00650303950798,92.20551176300333,0,1,L2/3 IT,superficial (L2/3),0.2769788311768369
0,21.722551435771276,92.85642167322953,0,1,L2/3 IT,superficial (L2/3),0.281619556919388
1,21.981742375798163,97.76235366824237,1,2,L4/5 IT,middle (L4/5),0.30250581850611113
1,22.42889665618678,99.09321757774451,1,2,L4/5 IT,middle (L4/5),0.30564609326585657
1,22.395778753140483,101.3561115064066,1,2,L4/5 IT,middle (L4/5),0.3105862220133378
7,21.78835295676521,104.12398076486696,1,8,L6 IT Car3,middle (L4/5),0.3157195409444215
1,21.942930697557994,106.70177105727468,1,2,L4/5 IT,middle (L4/5),0.3199647496225679
1,21.869380779154177,109.04675149931441,1,2,L4/5 IT,middle (L4/5),0.32236495471223836
3,21.668736751743108,111.73786730234013,1,4,L5 IT,middle (L4/5),0.3245414037344065
1,21.660397099426167,114.60161726832561,1,2,L4/5 IT,middle (L4/5),0.32554772976517365
1,22.95132026833995,34.93327634647664,0,2,L4/5 IT,superficial (L2/3),0.0014349871172884623
0,23.2452255685584,38.09406374300046,0,1,L2/3 IT,superficial (L2/3),0.01598687957014307
0,23.17849066686476,42.116525283714445,0,1,L2/3 IT,superficial (L2/3),0.03874298392155359
4,23.248487430789286,43.17625568084156,0,3,L5/6 NP,superficial (L2/3),0.04624634478341963
0,23.399448572730087,44.22295090020703,0,1,L2/3 IT,superficial (L2/3),0.054447302531624164
0,22.835099436583047,48.77752444331579,0,1,L2/3 IT,superficial (L2/3),0.09786776359098058
0,22.928904140063153,50.89309461893374,0,1,L2/3 IT,superficial (L2/3),0.1121165177481459
7,22.637791491195298,52.095461723570516,0,8,L6 IT Car3,superficial (L2/3),0.11809669033399758
0,22.90307811404373,52.690879678417375,0,1,L2/3 IT,superficial (L2/3),0.1233296115173427
0,23.054783531957533,54.047871900106266,0,1,L2/3 IT,superficial (L2/3),0.12787294631383148
0,23.220848950992632,55.604453743834526,0,1,L2/3 IT,superficial (L2/3),0.13526713466377716
0,22.72754272580152,58.2174423858651,0,1,L2/3 IT,superficial (L2/3),0.1411830868887472
0,22.829018674837492,60.82273902256412,0,1,L2/3 IT,superficial (L2/3),0.14988373228846855
0,22.925943176090172,64.72233660711424,0,1,L2/3 IT,superficial (L2/3),0.16745928493518672
0,22.91659443596453,67.17788187826683,0,1,L2/3 IT,superficial (L2/3),0.17960388831479565
0,22.624307131286486,67.84288489516318,0,1,L2/3 IT,superficial (L2/3),0.18610699175579828
0,23.09001580757717,69.22591371205296,0,1,L2/3 IT,superficial (L2/3),0.19260804953507546
1,22.886753272408917,69.72658342815414,0,2,L4/5 IT,superficial (L2/3),0.19887728412812108
0,22.88589416337802,71.0569882748755,0,1,L2/3 IT,superficial (L2/3),0.20471552175495042
2,22.82047171547656,72.18919442846345,0,5,L5 ET,superficial (L2/3),0.20996250554240686
0,22.933892878449367,74.2949269230403,0,1,L2/3 IT,superficial (L2/3),0.21837208887982762
0,22.836240307344998,77.32346872809511,0,1,L2/3 IT,superficial (L2/3),0.22647691047151522
1,22.935206166888857,78.10264533448188,0,2,L4/5 IT,superficial (L2/3),0.22859942583592857
0,23.23680472794811,79.91391586168379,0,1,L2/3 IT,superficial (L2/3),0.23329251488413183
0,22.954673975538718,81.06247015715097,0,1,L2/3 IT,superficial (L2/3),0.2362519385223124
0,23.060126707037604,81.8740684823046,0,1,L2/3 IT,superficial (L2/3),0.23978209602489417
3,22.976750897765623,87.42345211175335,0,4,L5 IT,superficial (L2/3),0.26452609060830734
0,22.658840400882635,91.63962042005602,0,1,L2/3 IT,superficial (L2/3),0.2906644882747604
0,22.56878071519809,94.87808455917178,1,1,L2/3 IT,middle (L4/5),0.3044742320933015
1,23.08709911208209,96.5643751842309,1,2,L4/5 IT,middle (L4/5),0.312334428267999
3,22.80870608153446,99.89747292094384,1,4,L5 IT,middle (L4/5),0.3209345578058522
1,22.922711107816767,102.91956266904286,1,2,L4/5 IT,middle (L4/5),0.3262989309294232
1,22.81795016401443,105.12922833080069,1,2,L4/5 IT,middle (L4/5),0.32927796452688973
1,22.6902241920682,105.82928291251623,1,2,L4/5 IT,middle (L4/5),0.33076706524431526
0,23.26547255144695,109.9212512272917,1,1,L2/3 IT,middle (L4/5),0.33589682961273615
1,23.563850695983287,115.81920852510554,1,2,L4/5 IT,middle (L4/5),0.35183189219309763
1,23.271380572667812,117.1820759848412,1,2,L4/5 IT,middle (L4/5),0.33920407555299575
0,23.70549297726176,33.87556298252056,0,1,L2/3 IT,superficial (L2/3),0.005272903186848884
0,23.87601542432229,35.8469492868764,0,1,L2/3 IT,superficial (L2/3),0.016591270032219222
0,24.047121687092236,37.917327142841614,0,1,L2/3 IT,superficial (L2/3),0.02660955261372062
3,23.726370026428576,39.4311572644252,0,4,L5 IT,superficial (L2/3),0.03166090784652521
0,23.930101894037218,41.67128165247181,0,1,L2/3 IT,superficial (L2/3),0.04960693598238916
0,24.039920442087283,42.94628560682096,0,1,L2/3 IT,superficial (L2/3),0.056883089745431076
0,24.377486127635763,51.091162760642334,0,1,L2/3 IT,superficial (L2/3),0.12033326623573867
0,23.63019111139989,52.00183688747696,0,1,L2/3 IT,superficial (L2/3),0.12645477538369132
0,23.99612787599444,54.17844413552791,0,1,L2/3 IT,superficial (L2/3),0.1369032337728699
1,23.72558307870858,56.77947416132803,0,2,L4/5 IT,superficial (L2/3),0.14890946211811423
2,23.483349657744107,59.749540346640124,0,5,L5 ET,superficial (L2/3),0.14678356857494274
0,24.11745908754129,60.99868900202935,0,1,L2/3 IT,superficial (L2/3),0.16197955993395738
4,23.55977203997771,63.76215696427909,0,3,L5/6 NP,superficial (L2/3),0.1744178379318023
0,23.900872202530845,66.06748980306274,0,1,L2/3 IT,superficial (L2/3),0.18541544055451964
0,24.143493612446612,66.97257249720336,0,1,L2/3 IT,superficial (L2/3),0.19158276970642377
0,24.013646605942945,68.1175319757757,0,1,L2/3 IT,superficial (L2/3),0.1979721804434102
0,23.91159491581752,70.36700875324601,0,1,L2/3 IT,superficial (L2/3),0.21052620119072168
0,24.21013433904881,72.07025602382201,0,1,L2/3 IT,superficial (L2/3),0.22138803227202247
3,23.87673124321459,75.93132305819114,0,4,L5 IT,superficial (L2/3),0.23508868992525211
0,23.830601455091394,77.31542972904515,0,1,L2/3 IT,superficial (L2/3),0.2372266143596899
0,24.26644926263681,82.3074441393497,0,1,L2/3 IT,superficial (L2/3),0.25033176133571183
0,24.006350035002043,82.8868554657486,0,1,L2/3 IT,superficial (L2/3),0.25460256055510105
0,23.811027684148257,83.71457187939863,0,1,L2/3 IT,superficial (L2/3),0.25949646983636554
1,23.722991119576278,89.98452269815283,1,2,L4/5 IT,middle (L4/5),0.29375338494563075
0,23.86801620760494,96.22754309802416,1,1,L2/3 IT,middle (L4/5),0.3218133333876936
4,24.21564417491952,100.12355098814545,1,3,L5/6 NP,middle (L4/5),0.33307593599776997
0,23.865462344691004,108.74255703564333,1,1,L2/3 IT,middle (L4/5),0.3474294929803121
1,24.012477688901328,111.12342737696734,1,2,L4/5 IT,middle (L4/5),0.34958566160250143
0,24.299213879639503,115.74299689166801,1,1,L2/3 IT,middle (L4/5),0.35183189219309763
0,25.295817460574412,32.76099990518717,0,1,L2/3 IT,superficial (L2/3),0.007893839285627376
0,24.685128031178497,37.76243075041379,0,1,L2/3 IT,superficial (L2/3),0.03717556037317899
4,25.253216408497828,39.897008329791376,0,3,L5/6 NP,superficial (L2/3),0.047902309913132414
0,24.431184610646707,41.12520690227909,0,1,L2/3 IT,superficial (L2/3),0.043005332560077186
0,25.114243301411197,41.3555254188956,0,1,L2/3 IT,superficial (L2/3),0.053813312552019404
1,24.686468297074605,43.22608246225383,0,2,L4/5 IT,superficial (L2/3),0.0672439599273852
0,24.827907214847105,45.829390500101475,0,1,L2/3 IT,superficial (L2/3),0.09060954822048763
0,24.862517491188886,46.694611271056345,0,1,L2/3 IT,superficial (L2/3),0.09866777091332267
0,24.834944939491088,47.68042204289996,0,1,L2/3 IT,superficial (L2/3),0.10657450262010965
0,24.976997312669006,54.0156603785874,0,1,L2/3 IT,superficial (L2/3),0.1457830730135046
1,24.88435721626179,57.760462871803064,0,2,L4/5 IT,superficial (L2/3),0.16336672537055105
0,25.378740121812672,59.70062821971156,0,1,L2/3 IT,superficial (L2/3),0.1706067520284859
0,24.924738758129333,63.69164548009306,0,1,L2/3 IT,superficial (L2/3),0.18686447318287713
0,24.755553793064244,67.20359389880194,0,1,L2/3 IT,superficial (L2/3),0.2036222060825645
1,25.016630778340243,69.11194759627838,0,2,L4/5 IT,superficial (L2/3),0.21605211423350426
1,24.82644054258172,69.72260929851547,0,2,L4/5 IT,superficial (L2/3),0.2220519735396871
0,24.979471472108724,72.14622327822728,0,1,L2/3 IT,superficial (L2/3),0.23264145248210147
0,24.87443337166648,72.88608634073616,0,1,L2/3 IT,superficial (L2/3),0.23697228533193415
1,24.989679913938268,79.83636660388422,0,2,L4/5 IT,superficial (L2/3),0.2547326509358408
6,25.058821191735284,83.1210798140978,1,7,L6 IT,middle (L4/5),0.26581795366429095
1,25.176068381966132,85.89455586147004,1,2,L4/5 IT,middle (L4/5),0.28248933137983034
1,25.277853072700815,86.81885660323739,1,2,L4/5 IT,middle (L4/5),0.2886666966656329
1,25.137913464526605,88.78815346381332,1,2,L4/5 IT,middle (L4/5),0.30090044360952817
1,24.960203607236924,89.98416079256049,1,2,L4/5 IT,middle (L4/5),0.3067111397694771
1,24.859618522917415,93.15283000601667,1,2,L4/5 IT,middle (L4/5),0.3222662675032571
0,24.742059651789404,95.83686132048017,1,1,L2/3 IT,middle (L4/5),0.33449111080303695
0,25.29991430068534,97.33021053849967,1,1,L2/3 IT,middle (L4/5),0.33769490377080874
4,24.887424707611093,98.06440136768144,1,3,L5/6 NP,middle (L4/5),0.34043992906685994
3,24.905056381006073,101.88456000095177,1,4,L5 IT,middle (L4/5),0.3479483534779351
1,25.022251621609904,102.94664488400055,1,2,L4/5 IT,middle (L4/5),0.3494736041327367
1,25.158638466682635,103.62118440961099,1,2,L4/5 IT,middle (L4/5),0.3510658789190335
1,25.323425214180155,104.94239291242178,1,2,L4/5 IT,middle (L4/5),0.35277022834467153
1,25.103972514943663,108.0587873621297,1,2,L4/5 IT,middle (L4/5),0.35828001785585784
1,24.717815001562677,108.98641733562802,1,2,L4/5 IT,middle (L4/5),0.3599712035354001
1,25.102303395832035,109.85534989431196,1,2,L4/5 IT,middle (L4/5),0.36143180673616815
1,24.93736722687749,114.03712151622192,1,2,L4/5 IT,middle (L4/5),0.36459280581323944
0,25.854209406869224,36.07103197806354,0,1,L2/3 IT,superficial (L2/3),0.03651707307901153
4,26.205455012107187,37.05787090319958,0,3,L5/6 NP,superficial (L2/3),0.04215929760310478
0,25.947581133014594,39.55003394906468,0,1,L2/3 IT,superficial (L2/3),0.05843405867036557
1,25.975584071619846,48.996269582053536,0,2,L4/5 IT,superficial (L2/3),0.12163777404566896
3,26.155149510718964,50.23781367851374,0,4,L5 IT,superficial (L2/3),0.12880310848508675
0,26.08721948588508,54.57480439878601,0,1,L2/3 IT,superficial (L2/3),0.159911138763104
0,26.10700517273987,56.02236842528039,0,1,L2/3 IT,superficial (L2/3),0.16506550693371633
0,26.041308539488316,56.58160658507328,0,1,L2/3 IT,superficial (L2/3),0.16985112000833089
3,25.86084092170713,64.83599019619878,0,4,L5 IT,superficial (L2/3),0.20437111565634103
0,25.86651890916264,65.76623436635164,0,1,L2/3 IT,superficial (L2/3),0.2098528267200349
0,25.95560237747185,66.74636905161398,0,1,L2/3 IT,superficial (L2/3),0.21567470397301994
1,25.985945614608934,69.05057361502176,0,2,L4/5 IT,superficial (L2/3),0.2277130838794056
1,26.190089044465644,70.92087433721754,0,2,L4/5 IT,superficial (L2/3),0.23896755892193255
0,25.68743577362082,75.98188955935636,0,1,L2/3 IT,superficial (L2/3),0.25726455197619336
0,26.00891940963685,77.05393046001136,1,1,L2/3 IT,middle (L4/5),0.25945855431997933
0,25.44833766630117,78.38912871700423,1,1,L2/3 IT,middle (L4/5),0.25015643604318294
3,26.248159657575922,89.66480032854636,1,4,L5 IT,middle (L4/5),0.31934612649533844
1,26.150291997075715,92.10257467972794,1,2,L4/5 IT,middle (L4/5),0.3301316797819698
1,25.846619409900228,93.23924950751417,1,2,L4/5 IT,middle (L4/5),0.3349100629785611
1,25.875562013546222,93.72754770128329,1,2,L4/5 IT,middle (L4/5),0.33925081473800817
0,25.953793036068006,95.02107926928625,1,1,L2/3 IT,middle (L4/5),0.3431341387141496
0,25.787759709435974,95.7003343948084,1,1,L2/3 IT,middle (L4/5),0.3465439400897034
1,26.016561133397214,97.75395340105439,1,2,L4/5 IT,middle (L4/5),0.3519654392296148
0,26.160675398846674,101.40060156257717,1,1,L2/3 IT,middle (L4/5),0.3574340003678371
0,25.737741182608396,102.35720242463309,1,1,L2/3 IT,middle (L4/5),0.3589656845320343
1,25.984380939300323,104.18326027595815,1,2,L4/5 IT,middle (L4/5),0.3622707612465536
0,25.78140337889832,109.96486403498513,1,1,L2/3 IT,middle (L4/5),0.37417171872918004
1,26.288312026203148,111.0196115562498,1,2,L4/5 IT,middle (L4/5),0.37562187134445574
0,25.633601403396653,113.10446434043496,1,1,L2/3 IT,middle (L4/5),0.3776102729917728
0,25.869871659496365,115.06410858378754,1,1,L2/3 IT,middle (L4/5),0.37885611705802785
0,26.03427209926231,115.93575500744345,1,1,L2/3 IT,middle (L4/5),0.37948235570198524
0,26.00509949372574,116.70702923008291,1,1,L2/3 IT,middle (L4/5),0.3802497397047601
0,26.846736407312548,29.98132817882117,0,1,L2/3 IT,superficial (L2/3),0.0019916370397013465
0,27.07535395184216,38.916462803179925,0,1,L2/3 IT,superficial (L2/3),0.06308550545019259
0,26.893622340512543,40.19545731066076,0,1,L2/3 IT,superficial (L2/3),0.06852029316618165
0,27.124561873486304,41.71670918641941,0,1,L2/3 IT,superficial (L2/3),0.08004920482784506
0,26.696830179185653,49.02451543782296,0,1,L2/3 IT,superficial (L2/3),0.12853323810400508
0,26.86822271903231,50.17911564564444,0,1,L2/3 IT,superficial (L2/3),0.13568354041357203
0,27.232901202519226,55.08551059697194,0,1,L2/3 IT,superficial (L2/3),0.16869939132551873
0,27.30861898641768,60.97789456547695,0,1,L2/3 IT,superficial (L2/3),0.1981734567055736
0,27.31931609630746,62.39454076346609,0,1,L2/3 IT,superficial (L2/3),0.20244915900242674
0,26.781327570244663,64.18031414309628,0,1,L2/3 IT,superficial (L2/3),0.21156931133959372
0,27.611891278722442,70.98377760845437,0,1,L2/3 IT,superficial (L2/3),0.2617899760675444
1,27.023968632211396,78.92765981662195,1,2,L4/5 IT,middle (L4/5),0.27582215572804003
1,27.503522575808883,83.70988106978524,1,2,L4/5 IT,middle (L4/5),0.30749974611476205
1,27.133609665529764,87.8579545065125,1,2,L4/5 IT,middle (L4/5),0.31940852916702683
1,26.74715884612936,89.06421154241677,1,2,L4/5 IT,middle (L4/5),0.32562414787680083
1,27.11618502237399,91.77585109089897,1,2,L4/5 IT,middle (L4/5),0.3422653762770388
1,26.952005607843212,93.87438701182181,1,2,L4/5 IT,middle (L4/5),0.3511107795751667
1,27.092139174172974,95.07535732617615,1,2,L4/5 IT,middle (L4/5),0.35478852111174686
1,26.877489399784164,97.20994740263225,1,2,L4/5 IT,middle (L4/5),0.3606652643739865
1,27.052528954296033,102.82276537938945,1,2,L4/5 IT,middle (L4/5),0.3713529498095725
1,27.046737447290234,103.86416952267771,1,2,L4/5 IT,middle (L4/5),0.37324592531561385
1,26.81460913378427,105.63191391515733,1,2,L4/5 IT,middle (L4/5),0.37765314705360153
0,27.102125926466652,106.9137713675493,1,1,L2/3 IT,middle (L4/5),0.38005676662253335
1,26.849215520827922,112.97046577740822,1,2,L4/5 IT,middle (L4/5),0.39101946990726444
3,26.85281579796924,114.96529960483295,1,4,L5 IT,middle (L4/5),0.3926501566770113
0,26.7319972418668,115.80920156309351,1,1,L2/3 IT,middle (L4/5),0.39340417136629374
0,28.10471216495544,30.917632606686713,0,1,L2/3 IT,superficial (L2/3),0.018742863550243273
0,27.937181163887796,31.91302674541313,0,1,L2/3 IT,superficial (L2/3),0.027001347981378092
8,27.611868557020266,33.833019923722176,0,9,L6b,superficial (L2/3),0.04250426324589636
0,27.773483266416346,36.85584811134435,0,1,L2/3 IT,superficial (L2/3),0.061929175086877425
1,28.05119144895375,38.235267039152816,0,2,L4/5 IT,superficial (L2/3),0.06750243126161438
1,27.998031168163642,38.967906878120395,0,2,L4/5 IT,superficial (L2/3),0.07283952776153917
0,28.01374869061201,43.94509479857798,0,1,L2/3 IT,superficial (L2/3),0.10090925774233175
0,27.84959297009771,48.16022286223799,0,1,L2/3 IT,superficial (L2/3),0.1277926129382789
0,28.007456976178045,49.70551252314959,0,1,L2/3 IT,superficial (L2/3),0.14209124617246396
4,28.000941392860835,52.86355238099419,0,3,L5/6 NP,superficial (L2/3),0.1635117964563091
0,28.17663575025504,54.14822144949723,0,1,L2/3 IT,superficial (L2/3),0.17039128509586413
0,27.975862206893662,56.082193520530154,0,1,L2/3 IT,superficial (L2/3),0.18332273616829678
1,28.345146811759623,56.937197859593624,0,2,L4/5 IT,superficial (L2/3),0.18925215862233769
0,27.947102908554175,57.80697543447192,0,1,L2/3 IT,superficial (L2/3),0.194785807499126
0,28.127134485337372,60.109789504248845,0,1,L2/3 IT,superficial (L2/3),0.2047977021000778
0,28.354706135936674,62.8268039556915,0,1,L2/3 IT,superficial (L2/3),0.21865788490079432
0,27.715277074431327,63.8974972446749,0,1,L2/3 IT,superficial (L2/3),0.22348150656873125
0,27.926914916694535,66.10822950526344,0,1,L2/3 IT,superficial (L2/3),0.23392701561060636
1,28.294935034740902,71.28589664156979,0,2,L4/5 IT,superficial (L2/3),0.2617899760675444
1,27.95192392813259,74.00491677303704,1,2,L4/5 IT,middle (L4/5),0.27472046637025777
6,27.912447267745364,77.07606094877752,1,7,L6 IT,middle (L4/5),0.2835188351252449
1,28.385695194923393,77.76847085993495,1,2,L4/5 IT,middle (L4/5),0.2859910146542421
1,28.323159386188305,82.01800608597229,1,2,L4/5 IT,middle (L4/5),0.29817945284266184
1,28.081945915325022,84.87251260692894,1,2,L4/5 IT,middle (L4/5),0.3130236583776783
1,27.903242327706657,93.0947926211862,1,2,L4/5 IT,middle (L4/5),0.35834967114254307
0,28.171729390744698,101.16390829047076,1,1,L2/3 IT,middle (L4/5),0.37846511960687124
0,27.889016149117257,101.82764449735794,1,1,L2/3 IT,middle (L4/5),0.3801321035110019
1,28.372100948942744,103.3769953144476,1,2,L4/5 IT,middle (L4/5),0.3819835526480189
1,27.7658029919115,104.08947166061664,1,2,L4/5 IT,middle (L4/5),0.38407925081938904
2,27.758795807235515,108.85276065276088,1,5,L5 ET,middle (L4/5),0.39687222880269224
0,27.661747230607293,112.08965407420239,1,1,L2/3 IT,middle (L4/5),0.40285415219533016
1,27.960945576856048,113.26730519585433,1,2,L4/5 IT,middle (L4/5),0.40419293464457157
0,29.258836339641118,32.25090572007786,0,1,L2/3 IT,superficial (L2/3),0.035741151624322336
0,28.977322997123625,33.035249277475316,0,1,L2/3 IT,superficial (L2/3),0.0439301353138621
0,29.23967695439789,33.97303345269732,0,1,L2/3 IT,superficial (L2/3),0.05167492484980636
0,29.086260773327986,37.081772827647455,0,1,L2/3 IT,superficial (L2/3),0.07145450639464099
3,29.080468497080354,39.955908532347756,0,4,L5 IT,superficial (L2/3),0.08720052521103959
0,29.089212404238822,43.953209165573895,0,1,L2/3 IT,superficial (L2/3),0.10828714068554955
0,29.008364317925512,46.027320754499655,0,1,L2/3 IT,superficial (L2/3),0.12045399409675674
0,28.889177436542777,47.623468510853584,0,1,L2/3 IT,superficial (L2/3),0.133798117165706
3,29.15955888302924,55.819452707384286,0,4,L5 IT,superficial (L2/3),0.19163692547027117
0,29.148544132632164,63.8831978373481,0,1,L2/3 IT,superficial (L2/3),0.23492022870858575
1,29.240222519132512,73.20182473344711,1,2,L4/5 IT,middle (L4/5),0.28268580574023605
5,29.050590093753623,76.23775613671388,1,6,L6 CT,middle (L4/5),0.2934121761909599
0,29.164440451125632,78.07465286171428,1,1,L2/3 IT,middle (L4/5),0.29902982098712905
1,28.9004041871396,80.07565805753563,1,2,L4/5 IT,middle (L4/5),0.3046204926063067
1,29.152437250740928,82.95098254615596,1,2,L4/5 IT,middle (L4/5),0.31560787614775954
6,28.756499115140034,88.30506203952815,1,7,L6 IT,middle (L4/5),0.3431241135638018
3,28.684706297052095,88.85575596242634,1,4,L5 IT,middle (L4/5),0.34902500366640143
0,29.189839233281173,93.30851155642159,1,1,L2/3 IT,middle (L4/5),0.36925166544168475
0,28.94746665111063,102.9173663669214,1,1,L2/3 IT,middle (L4/5),0.3925710255070669
1,29.05622824918136,105.26676298107911,1,2,L4/5 IT,middle (L4/5),0.39746221883332333
1,29.009539195800755,106.99257124622589,1,2,L4/5 IT,middle (L4/5),0.4031615050120312
1,29.040832897091907,112.28449979236989,1,2,L4/5 IT,middle (L4/5),0.41548436963083835
1,28.530301404767176,113.21824395456481,1,2,L4/5 IT,middle (L4/5),0.4170260702034174
3,28.90523248210984,115.94759785032389,1,4,L5 IT,middle (L4/5),0.4203821042760076
1,29.008990715832436,116.82739565089162,1,2,L4/5 IT,middle (L4/5),0.42138706576770013
1,29.846435593995178,31.209995223709768,0,2,L4/5 IT,superficial (L2/3),0.03570651339688909
0,30.01017120369255,34.2681365031615,0,1,L2/3 IT,superficial (L2/3),0.06070580316607199
0,29.85549442840146,35.09722632381739,0,1,L2/3 IT,superficial (L2/3),0.06803116118855332
3,29.995287627403684,39.77280692134905,0,4,L5 IT,superficial (L2/3),0.09584674960254455
0,30.07313985675151,44.1032563889352,0,1,L2/3 IT,superficial (L2/3),0.1151712243278554
0,29.895455735330604,46.98646256643351,0,1,L2/3 IT,superficial (L2/3),0.1328270146147001
0,29.589546468188665,49.36509232272872,0,1,L2/3 IT,superficial (L2/3),0.14650442608512845
0,30.09020699021047,52.958995475939936,0,1,L2/3 IT,superficial (L2/3),0.17693341282212832
0,30.05557164417602,57.17695211663357,0,1,L2/3 IT,superficial (L2/3),0.2062847090195826
0,29.94170671696383,65.82176585291424,0,1,L2/3 IT,superficial (L2/3),0.25683159410378753
0,29.968354172017754,68.34327727057108,0,1,L2/3 IT,superficial (L2/3),0.26830414618063286
1,29.75599408270958,72.49697209638488,1,2,L4/5 IT,middle (L4/5),0.2900202958581539
1,30.06656674110669,80.75067423431845,1,2,L4/5 IT,middle (L4/5),0.32152107773719746
1,30.049828912827447,84.26054766306389,1,2,L4/5 IT,middle (L4/5),0.33336801718438325
1,30.134135357092646,85.4151618421683,1,2,L4/5 IT,middle (L4/5),0.33824620683137524
3,29.958815635195137,88.11288480702223,1,4,L5 IT,middle (L4/5),0.35470094450008555
3,29.615967499709136,90.365752110618,1,4,L5 IT,middle (L4/5),0.365730818565131
1,29.698622605029357,93.2812330240346,1,2,L4/5 IT,middle (L4/5),0.37977469709519157
0,29.940458697334712,94.25955867199781,1,1,L2/3 IT,middle (L4/5),0.3834998950603617
2,30.383682381034,94.800116069087,1,5,L5 ET,middle (L4/5),0.38671351684708755
1,29.909274833485718,99.1462960311242,1,2,L4/5 IT,middle (L4/5),0.39553148321139553
4,30.13934128257534,103.6101615308975,1,3,L5/6 NP,middle (L4/5),0.4057988480937519
1,29.971643507489404,103.66549805607937,1,2,L4/5 IT,middle (L4/5),0.4057988480937519
4,30.078456052474948,104.7908651682011,1,3,L5/6 NP,middle (L4/5),0.4085893891947063
1,30.045390317602596,106.82911310926711,1,2,L4/5 IT,middle (L4/5),0.4146727672983757
1,29.779065140737647,107.7961086936733,1,2,L4/5 IT,middle (L4/5),0.41774491801156083
1,30.02447354696001,108.94339845266953,1,2,L4/5 IT,middle (L4/5),0.42068106218464985
1,30.30236204762241,113.4064664215718,1,2,L4/5 IT,middle (L4/5),0.4294713648469701
1,29.72375892631035,115.41506850775127,1,2,L4/5 IT,middle (L4/5),0.43208768904990474
0,30.95244379576943,29.158983573656794,0,1,L2/3 IT,superficial (L2/3),0.02622799581443137
0,31.055481695095327,31.88640735817113,0,1,L2/3 IT,superficial (L2/3),0.052852307570065
0,31.02128194429437,33.24342571359118,0,1,L2/3 IT,superficial (L2/3),0.06142502273422617
1,31.09229521191883,34.96116231916531,0,2,L4/5 IT,superficial (L2/3),0.07693785844294879
0,30.778214392841935,36.882495489208644,0,1,L2/3 IT,superficial (L2/3),0.08961560417744145
2,31.454298023322814,42.84575194225799,0,5,L5 ET,superficial (L2/3),0.11703435466017002
0,31.17304535740968,43.627848076205,0,1,L2/3 IT,superficial (L2/3),0.12176235329461407
3,31.202148189341536,55.26970376167346,0,4,L5 IT,superficial (L2/3),0.19914856797722555
0,31.271124113019887,59.087661855122164,0,1,L2/3 IT,superficial (L2/3),0.22730537449026358
7,30.901338571175827,64.14259661774663,0,8,L6 IT Car3,superficial (L2/3),0.25620656083960086
1,31.164955755103676,70.21206202288388,1,2,L4/5 IT,middle (L4/5),0.2911591551940514
1,30.89496067567053,77.78450474468637,1,2,L4/5 IT,middle (L4/5),0.32615157150790386
1,30.98276077803996,83.66709795491656,1,2,L4/5 IT,middle (L4/5),0.34651251790730636
2,31.155598464300425,84.98023718242757,1,5,L5 ET,middle (L4/5),0.35097659141489534
2,31.24596388174688,85.44654017355978,1,5,L5 ET,middle (L4/5),0.35097659141489534
3,31.015596573970036,89.27946292600461,1,4,L5 IT,middle (L4/5),0.371429886796675
3,30.906633831908103,93.15737498847678,1,4,L5 IT,middle (L4/5),0.3900751598332576
1,30.95380077569022,99.34703877664221,1,2,L4/5 IT,middle (L4/5),0.4057933817917068
0,31.333054106200386,100.73772531195637,1,1,L2/3 IT,middle (L4/5),0.40962226889519926
1,31.024953997027705,103.65809422734937,1,2,L4/5 IT,middle (L4/5),0.4169658488248178
1,30.53263250361033,105.06520481873868,1,2,L4/5 IT,middle (L4/5),0.41993043870052826
3,31.241222705234232,107.2953361433553,1,4,L5 IT,middle (L4/5),0.4262744716626056
1,31.18960456647624,111.02463489640343,1,2,L4/5 IT,middle (L4/5),0.4376609971872761
3,30.769045200671332,112.8746191500006,1,4,L5 IT,middle (L4/5),0.44154396979749194
0,30.69069997287002,113.86570728097271,1,1,L2/3 IT,middle (L4/5),0.4430399236542056
0,31.870397903559837,24.89746541420822,0,1,L2/3 IT,superficial (L2/3),0.0027806995813910835
1,32.13697696306061,36.050449994909464,0,2,L4/5 IT,superficial (L2/3),0.0922078227888756
7,31.856032111909997,37.57469347786796,0,8,L6 IT Car3,superficial (L2/3),0.10332505527326812
0,31.600539673246715,45.14193136455112,0,1,L2/3 IT,superficial (L2/3),0.1330947496197567
0,32.21346537884129,46.058332190340444,0,1,L2/3 IT,superficial (L2/3),0.13843059677029335
0,32.435756670151875,46.52951489240705,0,1,L2/3 IT,superficial (L2/3),0.144328492696818
0,31.825564888640493,49.109949874901105,0,1,L2/3 IT,superficial (L2/3),0.15780165839503393
0,32.03761982396341,53.171273749751016,0,1,L2/3 IT,superficial (L2/3),0.189559447850669
0,31.943052920694836,53.85380126625028,0,1,L2/3 IT,superficial (L2/3),0.19781349857376537
0,31.95937141531705,54.94145138163264,0,1,L2/3 IT,superficial (L2/3),0.20592833750626
0,31.831893146240297,56.59608926048983,0,1,L2/3 IT,superficial (L2/3),0.22133248809674091
0,31.994554349553177,59.1089622088051,0,1,L2/3 IT,superficial (L2/3),0.23532235123934414
0,32.200089945492884,60.195114437759976,0,1,L2/3 IT,superficial (L2/3),0.24181614724098388
0,32.074050354532616,63.07210225447781,0,1,L2/3 IT,superficial (L2/3),0.2601331719026337
0,31.51167385524903,65.00142795849638,0,1,L2/3 IT,superficial (L2/3),0.27217384459563426
3,31.692557380801084,68.09121751140408,1,4,L5 IT,middle (L4/5),0.29058655460296406
4,31.869043141565296,72.89459560253022,1,3,L5/6 NP,middle (L4/5),0.3190555893495559
1,32.08863082168449,77.11650680495012,1,2,L4/5 IT,middle (L4/5),0.3363712749004597
1,32.15519202164658,78.94418454857548,1,2,L4/5 IT,middle (L4/5),0.34315572051820875
1,32.348691218215784,86.43235222988399,1,2,L4/5 IT,middle (L4/5),0.3680971179908006
2,32.24913854263111,87.14489445815781,1,5,L5 ET,middle (L4/5),0.3727451571326025
1,31.56133655280601,87.86371585882837,1,2,L4/5 IT,middle (L4/5),0.3775728801559605
1,31.863531314703962,88.97309951395543,1,2,L4/5 IT,middle (L4/5),0.3824663702455114
1,32.17590918383291,91.27323239744555,1,2,L4/5 IT,middle (L4/5),0.3919442225583525
2,32.15161489282292,93.05146369312726,1,5,L5 ET,middle (L4/5),0.4002991605184746
3,31.81483190771112,94.21143349276406,1,4,L5 IT,middle (L4/5),0.4038776611654396
5,32.13481331082845,96.1866929348888,1,6,L6 CT,middle (L4/5),0.409767396165986
0,32.1329050569017,105.09856444390518,1,1,L2/3 IT,middle (L4/5),0.43159763415351166
1,31.920996859382743,106.56878451262011,1,2,L4/5 IT,middle (L4/5),0.4380575318909632
1,31.81892835182267,107.87843047426949,1,2,L4/5 IT,middle (L4/5),0.4412263849984896
1,32.209091637979625,112.35287689674334,1,2,L4/5 IT,middle (L4/5),0.45151778979425317
1,31.758106691235927,115.00763823625735,1,2,L4/5 IT,middle (L4/5),0.4561856225102558
3,31.949138250718892,116.47806508778487,1,4,L5 IT,middle (L4/5),0.45740837417170266
0,33.28829351075427,26.706397625283678,0,1,L2/3 IT,superficial (L2/3),0.02432188738438107
0,32.94152151370651,28.302171457229832,0,1,L2/3 IT,superficial (L2/3),0.032629504485176
1,32.614460589214076,31.931365602974683,0,2,L4/5 IT,superficial (L2/3),0.06889843271779615
1,32.97307009634917,33.52595974539983,0,2,L4/5 IT,superficial (L2/3),0.08597753548917893
0,32.74363767615261,35.00159263611994,0,1,L2/3 IT,superficial (L2/3),0.09354290184504337
0,32.87360011624695,37.31446280306822,0,1,L2/3 IT,superficial (L2/3),0.10619891685535936
0,32.89809460442746,38.01898876564227,0,1,L2/3 IT,superficial (L2/3),0.1113085725864612
2,33.11688922802226,39.96115504650427,0,5,L5 ET,superficial (L2/3),0.11970102304298934
3,33.24960493151526,42.055088777230196,0,4,L5 IT,superficial (L2/3),0.12700912567281628
0,32.767008918186306,45.82490372087265,0,1,L2/3 IT,superficial (L2/3),0.14469653807651917
0,32.75080783742925,53.11948207431751,0,1,L2/3 IT,superficial (L2/3),0.19603257411189834
0,32.920619415561774,54.62832006875451,0,1,L2/3 IT,superficial (L2/3),0.21271544975651335
0,33.379646917344225,56.023155526313666,0,1,L2/3 IT,superficial (L2/3),0.22077246575377055
0,33.18310226857874,58.964838546698225,0,1,L2/3 IT,superficial (L2/3),0.24307467961940307
0,32.691376760088225,60.743638251891106,0,1,L2/3 IT,superficial (L2/3),0.25650203405652905
0,32.95288212815388,61.872539592985255,0,1,L2/3 IT,superficial (L2/3),0.26295925426088845
0,32.887032930977746,63.86607457830843,0,1,L2/3 IT,superficial (L2/3),0.27572334684353156
0,33.01249680906111,71.33399024959061,1,1,L2/3 IT,middle (L4/5),0.32002970585498874
4,33.02751407533015,71.83932036418781,1,3,L5/6 NP,middle (L4/5),0.32578896872390894
1,33.04525965039375,73.8121957573455,1,2,L4/5 IT,middle (L4/5),0.33640505473927895
1,33.139687712412865,76.8640771967928,1,2,L4/5 IT,middle (L4/5),0.3497358290757257
1,33.546434274367726,80.66450555173613,1,2,L4/5 IT,middle (L4/5),0.37674119646799964
1,32.80322091584138,84.9591107903934,1,2,L4/5 IT,middle (L4/5),0.3764399235360052
6,32.748936804372775,88.0139140219626,1,7,L6 IT,middle (L4/5),0.38896182253584033
2,33.12509200725966,89.03496270429969,1,5,L5 ET,middle (L4/5),0.39347805816269366
0,32.875799584842554,90.96307221728698,1,1,L2/3 IT,middle (L4/5),0.4024185380655515
1,33.15609112656893,94.94310100962717,1,2,L4/5 IT,middle (L4/5),0.4173374156163471
1,32.72075192569684,96.07866352299521,1,2,L4/5 IT,middle (L4/5),0.42019560434662495
1,32.72912836248334,100.720119893304,1,2,L4/5 IT,middle (L4/5),0.43209674938221243
1,32.81484106670025,110.22326902388076,1,2,L4/5 IT,middle (L4/5),0.4587370873893425
2,32.738514286785744,110.96666486466599,1,5,L5 ET,middle (L4/5),0.46109047908025824
1,32.85569101264848,112.01616345424587,1,2,L4/5 IT,middle (L4/5),0.463138745343746
2,33.174684784669665,116.35782981028085,1,5,L5 ET,middle (L4/5),0.46902371692703965
3,32.73050664211499,116.89656165241354,1,4,L5 IT,middle (L4/5),0.4702244673226191
1,33.823483687419284,23.943055699558645,0,2,L4/5 IT,superficial (L2/3),0.009828977133076403
0,34.1680363085291,24.94267401912151,0,1,L2/3 IT,superficial (L2/3),0.016315117423446966
0,33.90424868763309,25.931186000069385,0,1,L2/3 IT,superficial (L2/3),0.023504684485505866
0,33.99999169723238,27.768986375386596,0,1,L2/3 IT,superficial (L2/3),0.039802046573389364
0,34.12715164820131,32.77370477860288,0,1,L2/3 IT,superficial (L2/3),0.08516054930092831
0,34.14866560348649,37.819563624586586,0,1,L2/3 IT,superficial (L2/3),0.11883079339769635
1,33.97525669433068,38.73723803607518,0,2,L4/5 IT,superficial (L2/3),0.12322591506494128
0,33.87355344331656,40.04297661969237,0,1,L2/3 IT,superficial (L2/3),0.1271023455155209
0,33.588981559450076,43.98998139304712,0,1,L2/3 IT,superficial (L2/3),0.1418536429161885
0,34.0222607481529,46.204527580644616,0,1,L2/3 IT,superficial (L2/3),0.15145335644597577
0,34.14419573659662,46.9292999638727,0,1,L2/3 IT,superficial (L2/3),0.15719985764455918
0,34.12229818749046,47.95783419170274,0,1,L2/3 IT,superficial (L2/3),0.16360051439175777
0,33.59031579977905,48.9663966844797,0,1,L2/3 IT,superficial (L2/3),0.17061668491779097
0,34.000201504826606,54.75585924917102,0,1,L2/3 IT,superficial (L2/3),0.2197284018832748
0,34.06403572086835,57.83369584270486,0,1,L2/3 IT,superficial (L2/3),0.2434354397370214
0,33.96260020792451,60.888841273992846,0,1,L2/3 IT,superficial (L2/3),0.26481902701482596
0,33.5925340413636,63.120279241590275,0,1,L2/3 IT,superficial (L2/3),0.278385622692437
0,33.73939914673068,63.879289900512354,0,1,L2/3 IT,superficial (L2/3),0.2851365561389762
5,33.620480267044165,65.6539349018138,1,6,L6 CT,middle (L4/5),0.29869273923636186
3,34.1686591771253,67.30608557809802,1,4,L5 IT,middle (L4/5),0.30547506163724564
0,34.31252446857145,72.11478808759861,1,1,L2/3 IT,middle (L4/5),0.3376031293680128
0,33.88729441371158,72.67622090709747,1,1,L2/3 IT,middle (L4/5),0.3433321379095668
1,33.606053079098,74.62782225334576,1,2,L4/5 IT,middle (L4/5),0.3538090095533598
1,33.7985774572469,78.31128594479803,1,2,L4/5 IT,middle (L4/5),0.36676911781358335
1,34.15599971663057,84.88650082510229,1,2,L4/5 IT,middle (L4/5),0.3890591988355106
1,33.98028032897835,92.06580676861948,1,2,L4/5 IT,middle (L4/5),0.41700726735751087
1,34.2146107236454,94.44394935101757,1,2,L4/5 IT,middle (L4/5),0.42451951613037836
1,33.674061912343525,95.02119056458865,1,2,L4/5 IT,middle (L4/5),0.4278523142808232
4,34.11351587832039,96.014650327339,1,3,L5/6 NP,middle (L4/5),0.4308990516197133
1,33.869152466842635,96.85639592090884,1,2,L4/5 IT,middle (L4/5),0.433704393622883
1,34.03157325815252,97.86977084536147,1,2,L4/5 IT,middle (L4/5),0.4363408260974619
6,34.196503862218215,99.74329154488755,1,7,L6 IT,middle (L4/5),0.4414726583441272
1,34.04774039568152,101.10904638953487,1,2,L4/5 IT,middle (L4/5),0.44413982508197347
1,34.43052183510063,102.17068765489425,1,2,L4/5 IT,middle (L4/5),0.44695009046967543
2,34.00678230002007,104.21948005782156,1,5,L5 ET,middle (L4/5),0.4530021859796379
1,34.01034134830939,105.48377566882695,1,2,L4/5 IT,middle (L4/5),0.45616502540843146
3,33.65270788612027,109.81361519896181,1,4,L5 IT,middle (L4/5),0.4706039819559587
3,34.051274799972525,111.90056263673024,1,4,L5 IT,middle (L4/5),0.4747559091669004
1,33.67633844876499,113.22905746441302,1,2,L4/5 IT,middle (L4/5),0.47644452770291784
2,34.139149583284095,117.4399429499152,2,5,L5 ET,deep (L5),0.4817558231346773
0,34.86945769812894,21.653990415585056,0,1,L2/3 IT,superficial (L2/3),0.0050252410948239045
2,35.12513883172095,25.629479482870494,0,5,L5 ET,superficial (L2/3),0.030337651319919254
0,34.98031834108411,26.81218064829463,0,1,L2/3 IT,superficial (L2/3),0.038312266774363266
0,34.894090719881426,30.065413031599746,0,1,L2/3 IT,superficial (L2/3),0.06492746957982701
0,34.803946572865975,31.5252780475234,0,1,L2/3 IT,superficial (L2/3),0.08329197913207673
0,34.937613962384305,35.89795555665298,0,1,L2/3 IT,superficial (L2/3),0.11476089644925205
0,35.41884508432123,38.19690144564115,0,1,L2/3 IT,superficial (L2/3),0.12587443246315103
0,35.02586922977747,38.85238126926407,0,1,L2/3 IT,superficial (L2/3),0.13033262359762482
0,35.14487503022912,41.02517458307033,0,1,L2/3 IT,superficial (L2/3),0.13789159393070974
0,35.39229934949389,42.93386411117391,0,1,L2/3 IT,superficial (L2/3),0.1451326227079442
3,35.39228681466376,45.444867789422,0,4,L5 IT,superficial (L2/3),0.15370196564217875
1,35.01971881753982,50.7080083617772,0,2,L4/5 IT,superficial (L2/3),0.19362407743372473
0,34.74655394220795,51.91661952732383,0,1,L2/3 IT,superficial (L2/3),0.20189956832070075
0,34.60493653355017,58.10292977786853,0,1,L2/3 IT,superficial (L2/3),0.25113187125104525
7,35.290060810936325,58.74303748945656,0,8,L6 IT Car3,superficial (L2/3),0.2586639742613748
0,34.82872755362202,59.6491675385886,0,1,L2/3 IT,superficial (L2/3),0.2660069375858069
0,35.22022818014867,60.85184020261904,0,1,L2/3 IT,superficial (L2/3),0.2732124960035374
1,35.30585734574247,65.07365808136899,1,2,L4/5 IT,middle (L4/5),0.30164175112037833
1,35.17012487805825,66.93657326730431,1,2,L4/5 IT,middle (L4/5),0.3158540348803814
1,35.49868257078123,70.02170610330771,1,2,L4/5 IT,middle (L4/5),0.3364994677281994
6,35.27882557216882,79.19262352634807,1,7,L6 IT,middle (L4/5),0.3833885130572137
2,34.85399751987646,80.287940864183,1,5,L5 ET,middle (L4/5),0.38678597441695556
1,34.928265542016945,84.13057026051453,1,2,L4/5 IT,middle (L4/5),0.3985465024674234
1,34.896281396129595,87.02926905129341,1,2,L4/5 IT,middle (L4/5),0.4080803453593953
0,34.55933027362435,88.80702640370086,1,1,L2/3 IT,middle (L4/5),0.4155032857662451
1,35.186974478257504,90.15039224838024,1,2,L4/5 IT,middle (L4/5),0.419451728535524
1,35.01975783135611,93.69974221156859,1,2,L4/5 IT,middle (L4/5),0.43506166406099867
1,35.15735447889161,96.65454299155367,1,2,L4/5 IT,middle (L4/5),0.444985901879239
1,34.86477558866532,99.47901652937217,1,2,L4/5 IT,middle (L4/5),0.4508531613710997
1,34.87998785078197,99.88617233841791,1,2,L4/5 IT,middle (L4/5),0.4537448341019672
1,34.7800185020341,101.0190424914417,1,2,L4/5 IT,middle (L4/5),0.45668473903710727
1,35.03835455508734,105.01289085356588,1,2,L4/5 IT,middle (L4/5),0.4690571117440385
1,34.75772760418929,107.0537557813245,1,2,L4/5 IT,middle (L4/5),0.4750550466927745
3,35.10990834191216,108.872228427365,1,4,L5 IT,middle (L4/5),0.48034556522901795
3,35.3013891997586,109.69887953165721,1,4,L5 IT,middle (L4/5),0.48263765679679854
3,35.12199327730959,111.40783250734412,1,4,L5 IT,middle (L4/5),0.4846804070022009
2,34.87683712959756,115.73491214945643,2,5,L5 ET,deep (L5),0.49210305838571305
0,36.015272767356585,22.011809427522426,0,1,L2/3 IT,superficial (L2/3),0.011371205341858981
0,35.89630379754513,23.726115240268342,0,1,L2/3 IT,superficial (L2/3),0.022964204286596426
0,35.975870331106755,28.022431196481303,0,1,L2/3 IT,superficial (L2/3),0.053726936985256414
0,36.28128292063263,28.43719141262747,0,1,L2/3 IT,superficial (L2/3),0.053726936985256414
3,35.93829745700508,32.98272336374732,0,4,L5 IT,superficial (L2/3),0.09848225591585598
3,35.71831256739588,37.851895971160985,0,4,L5 IT,superficial (L2/3),0.13244995360766715
0,35.71049704934454,40.15015692650881,0,1,L2/3 IT,superficial (L2/3),0.1412111275771051
2,36.21562505416779,43.47339912553309,0,5,L5 ET,superficial (L2/3),0.15268496360987885
0,35.96507527929291,44.348671040788666,0,1,L2/3 IT,superficial (L2/3),0.15690775717274488
7,36.04550793607147,46.40101951995223,0,8,L6 IT Car3,superficial (L2/3),0.16688639144357503
0,35.75624690327263,50.82625621807897,0,1,L2/3 IT,superficial (L2/3),0.20189485617634645
0,35.86135971964105,54.24745406315277,0,1,L2/3 IT,superficial (L2/3),0.22685862709590543
2,35.66317187981241,55.809102357342525,0,5,L5 ET,superficial (L2/3),0.24337345538498537
0,36.189357206403955,60.033571768378835,0,1,L2/3 IT,superficial (L2/3),0.2744104621479367
0,35.81759137531084,61.14463873738249,0,1,L2/3 IT,superficial (L2/3),0.28184847004192504
0,36.3104368547945,61.83911062935466,0,1,L2/3 IT,superficial (L2/3),0.2892441973728541
1,35.91055622065625,73.08606932610182,1,2,L4/5 IT,middle (L4/5),0.3667661903763164
6,36.1754911723104,80.86718477595304,1,7,L6 IT,middle (L4/5),0.4026296747775272
3,35.9321069652789,81.83685754745858,1,4,L5 IT,middle (L4/5),0.4055651895567124
1,35.81055571951095,88.99717235850092,1,2,L4/5 IT,middle (L4/5),0.4264989230265775
0,36.10849028216283,89.9778393621114,1,1,L2/3 IT,middle (L4/5),0.43019681729389553
1,35.994011848411425,91.80824593199019,1,2,L4/5 IT,middle (L4/5),0.43795662704338273
3,35.839325435173194,110.56380089135212,2,4,L5 IT,deep (L5),0.4967512308945243
2,37.133101317762765,25.034489997257804,0,5,L5 ET,superficial (L2/3),0.036567889515555306
0,37.12225457925527,29.22311925752809,0,1,L2/3 IT,superficial (L2/3),0.06926425445390766
0,36.79854567871124,30.3114711486394,0,1,L2/3 IT,superficial (L2/3),0.07816572577041264
0,37.37612841418153,38.34694521002714,0,1,L2/3 IT,superficial (L2/3),0.1386064969262264
0,37.04985814649283,40.850121099118766,0,1,L2/3 IT,superficial (L2/3),0.1521358881149816
0,36.57664397497892,41.7795733984639,0,1,L2/3 IT,superficial (L2/3),0.15624452678298184
0,37.22907008062967,44.923648812260616,0,1,L2/3 IT,superficial (L2/3),0.17005002209714198
0,37.00432369074834,51.98381021576225,0,1,L2/3 IT,superficial (L2/3),0.21911879110871849
0,36.78963075156864,55.18818737323239,0,1,L2/3 IT,superficial (L2/3),0.2438466653258713
0,36.80722617123386,57.27208229100711,0,1,L2/3 IT,superficial (L2/3),0.2599452509625318
0,37.15025704767995,59.494743883035376,0,1,L2/3 IT,superficial (L2/3),0.2755462329872473
1,37.206326116882465,63.03278533728203,1,2,L4/5 IT,middle (L4/5),0.3060891856894255
3,36.70408821635796,65.80684924480141,1,4,L5 IT,middle (L4/5),0.3290630704186953
1,36.94704418017086,67.92546997440738,1,2,L4/5 IT,middle (L4/5),0.3441078090128685
1,36.75144948623447,68.83658248098679,1,2,L4/5 IT,middle (L4/5),0.3513992820927789
1,37.27519246672475,69.8144237117724,1,2,L4/5 IT,middle (L4/5),0.3584692934231603
1,36.70831094797267,78.15592834359965,1,2,L4/5 IT,middle (L4/5),0.4039195921156417
2,36.7475040596396,82.23331403369698,1,5,L5 ET,middle (L4/5),0.41787918136398905
1,37.02116335690443,85.19775380993943,1,2,L4/5 IT,middle (L4/5),0.4258233168033565
0,37.25951930941584,86.76113644599481,1,1,L2/3 IT,middle (L4/5),0.4312408847299821
1,37.031288345041254,91.25736954616572,1,2,L4/5 IT,middle (L4/5),0.4446349137272082
1,37.13901934514966,92.56362900311366,1,2,L4/5 IT,middle (L4/5),0.45248388458192923
1,36.9580144763505,100.90777783035651,1,2,L4/5 IT,middle (L4/5),0.48279011862549576
1,36.92367306874587,103.86294377260872,1,2,L4/5 IT,middle (L4/5),0.4926566062757396
1,37.09866018070823,108.29734261398242,2,2,L4/5 IT,deep (L5),0.5033255463557581
1,36.95208335860839,108.84155235078127,2,2,L4/5 IT,deep (L5),0.5054381193050616
1,37.05869697880029,110.06921994178374,2,2,L4/5 IT,deep (L5),0.5073413498935685
1,36.771961321236724,111.3452727356449,2,2,L4/5 IT,deep (L5),0.5090597625368539
2,37.06930549770275,111.97743803067067,2,5,L5 ET,deep (L5),0.510622780692751
4,37.0836282146973,113.09681811106036,2,3,L5/6 NP,deep (L5),0.5120645649267118
2,37.09267987513502,115.56258350178526,2,5,L5 ET,deep (L5),0.5160337180808195
0,36.9953170062551,117.10359139144434,2,1,L2/3 IT,deep (L5),0.5173432256805817
0,37.66141451309302,21.188917882605914,0,1,L2/3 IT,superficial (L2/3),0.019420166143429583
0,37.956800026884345,29.762045662676105,0,1,L2/3 IT,superficial (L2/3),0.08441734353621258
2,37.83708155862143,33.36321080807961,0,5,L5 ET,superficial (L2/3),0.10991124717662283
0,37.9848943872,33.849541877509225,0,1,L2/3 IT,superficial (L2/3),0.1178628579890925
0,38.02406426410065,40.800047672095786,0,1,L2/3 IT,superficial (L2/3),0.1591765019257586
6,37.94547800552038,42.93275712776174,0,7,L6 IT,superficial (L2/3),0.16849013212609193
0,38.244598692121244,49.9139847077125,0,1,L2/3 IT,superficial (L2/3),0.21296091746197332
0,38.25458512979106,51.12322082181386,0,1,L2/3 IT,superficial (L2/3),0.22082545203553414
3,37.943901854537906,52.6932132760274,0,4,L5 IT,superficial (L2/3),0.23695880288328766
0,37.99920303529962,54.99736466668914,0,1,L2/3 IT,superficial (L2/3),0.2531436798873182
0,37.477511454574966,56.14963549941375,0,1,L2/3 IT,superficial (L2/3),0.25196098538929257
0,38.08743772689544,56.934988669695215,0,1,L2/3 IT,superficial (L2/3),0.2690550288221112
0,37.87993805126755,59.137717097139884,0,1,L2/3 IT,superficial (L2/3),0.28468279396005214
1,38.316964780963,64.03232540635575,1,2,L4/5 IT,middle (L4/5),0.3237006556892756
3,38.54658507514715,65.03574791297373,1,4,L5 IT,middle (L4/5),0.3418549012398795
1,37.813211264085666,65.97810484518884,1,2,L4/5 IT,middle (L4/5),0.33937761243852843
4,37.94541763485372,70.32661391159854,1,3,L5/6 NP,middle (L4/5),0.3692208028393692
1,37.799199003457744,75.10381321968491,1,2,L4/5 IT,middle (L4/5),0.40050874007104215
1,37.803009029525775,93.96826717621322,1,2,L4/5 IT,middle (L4/5),0.4673470343110508
1,38.24699090809537,97.90119909091243,1,2,L4/5 IT,middle (L4/5),0.4842929215023223
3,37.9622086462399,102.05240934708803,1,4,L5 IT,middle (L4/5),0.49960857624610466
1,37.89134366683608,106.95882619196452,2,2,L4/5 IT,deep (L5),0.5141189416874165
3,38.01617225605688,109.85900009461909,2,4,L5 IT,deep (L5),0.5199837672228359
3,38.233192873991534,116.21481852782043,2,4,L5 IT,deep (L5),0.5285226887198807
0,39.21124195206781,16.80309445031858,0,1,L2/3 IT,superficial (L2/3),0.0056271258600811
3,38.54742631069698,18.04393362456027,0,4,L5 IT,superficial (L2/3),0.01113930149622878
0,39.070656904833946,19.08417224027172,0,1,L2/3 IT,superficial (L2/3),0.016281155339134042
3,38.895491269772904,21.412651676245293,0,4,L5 IT,superficial (L2/3),0.026298199615512968
1,39.183691385496964,21.71881019274449,0,2,L4/5 IT,superficial (L2/3),0.03161978657170531
0,38.958126216042025,22.872977911999303,0,1,L2/3 IT,superficial (L2/3),0.03739539872744078
0,39.0738032156368,25.91009386102295,0,1,L2/3 IT,superficial (L2/3),0.057977821684709295
0,38.85637592420285,48.419466485462884,0,1,L2/3 IT,superficial (L2/3),0.20828544598350243
0,39.18307603135058,48.83479791669198,0,1,L2/3 IT,superficial (L2/3),0.215720302555177
0,38.64118730552176,50.965611621400235,0,1,L2/3 IT,superficial (L2/3),0.23123370342646063
0,39.12875358142448,56.97239914307819,0,1,L2/3 IT,superficial (L2/3),0.2786461499880211
0,38.75050588875283,59.08967782656056,0,1,L2/3 IT,superficial (L2/3),0.29424381568718955
0,38.80184807291578,60.81098920622227,1,1,L2/3 IT,middle (L4/5),0.30995131323386044
1,39.14900507899355,68.95039248491143,1,2,L4/5 IT,middle (L4/5),0.37262730088695456
4,38.67004238464911,77.0782765282522,1,3,L5/6 NP,middle (L4/5),0.4215788110004682
1,38.80702834238647,79.88557561161781,1,2,L4/5 IT,middle (L4/5),0.4345686138643965
1,38.82731408281927,82.7747686664629,1,2,L4/5 IT,middle (L4/5),0.44414253869213727
5,38.893885256053125,85.99357196917742,1,6,L6 CT,middle (L4/5),0.4514688649543202
1,39.203695082169624,89.32250493981509,1,2,L4/5 IT,middle (L4/5),0.4592607589256989
1,39.574676307575416,91.00262882873666,1,2,L4/5 IT,middle (L4/5),0.4766180061016963
1,39.01234298885679,91.64420346530783,1,2,L4/5 IT,middle (L4/5),0.4697404002704314
1,39.34148288073295,93.2863393213639,1,2,L4/5 IT,middle (L4/5),0.4738779652922485
5,38.67499013610916,96.81875681331854,1,6,L6 CT,middle (L4/5),0.4919933280063387
1,38.9560255537535,97.61734395589336,1,2,L4/5 IT,middle (L4/5),0.4965268229320617
2,38.71611458550658,99.488720686263,1,5,L5 ET,middle (L4/5),0.5009294761731156
3,38.39184867726779,102.2582433961173,2,4,L5 IT,deep (L5),0.49960857624610466
1,38.86155850338133,104.11482861059865,2,2,L4/5 IT,deep (L5),0.5195269391527092
1,38.781016557822674,105.98670265913438,2,2,L4/5 IT,deep (L5),0.524937908314986
3,39.23853151760896,107.83833012050017,2,4,L5 IT,deep (L5),0.529250283097862
3,39.429193101641594,110.96592167911983,2,4,L5 IT,deep (L5),0.5342953622860189
3,39.038475876425295,115.35097415886071,2,4,L5 IT,deep (L5),0.5399400100555981
3,39.242668278562114,116.13827514581716,2,4,L5 IT,deep (L5),0.5413249477960909
3,38.96299356837577,116.55974030155599,2,4,L5 IT,deep (L5),0.5427198081282973
0,40.0084593656318,20.992299381040446,0,1,L2/3 IT,superficial (L2/3),0.0333621168535635
0,40.262860616627655,22.09001332891895,0,1,L2/3 IT,superficial (L2/3),0.038777281510022764
0,39.62044164595395,28.359411794435644,0,1,L2/3 IT,superficial (L2/3),0.08044300346847431
0,40.55013773124371,31.792325522267603,0,1,L2/3 IT,superficial (L2/3),0.1177334699355994
2,39.997961371454,33.14997795189957,0,5,L5 ET,superficial (L2/3),0.12023903444296974
3,39.56928512302322,33.77270178940759,0,4,L5 IT,superficial (L2/3),0.12787229047710336
0,40.02875406266556,34.81935844482597,0,1,L2/3 IT,superficial (L2/3),0.1352533782401442
0,39.85746175557597,38.001124628989324,0,1,L2/3 IT,superficial (L2/3),0.15542402195684718
0,39.84243309572406,40.344882216775154,0,1,L2/3 IT,superficial (L2/3),0.1673426187040667
0,39.80405145525684,43.87436958493496,0,1,L2/3 IT,superficial (L2/3),0.19089831723927228
0,39.91353976605738,49.03028855237193,0,1,L2/3 IT,superficial (L2/3),0.22638060475356486
0,39.8289551116768,51.753955560478175,0,1,L2/3 IT,superficial (L2/3),0.24982731357781862
2,39.88288187018491,54.94761456952464,0,5,L5 ET,superficial (L2/3),0.27316799196418234
1,39.82624153950428,55.8550090974563,0,2,L4/5 IT,superficial (L2/3),0.28087977693472926
0,39.50096780280945,56.81450194832612,0,1,L2/3 IT,superficial (L2/3),0.2885887811268389
0,40.07693452204397,59.159524916953075,1,1,L2/3 IT,middle (L4/5),0.3041254588920872
0,40.08985156951999,60.27544806870442,1,1,L2/3 IT,middle (L4/5),0.3119993698961119
1,39.858761080969046,64.10429135071224,1,2,L4/5 IT,middle (L4/5),0.3441779140325437
0,39.740106220307105,68.03796044552416,1,1,L2/3 IT,middle (L4/5),0.37563019742745823
1,39.67305896827372,75.03309882473745,1,2,L4/5 IT,middle (L4/5),0.4214591264573813
1,40.19972457959808,77.64328534338149,1,2,L4/5 IT,middle (L4/5),0.436883205206284
1,39.86020813043262,83.11352903682086,1,2,L4/5 IT,middle (L4/5),0.4553934599865122
4,40.23632573464476,84.94496744935908,1,3,L5/6 NP,middle (L4/5),0.46039905789586966
3,40.126393722338854,85.91632365248496,1,4,L5 IT,middle (L4/5),0.46268018405675443
1,40.05072934346238,87.16356993251132,1,2,L4/5 IT,middle (L4/5),0.46497980437019415
1,39.88091122295071,88.27530597142332,1,2,L4/5 IT,middle (L4/5),0.4674225967275711
1,39.787092968029256,88.84768216648081,1,2,L4/5 IT,middle (L4/5),0.4701253132481029
1,39.53429239077836,92.09207474280767,1,2,L4/5 IT,middle (L4/5),0.48046867617270195
5,39.98173785664845,102.80584147547596,2,6,L6 CT,deep (L5),0.5294897709567208
3,39.75361966647803,105.0659192635967,2,4,L5 IT,deep (L5),0.5354856153484895
0,39.942669487120654,109.19105324800775,2,1,L2/3 IT,deep (L5),0.5439195517162098
3,39.985789112626414,110.55221627778126,2,4,L5 IT,deep (L5),0.54708693601247
3,39.57036829084595,112.25365805487142,2,4,L5 IT,deep (L5),0.5485665908299254
4,40.35242235053196,113.67113177720093,2,3,L5/6 NP,deep (L5),0.551454935963496
3,39.93379368145444,115.18063056980209,2,4,L5 IT,deep (L5),0.5528918096503656
3,40.04946378893486,116.94420207357433,2,4,L5 IT,deep (L5),0.5557785840824536
0,40.61456844140739,15.01839475624154,0,1,L2/3 IT,superficial (L2/3),0.006348804636762452
0,41.031421569486376,16.116882278913945,0,1,L2/3 IT,superficial (L2/3),0.012923731761879137
0,40.92179275431198,16.639524679065087,0,1,L2/3 IT,superficial (L2/3),0.019014401245997636
0,40.8228322386276,24.165143287246664,0,1,L2/3 IT,superficial (L2/3),0.05822904413900383
0,40.944098774500915,25.799891181274077,0,1,L2/3 IT,superficial (L2/3),0.07205042029877123
0,41.11679575423207,36.24018817367523,0,1,L2/3 IT,superficial (L2/3),0.14726960996858637
0,41.2856610704368,41.8780282300976,0,1,L2/3 IT,superficial (L2/3),0.18628484751458585
0,40.63612463235857,48.374377003401854,0,1,L2/3 IT,superficial (L2/3),0.22920044470948836
0,41.08938987791075,49.671453921105254,0,1,L2/3 IT,superficial (L2/3),0.24493093753794468
0,41.61069392892534,51.125232981275204,0,1,L2/3 IT,superficial (L2/3),0.2633887471268822
0,41.33921750754,55.32390422787824,0,1,L2/3 IT,superficial (L2/3),0.28351980866026205
0,41.089359064462386,55.86413030936449,0,1,L2/3 IT,superficial (L2/3),0.29109866274777363
0,40.68037370119389,57.01883189691492,0,1,L2/3 IT,superficial (L2/3),0.2987081861134937
0,41.148749670752224,57.81119645524224,1,1,L2/3 IT,middle (L4/5),0.306393001255727
0,40.977853790991176,66.01670918002982,1,1,L2/3 IT,middle (L4/5),0.3705479130741584
0,40.820832967535054,66.85756676614687,1,1,L2/3 IT,middle (L4/5),0.3783209854368898
1,41.50470627049298,71.1693032466387,1,2,L4/5 IT,middle (L4/5),0.416718162056812
1,41.08865726763573,76.65876868619064,1,2,L4/5 IT,middle (L4/5),0.4422261171135197
1,41.0338652057693,79.68380482210819,1,2,L4/5 IT,middle (L4/5),0.45605071986503004
1,41.27779291202037,82.13493125645013,1,2,L4/5 IT,middle (L4/5),0.4633164975680223
1,40.7805296048851,83.0823988902257,2,2,L4/5 IT,deep (L5),0.4663412004829585
1,40.851225012822155,85.97306366746653,1,2,L4/5 IT,middle (L4/5),0.4737080008021167
1,40.989307381932704,90.14105246488069,1,2,L4/5 IT,middle (L4/5),0.4839984400964277
3,41.18538908219949,92.26343337742132,1,4,L5 IT,middle (L4/5),0.4913164312154599
3,41.12069837403724,93.00350425661433,1,4,L5 IT,middle (L4/5),0.4956322752737974
3,40.6023352940921,94.87264596565076,2,4,L5 IT,deep (L5),0.5052820822207277
5,40.96270975231867,95.94602732999958,2,6,L6 CT,deep (L5),0.510411799873199
2,41.07560282913956,98.07841303310332,2,5,L5 ET,deep (L5),0.5207045008486308
4,40.57353729819589,98.91700707358692,2,3,L5/6 NP,deep (L5),0.5256487272987785
4,40.9091572245316,99.54680715152406,2,3,L5/6 NP,deep (L5),0.5303362384635425
4,41.05136102728773,101.90691958123023,2,3,L5/6 NP,deep (L5),0.5386915529462781
5,41.06805087344767,110.96985069935756,2,6,L6 CT,deep (L5),0.5598730044255803
2,40.62397498100223,113.11210004724991,2,5,L5 ET,deep (L5),0.5629028079246057
2,40.690956422361765,114.26107265118914,2,5,L5 ET,deep (L5),0.5644040103137471
4,41.01066877946598,115.29529043626995,2,3,L5/6 NP,deep (L5),0.5659042691364288
2,40.83636732949538,117.32180723837283,2,5,L5 ET,deep (L5),0.5688995969721434
3,41.92554184799487,17.7712762917881,0,4,L5 IT,superficial (L2/3),0.03146721803737395
7,42.2146756524171,21.88091505408102,0,8,L6 IT Car3,superficial (L2/3),0.05339526594753673
0,42.42471189267268,22.972861961442863,0,1,L2/3 IT,superficial (L2/3),0.05930587888216689
2,42.50701562603288,24.917537830008673,0,5,L5 ET,superficial (L2/3),0.07946094071036953
0,41.838587557496325,26.072871016492197,0,1,L2/3 IT,superficial (L2/3),0.07911268673928527
0,41.78583815170207,26.721394434919976,0,1,L2/3 IT,superficial (L2/3),0.08625990439694824
0,41.881967646932615,33.962477025287676,0,1,L2/3 IT,superficial (L2/3),0.1379070749123012
0,42.30120153361088,35.047952485994145,0,1,L2/3 IT,superficial (L2/3),0.1451871132142583
0,41.620149911236496,36.87194460973921,0,1,L2/3 IT,superficial (L2/3),0.1594183892178345
0,41.41270693312537,39.162646073374454,0,1,L2/3 IT,superficial (L2/3),0.1673087456698741
0,41.82529532757248,41.17262965587805,0,1,L2/3 IT,superficial (L2/3),0.18672435954410402
0,41.88747927300883,50.018506328920814,0,1,L2/3 IT,superficial (L2/3),0.2554813701742337
0,41.78303364925424,53.18327514381032,0,1,L2/3 IT,superficial (L2/3),0.2788026691573054
0,41.89674265081584,54.10095395114223,0,1,L2/3 IT,superficial (L2/3),0.2863372010622946
5,42.23788618205674,58.91552938317013,1,6,L6 CT,middle (L4/5),0.32424737489401895
1,42.11397219004787,59.783327948284,1,2,L4/5 IT,middle (L4/5),0.3321802407754629
1,41.8245906498259,62.20069597009334,1,2,L4/5 IT,middle (L4/5),0.3484083542857156
1,41.47988852441147,63.24034603838114,1,2,L4/5 IT,middle (L4/5),0.3463720083447513
4,42.046738810192544,64.03694151226979,1,3,L5/6 NP,middle (L4/5),0.36476408866840204
0,41.87698135584657,69.7764952186149,1,1,L2/3 IT,middle (L4/5),0.4100248175874519
4,42.23710747208631,70.7465215052449,1,3,L5/6 NP,middle (L4/5),0.416718162056812
1,42.12060217165823,74.33226048726523,1,2,L4/5 IT,middle (L4/5),0.4354160336740139
1,41.90431042181296,76.30650698558988,1,2,L4/5 IT,middle (L4/5),0.44681144714589505
3,41.52801351382384,77.13662572765269,1,4,L5 IT,middle (L4/5),0.45216105266354206
1,42.00002996939044,78.91586348400101,1,2,L4/5 IT,middle (L4/5),0.4619831797060048
1,42.07803806403129,79.88412187002338,1,2,L4/5 IT,middle (L4/5),0.46636196175543354
4,41.69896181828371,82.70100517368546,2,3,L5/6 NP,deep (L5),0.4770065156638201
1,42.3087748300627,83.74049997230944,2,2,L4/5 IT,deep (L5),0.47976919225808085
1,41.853674419256684,88.03421277673124,2,2,L4/5 IT,deep (L5),0.4892342151743242
6,41.59202641767688,89.82756320172571,2,7,L6 IT,deep (L5),0.4948998750912715
3,41.45242633996596,93.12795454993089,2,4,L5 IT,deep (L5),0.4956322752737974
2,42.34071628651225,93.97714790509097,2,5,L5 ET,deep (L5),0.5115248549913772
2,41.70132040195412,99.18335535461067,2,5,L5 ET,deep (L5),0.5377050032359596
4,42.14599937750677,102.10712711398709,2,3,L5/6 NP,deep (L5),0.5510757241228437
4,41.59304848300352,102.7650577646562,2,3,L5/6 NP,deep (L5),0.5547232492073216
4,42.29210652881581,104.87633537401508,2,3,L5/6 NP,deep (L5),0.5607918088970479
3,42.378711068136084,108.95482834938413,2,4,L5 IT,deep (L5),0.5692578634997318
4,41.67515287076601,109.95965746142014,2,3,L5/6 NP,deep (L5),0.5709456625282999
1,41.64492194011626,114.7793577101538,2,2,L4/5 IT,deep (L5),0.5788342607560054
0,43.12516804923446,14.418253027338276,0,1,L2/3 IT,superficial (L2/3),0.012241382427962648
0,42.86780905979466,18.235115827328414,0,1,L2/3 IT,superficial (L2/3),0.03816968374627229
0,42.93441439984651,18.892110819275832,0,1,L2/3 IT,superficial (L2/3),0.04387400054435528
0,42.62891051958917,22.025662719370384,0,1,L2/3 IT,superficial (L2/3),0.06075134615606499
0,42.95005742091561,23.803843018775282,0,1,L2/3 IT,superficial (L2/3),0.07294490009072685
0,42.711504172173036,28.71154293374448,0,1,L2/3 IT,superficial (L2/3),0.10732086867146128
0,43.191010622811625,30.101953689036645,0,1,L2/3 IT,superficial (L2/3),0.11447555976159192
0,42.64149920504102,34.18348189445399,0,1,L2/3 IT,superficial (L2/3),0.1433149261964926
0,42.77712906637943,34.74928188396906,0,1,L2/3 IT,superficial (L2/3),0.15054750423824276
0,43.27079407872835,38.05555088820408,0,1,L2/3 IT,superficial (L2/3),0.17204525546738253
0,42.91832731607818,39.95798852850791,0,1,L2/3 IT,superficial (L2/3),0.18626981790492536
0,42.77368435199877,41.68372249242747,0,1,L2/3 IT,superficial (L2/3),0.20082436224154485
0,42.9422409905468,52.2787637783637,0,1,L2/3 IT,superficial (L2/3),0.281346970459728
1,42.92611351053748,57.444845807065036,1,2,L4/5 IT,middle (L4/5),0.3187555707821907
3,42.92111373329847,60.12655893560469,1,4,L5 IT,middle (L4/5),0.34213070921036115
1,43.17934184426032,60.98390312547983,1,2,L4/5 IT,middle (L4/5),0.35023520413672554
1,43.1201492226634,62.97137806128571,1,2,L4/5 IT,middle (L4/5),0.36664011989965006
1,42.960460108519875,66.72176376706228,1,2,L4/5 IT,middle (L4/5),0.3982292895213678
4,42.82722195554957,67.70271100613195,1,3,L5/6 NP,middle (L4/5),0.4055801035552224
1,43.4641777923428,69.77845614303075,1,2,L4/5 IT,middle (L4/5),0.4195421234132654
1,43.15570726426747,70.98737267672085,1,2,L4/5 IT,middle (L4/5),0.42617744951028885
4,43.04640461876869,73.07619124377686,1,3,L5/6 NP,middle (L4/5),0.4388414086091816
1,42.99147377077093,74.8643965515704,1,2,L4/5 IT,middle (L4/5),0.4507667884736724
1,43.070736665276755,77.12900367012533,1,2,L4/5 IT,middle (L4/5),0.46188848175508007
1,43.06421621847818,77.87208382120284,1,2,L4/5 IT,middle (L4/5),0.4670677142236483
6,43.117131705427845,81.66088179298521,2,7,L6 IT,deep (L5),0.4841616715526544
2,43.081455777292575,84.12817836921478,2,5,L5 ET,deep (L5),0.49026246958897607
2,43.04062510081308,85.85700424746831,2,5,L5 ET,deep (L5),0.49523672267014335
4,43.125395946058276,92.12713813964858,2,3,L5/6 NP,deep (L5),0.5134494236984415
2,42.96180274566211,93.09581716642347,2,5,L5 ET,deep (L5),0.5179484145544263
3,42.97822143961961,94.07137067570899,2,4,L5 IT,deep (L5),0.5228605441592176
3,43.137341959639336,95.302415327301,2,4,L5 IT,deep (L5),0.5280841952762574
6,43.03772773313349,98.76526598099542,2,7,L6 IT,deep (L5),0.5495614972715884
3,42.843871216784464,100.31231543889115,2,4,L5 IT,deep (L5),0.5544647458790759
2,43.21718065745444,102.35032634046404,2,5,L5 ET,deep (L5),0.5631238651205651
4,43.13985764682832,102.88641529543195,2,3,L5/6 NP,deep (L5),0.5668159189328836
4,42.857209279186016,105.13539217160826,2,3,L5/6 NP,deep (L5),0.5729702781951418
4,43.05763533668572,107.04568924098928,2,3,L5/6 NP,deep (L5),0.5777672334101914
4,43.0966601613955,108.6014483067581,2,3,L5/6 NP,deep (L5),0.5816656236702493
2,42.937283272809964,113.89412572138058,2,5,L5 ET,deep (L5),0.5899680005213445
5,43.149778050657126,116.01023252266518,2,6,L6 CT,deep (L5),0.5931612979110097
7,43.43909295024014,13.900439257843802,0,8,L6 IT Car3,superficial (L2/3),0.012241382427962648
0,43.90575856907554,23.036473365307835,0,1,L2/3 IT,superficial (L2/3),0.07413408796286541
0,43.683777648289876,25.03096951488914,0,1,L2/3 IT,superficial (L2/3),0.08680131069417307
0,43.64247429094523,30.089489622336632,0,1,L2/3 IT,superficial (L2/3),0.12090658177504772
2,44.168800513188295,37.92142740154759,0,5,L5 ET,superficial (L2/3),0.1780524440562614
2,44.60223276615348,40.01425736706118,0,5,L5 ET,superficial (L2/3),0.19938295751785848
0,43.70589783795229,47.10078665356009,0,1,L2/3 IT,superficial (L2/3),0.24958418179357916
0,43.96862726583537,48.92786731397215,0,1,L2/3 IT,superficial (L2/3),0.266709649247926
3,44.20853838223677,49.89169072894088,0,4,L5 IT,superficial (L2/3),0.2750306769039349
2,43.541538804680286,51.01414645087154,0,5,L5 ET,superficial (L2/3),0.28311869355595415
3,44.06871117253629,52.199188820227874,0,4,L5 IT,superficial (L2/3),0.2909698152531617
1,44.21894895752111,53.98662472267749,1,2,L4/5 IT,middle (L4/5),0.30608563380133513
1,43.464924171492505,55.28139261635609,1,2,L4/5 IT,middle (L4/5),0.30385101841667533
1,44.18729301611625,56.38590451476895,1,2,L4/5 IT,middle (L4/5),0.32088775198443115
1,44.215254290116725,59.98527986842813,1,2,L4/5 IT,middle (L4/5),0.35180929428111374
3,44.04350952423356,61.14322247884685,1,4,L5 IT,middle (L4/5),0.35994359870445036
0,44.335245169306795,65.93659858473744,1,1,L2/3 IT,middle (L4/5),0.40018791451707386
1,43.91761534079133,67.78706087670678,1,2,L4/5 IT,middle (L4/5),0.4149429871295605
3,44.033575913610946,70.71280131168264,1,4,L5 IT,middle (L4/5),0.43535907587714495
1,44.1498785086447,71.78598887478496,1,2,L4/5 IT,middle (L4/5),0.4417888732809133
2,44.07480478076757,80.06096691434536,2,5,L5 ET,deep (L5),0.4862413331605516
3,44.18560342542159,83.38532355734306,2,4,L5 IT,deep (L5),0.49752583289914754
2,43.864880838037585,83.76140282319243,2,5,L5 ET,deep (L5),0.5005077460717389
7,43.852467121393545,87.43342565325923,2,8,L6 IT Car3,deep (L5),0.5082401001374621
2,43.76717144182747,88.1376408737608,2,5,L5 ET,deep (L5),0.5108479772944328
3,44.09116806750008,88.88848410132647,2,4,L5 IT,deep (L5),0.5137048672547779
2,44.24579837316395,90.64858536916972,2,5,L5 ET,deep (L5),0.5205849373294007
3,44.4865185264434,93.98118058972604,2,4,L5 IT,deep (L5),0.5343106044167193
3,44.422422696920364,96.95705813954405,2,4,L5 IT,deep (L5),0.5505884183843135
7,43.675307490224775,100.956409868825,2,8,L6 IT Car3,deep (L5),0.5707300473017363
4,44.09774664244394,105.89202316231649,2,3,L5/6 NP,deep (L5),0.5874969489762992
4,44.47353011499054,109.8135427192341,2,3,L5/6 NP,deep (L5),0.5957145862516047
2,43.75298574099561,112.23834999988306,2,5,L5 ET,deep (L5),0.5991370872655768
2,44.224357608255815,115.11086610284377,2,5,L5 ET,deep (L5),0.6040376508612276
0,44.74114609955519,11.790086175741822,0,1,L2/3 IT,superficial (L2/3),0.008933167369590657
0,45.05930286967844,16.247391996398044,0,1,L2/3 IT,superficial (L2/3),0.03816658946379379
0,45.17924081756454,23.27788249397419,0,1,L2/3 IT,superficial (L2/3),0.0816314308009493
0,45.354438346825084,24.799893200040422,0,1,L2/3 IT,superficial (L2/3),0.0942903644910771
0,45.0676684967935,29.890945119567952,0,1,L2/3 IT,superficial (L2/3),0.1277748424428167
0,44.90020672759232,30.79183777095194,0,1,L2/3 IT,superficial (L2/3),0.1346475969283301
1,44.582671214668046,40.19846958296058,0,2,L4/5 IT,superficial (L2/3),0.19938295751785848
0,44.66153189873273,42.08495318706827,0,1,L2/3 IT,superficial (L2/3),0.2149756608010941
0,45.27145345046392,43.22291504704713,0,1,L2/3 IT,superficial (L2/3),0.22313330334692988
0,45.048329307784066,46.68254105156453,0,1,L2/3 IT,superficial (L2/3),0.25784024519109516
1,44.99554632368874,47.73841349396335,0,2,L4/5 IT,superficial (L2/3),0.2666613914691944
1,45.14952536780131,50.424681358305754,1,2,L4/5 IT,middle (L4/5),0.28380814111851305
0,45.213945162121625,51.905136851806525,1,1,L2/3 IT,middle (L4/5),0.29995463826066177
0,45.55721757072306,53.689349703490436,1,1,L2/3 IT,middle (L4/5),0.32374992463364527
0,45.03024734595731,54.72186504053997,1,1,L2/3 IT,middle (L4/5),0.3226300066921396
1,45.24376428852941,55.886249281354644,1,2,L4/5 IT,middle (L4/5),0.3300667833558061
1,45.10120407514823,56.86471612026616,1,2,L4/5 IT,middle (L4/5),0.33758518081332173
0,45.031769719544506,58.99712189639237,1,1,L2/3 IT,middle (L4/5),0.35309761459351025
0,44.750358055819206,60.775056217548304,1,1,L2/3 IT,middle (L4/5),0.369276545783278
1,45.07746560615462,63.12946412911101,1,2,L4/5 IT,middle (L4/5),0.3856926888492798
1,44.75522316554187,73.91444392226904,1,2,L4/5 IT,middle (L4/5),0.4632562510753777
1,44.717851336381365,75.79648952968117,1,2,L4/5 IT,middle (L4/5),0.47514039734907243
7,45.26541391420115,78.0141080113727,2,8,L6 IT Car3,deep (L5),0.4861198128358104
2,44.75657612218489,79.18670762735022,2,5,L5 ET,deep (L5),0.49115237863065964
3,44.63193190230989,80.34956588453775,2,4,L5 IT,deep (L5),0.4958175374319223
3,44.79884956047918,82.0180105522088,2,4,L5 IT,deep (L5),0.503937791902164
2,44.91336604339639,83.16742797490797,2,5,L5 ET,deep (L5),0.5073984136224183
3,44.71459254916978,86.06470067212983,2,4,L5 IT,deep (L5),0.5160778448224113
3,45.16418157690389,87.46478801702388,2,4,L5 IT,deep (L5),0.5187630653487967
3,45.09650339214136,88.98624909313574,2,4,L5 IT,deep (L5),0.5246074419939195
2,45.11097318709682,91.79480450783183,2,5,L5 ET,deep (L5),0.536085445740492
3,45.17879323996275,93.9742979317241,2,4,L5 IT,deep (L5),0.5458432837610917
3,44.81338963672176,95.72409419801522,2,4,L5 IT,deep (L5),0.5566592619697363
7,45.16900545766589,101.22529503643274,2,8,L6 IT Car3,deep (L5),0.5822549130253184
2,44.89639904202254,101.95872662760837,2,5,L5 ET,deep (L5),0.5864245839140126
3,44.80953184352052,106.64072293486882,2,4,L5 IT,deep (L5),0.6017372777809953
2,44.679767329938734,109.02028190343398,2,5,L5 ET,deep (L5),0.6059692547583018
2,44.92000050831042,110.27478270524843,2,5,L5 ET,deep (L5),0.6078544779328331
2,44.740916852674474,110.84940362171693,2,5,L5 ET,deep (L5),0.6096339201893562
2,45.14198358948431,114.12402132237412,2,5,L5 ET,deep (L5),0.6146166858172875
4,45.103357749917514,117.40844948647693,2,3,L5/6 NP,deep (L5),0.6194844083505757
0,45.706342604506816,11.140434558927875,0,1,L2/3 IT,superficial (L2/3),0.006369985397728131
7,45.68512983823723,12.016849949584968,0,8,L6 IT Car3,superficial (L2/3),0.014255852490845834
0,46.07963451136227,15.278170445513167,0,1,L2/3 IT,superficial (L2/3),0.03692495060065909
1,45.83918580414851,15.841250256616474,0,2,L4/5 IT,superficial (L2/3),0.04407287707836835
5,46.04111007823813,22.275559704348673,0,6,L6 CT,superficial (L2/3),0.08300893797606598
0,46.05247824955953,23.218045679739387,0,1,L2/3 IT,superficial (L2/3),0.08927429278096899
0,46.069690214971196,32.995737991301354,0,1,L2/3 IT,superficial (L2/3),0.15580765707581853
0,45.99577032330368,34.03959826367167,0,1,L2/3 IT,superficial (L2/3),0.16279642042226128
0,45.96947397238133,41.936824739443374,0,1,L2/3 IT,superficial (L2/3),0.22208271827695344
0,45.948096156051875,45.807912267770874,0,1,L2/3 IT,superficial (L2/3),0.2565631467953259
0,45.89353343442013,49.21684127222113,0,1,L2/3 IT,superficial (L2/3),0.2833337411148908
0,45.91869844525388,50.1019100781264,1,1,L2/3 IT,middle (L4/5),0.2919303755955589
3,45.8425345720027,53.042711697936795,1,4,L5 IT,middle (L4/5),0.3161259721542189
3,45.97683846486323,55.09091425441519,1,4,L5 IT,middle (L4/5),0.33127109019399287
1,46.27594592867831,60.08367259133747,1,2,L4/5 IT,middle (L4/5),0.37000392731122905
1,46.149878056163274,64.43053280428116,1,2,L4/5 IT,middle (L4/5),0.40261446438023296
2,45.7361152105235,64.96903425830857,1,5,L5 ET,middle (L4/5),0.41046509743880266
1,45.922602628576875,65.64664813945495,1,2,L4/5 IT,middle (L4/5),0.4180816062000671
1,45.97476678727324,71.03742436950856,1,2,L4/5 IT,middle (L4/5),0.4529536092658422
4,45.55327950170487,74.15221549281425,1,3,L5/6 NP,middle (L4/5),0.472156518654734
2,45.72497258583598,76.73813496944939,2,5,L5 ET,deep (L5),0.4899067054844271
5,46.14858496685076,81.31456654788296,2,6,L6 CT,deep (L5),0.5094961761145315
4,45.969682231623395,82.9009524299092,2,3,L5/6 NP,deep (L5),0.517037816745002
3,46.35361090577792,85.86999596273766,2,4,L5 IT,deep (L5),0.5262663824237392
3,45.84610853549852,87.11087332751072,2,4,L5 IT,deep (L5),0.5291779002147199
5,46.22574278748126,87.83561360911519,2,6,L6 CT,deep (L5),0.5322101899434856
6,45.94190916906571,89.32793718958978,2,7,L6 IT,deep (L5),0.5354828217792418
0,45.713260298110484,89.71350664604415,2,1,L2/3 IT,deep (L5),0.5390877545332969
5,46.00484761505404,91.78243407356305,2,6,L6 CT,deep (L5),0.547495643289809
3,46.187005114399184,98.8272184874612,2,4,L5 IT,deep (L5),0.5842185423086761
5,46.02543378295677,102.73622519527945,2,6,L6 CT,deep (L5),0.6016362668333973
3,45.95878610759669,104.12093843980503,2,4,L5 IT,deep (L5),0.6050900616059561
2,46.11640263639642,105.99969069350516,2,5,L5 ET,deep (L5),0.6110140985893078
2,45.74171008788576,111.08844309323209,2,5,L5 ET,deep (L5),0.6216839420535399
5,45.8948648125333,113.87344391505881,2,6,L6 CT,deep (L5),0.6266039577283866
7,45.83899985591262,116.09585858757434,2,8,L6 IT Car3,deep (L5),0.6297975133446566
2,46.13857112416973,116.86391431147888,2,5,L5 ET,deep (L5),0.6314442846116214
0,46.69811521790714,10.530944371831676,0,1,L2/3 IT,superficial (L2/3),0.011427069873378527
1,47.04187908691417,13.14999350242935,0,2,L4/5 IT,superficial (L2/3),0.027283965176298983
1,46.80655374084405,17.89523791853293,0,2,L4/5 IT,superficial (L2/3),0.06416943569093209
1,46.41830802860612,19.026154823880365,0,2,L4/5 IT,superficial (L2/3),0.06417634387648008
0,46.981182648703694,20.019181857615163,0,1,L2/3 IT,superficial (L2/3),0.077652949351738
3,46.732984551732486,23.610823577796538,0,4,L5 IT,superficial (L2/3),0.10360622370635254
1,46.976139465587536,24.961186996189834,0,2,L4/5 IT,superficial (L2/3),0.11010887027981386
0,47.1075063977328,27.983806609276876,0,1,L2/3 IT,superficial (L2/3),0.12990958145099546
1,47.293169941763935,29.057538803925933,0,2,L4/5 IT,superficial (L2/3),0.13660619719521125
0,46.79057969562161,30.09826121218064,0,1,L2/3 IT,superficial (L2/3),0.1433474731795784
7,46.99620746491598,32.077711975213575,0,8,L6 IT Car3,superficial (L2/3),0.1569651906191273
0,47.43468641323015,33.047904388168384,0,1,L2/3 IT,superficial (L2/3),0.1638420659970862
0,47.19800866773396,37.33650299687195,0,1,L2/3 IT,superficial (L2/3),0.19184880902308057
0,46.94325288531688,40.993235560084294,0,1,L2/3 IT,superficial (L2/3),0.221441416157675
2,47.23751949345273,43.07097206752181,0,5,L5 ET,superficial (L2/3),0.2375969442963475
0,47.347502907303465,44.161274813354,0,1,L2/3 IT,superficial (L2/3),0.24611081256005948
0,47.20381300692556,48.0643837603824,0,1,L2/3 IT,superficial (L2/3),0.2819068875687303
3,46.85921760079205,52.985509165178655,1,4,L5 IT,middle (L4/5),0.3240886565490111
0,47.1840339973191,54.77807320841263,1,1,L2/3 IT,middle (L4/5),0.3394587622153571
3,47.024987121708165,55.97563460745363,1,4,L5 IT,middle (L4/5),0.3470544318286811
3,46.988050208812965,58.03962049291899,1,4,L5 IT,middle (L4/5),0.36246786700922695
1,47.136270288812206,62.17405687372016,1,2,L4/5 IT,middle (L4/5),0.39482478194543663
1,47.09829138983111,63.02230835040643,1,2,L4/5 IT,middle (L4/5),0.4029788719804494
1,47.02349671750644,66.06654766451935,1,2,L4/5 IT,middle (L4/5),0.42641144455751356
3,47.13281915648869,68.17827814115493,1,4,L5 IT,middle (L4/5),0.440915297709624
3,47.21061403298975,74.86790518765928,2,4,L5 IT,deep (L5),0.48708094230105986
4,46.70689131536992,76.31467161242675,2,3,L5/6 NP,deep (L5),0.4930812854339059
6,46.77562289481448,78.14476795153287,2,7,L6 IT,deep (L5),0.5043097223632192
3,47.296793315199324,79.04747509220579,2,4,L5 IT,deep (L5),0.5094583222867733
3,47.296087535723814,84.40217314297979,2,4,L5 IT,deep (L5),0.529932753689858
1,47.09117191781444,84.90426581546564,2,2,L4/5 IT,deep (L5),0.533187000474852
7,46.684177581497565,87.03341542925028,2,8,L6 IT Car3,deep (L5),0.5395097043640875
7,47.22138927022301,89.01130243688786,2,8,L6 IT Car3,deep (L5),0.5463275180879988
3,47.02912239256492,90.80558848405536,2,4,L5 IT,deep (L5),0.5543518158416396
5,47.16581685958633,96.35979990775535,2,6,L6 CT,deep (L5),0.5797653209416058
6,47.04395603368598,96.8746289365253,2,7,L6 IT,deep (L5),0.585180284019987
5,46.91131472356012,104.86259571896336,2,6,L6 CT,deep (L5),0.6197752628381196
5,47.34852629815451,105.66517583749858,2,6,L6 CT,deep (L5),0.6226964154955884
4,47.00844849240616,107.92824429814277,2,3,L5/6 NP,deep (L5),0.6277308597153256
2,47.183933664832466,108.89754823290319,2,5,L5 ET,deep (L5),0.6298968735134994
3,46.658483048965785,109.60012331318539,2,4,L5 IT,deep (L5),0.6318645421834346
1,47.04764560716502,111.15339000991561,2,2,L4/5 IT,deep (L5),0.6336651605593867
3,47.42201889032319,112.20736465342854,2,4,L5 IT,deep (L5),0.6353363524815502
3,47.08904649183006,112.97241978167922,2,4,L5 IT,deep (L5),0.6369184448832247
0,48.200815851504075,11.178115324968324,0,1,L2/3 IT,superficial (L2/3),0.016462070134034956
0,48.27539837630526,11.970379269062986,0,1,L2/3 IT,superficial (L2/3),0.02458935266132302
0,48.37745604782926,16.615912686589915,0,1,L2/3 IT,superficial (L2/3),0.06346680180342999
0,48.04022902948462,16.88019501779332,0,1,L2/3 IT,superficial (L2/3),0.06346680180342999
0,47.829124027153696,19.968488320731673,0,1,L2/3 IT,superficial (L2/3),0.08495914750950179
0,48.2299611556432,22.67638269929197,0,1,L2/3 IT,superficial (L2/3),0.1052877746201608
0,47.784471005440686,25.091342426606673,0,1,L2/3 IT,superficial (L2/3),0.11859867953618049
0,47.82046532173425,27.96407354028599,0,1,L2/3 IT,superficial (L2/3),0.1386758820942332
0,48.35603038339195,28.93255580418356,0,1,L2/3 IT,superficial (L2/3),0.1454309457069584
0,47.81714970602847,30.054462896914288,0,1,L2/3 IT,superficial (L2/3),0.15221597635465353
0,47.88343474919632,32.056524891415506,0,1,L2/3 IT,superficial (L2/3),0.1658579393710559
3,48.09000714700516,32.85674756838228,0,4,L5 IT,superficial (L2/3),0.17270433695781381
0,47.68625146140889,34.89467346647176,0,1,L2/3 IT,superficial (L2/3),0.18644208308826885
2,47.832070785872446,37.03227275124951,0,5,L5 ET,superficial (L2/3),0.2002857248535626
3,48.093526460629896,47.236601891070144,0,4,L5 IT,superficial (L2/3),0.2799855601055323
0,47.7583140359026,50.23138646716702,1,1,L2/3 IT,middle (L4/5),0.3067570520481774
3,47.68840826578432,51.7989672409959,1,4,L5 IT,middle (L4/5),0.3236261752700957
1,47.77458762613348,53.13080627901565,1,2,L4/5 IT,middle (L4/5),0.3316947236416863
1,48.19326737169035,54.168925500709186,1,2,L4/5 IT,middle (L4/5),0.3395623152083914
4,47.95970270800984,55.287094463470424,1,3,L5/6 NP,middle (L4/5),0.34729850532429163
3,48.08329572656871,55.88300401138492,1,4,L5 IT,middle (L4/5),0.3549807788721175
3,48.065249374533856,57.09844734779073,1,4,L5 IT,middle (L4/5),0.3626893683467676
0,48.01564264451273,60.997191158244256,1,1,L2/3 IT,middle (L4/5),0.39463803354445004
1,47.929230460815916,63.03833840595175,1,2,L4/5 IT,middle (L4/5),0.41095670912669663
0,48.00000045882477,63.96377694381347,1,1,L2/3 IT,middle (L4/5),0.41896134967521514
1,47.78054718441799,70.87708984132638,1,2,L4/5 IT,middle (L4/5),0.4697056568148558
4,48.17055957352422,72.06810643954631,1,3,L5/6 NP,middle (L4/5),0.47640573435267414
4,48.12538316163384,73.01109872672284,1,3,L5/6 NP,middle (L4/5),0.48299096987143164
5,47.66657413378938,73.88785208785598,1,6,L6 CT,middle (L4/5),0.4894368046146459
4,47.69331223513843,77.2254196128472,2,3,L5/6 NP,deep (L5),0.5075662430356552
3,47.98344601087293,79.27548362566581,2,4,L5 IT,deep (L5),0.5182849024090919
4,48.06095121483922,87.12117478848954,2,3,L5/6 NP,deep (L5),0.5498004399360623
2,47.81496943377995,88.69091835427317,2,5,L5 ET,deep (L5),0.5571544191440876
2,47.95759222587578,97.7331696857175,2,5,L5 ET,deep (L5),0.6018325694479855
2,48.142604367389694,99.06375451702729,2,5,L5 ET,deep (L5),0.6068789490548465
5,48.29283339941051,102.86230817933259,2,6,L6 CT,deep (L5),0.6244027728830359
7,47.84470023625176,108.07178549472731,2,8,L6 IT Car3,deep (L5),0.6396394978854665
2,48.02037281373841,109.20271663007381,2,5,L5 ET,deep (L5),0.64186205005871
5,47.81237446852513,114.93247968501018,2,6,L6 CT,deep (L5),0.6517553698780668
5,47.98134104353616,116.3080271431733,2,6,L6 CT,deep (L5),0.6533102152377108
0,48.89034819177131,9.41660877265706,0,1,L2/3 IT,superficial (L2/3),0.0049155925505324286
1,49.290283021589744,13.06339332947939,0,2,L4/5 IT,superficial (L2/3),0.03815210158080402
0,48.868915446415954,14.207814359955536,0,1,L2/3 IT,superficial (L2/3),0.04626960207550378
0,48.896499373143,17.94168110196517,0,1,L2/3 IT,superficial (L2/3),0.07762335018935282
0,48.815724183401215,19.118222378680606,0,1,L2/3 IT,superficial (L2/3),0.08512651340618678
0,49.07607259795363,25.15335051694693,0,1,L2/3 IT,superficial (L2/3),0.12750540116175027
0,49.328399075897146,29.06357405493632,0,1,L2/3 IT,superficial (L2/3),0.15492676416702852
5,48.97331263881775,33.563144523506615,0,6,L6 CT,superficial (L2/3),0.1891596743044618
0,48.88552930477892,37.22303368445757,0,1,L2/3 IT,superficial (L2/3),0.20947069637290017
0,49.25360396270965,38.885706595264054,0,1,L2/3 IT,superficial (L2/3),0.22318511764452117
0,48.97604667482647,45.56921300970152,1,1,L2/3 IT,middle (L4/5),0.2781988563626191
1,49.49164755956443,52.09113427895469,1,2,L4/5 IT,middle (L4/5),0.3309477923894514
1,48.91670113663229,55.05273577044325,1,2,L4/5 IT,middle (L4/5),0.3549362642535142
2,49.06385162520785,56.932452602644425,1,5,L5 ET,middle (L4/5),0.37042279491150054
1,49.01598015607865,58.83092789024846,1,2,L4/5 IT,middle (L4/5),0.38614406185670086
5,48.89874274342327,59.901515503191256,1,6,L6 CT,middle (L4/5),0.39417538643096206
0,48.982511500439124,61.077287456280075,1,1,L2/3 IT,middle (L4/5),0.4022978447501773
2,48.953507398206526,63.21965934472242,1,5,L5 ET,middle (L4/5),0.4185716438675052
0,48.960439813090986,67.93909394956295,1,1,L2/3 IT,middle (L4/5),0.45680516018558626
4,49.07247449500568,75.63131095571252,2,3,L5/6 NP,deep (L5),0.5102697519508056
4,49.07226852234389,77.05804759502782,2,3,L5/6 NP,deep (L5),0.5161124517219972
4,48.8906195917331,77.76914528420993,2,3,L5/6 NP,deep (L5),0.5216738204609964
5,49.04591067520989,79.33851917631104,2,6,L6 CT,deep (L5),0.5269373861290071
3,49.14819144506196,79.88972324973938,2,4,L5 IT,deep (L5),0.5318934948101994
3,49.44895019390173,81.92511477021702,2,4,L5 IT,deep (L5),0.5409043818530702
2,49.20768252555076,83.04793483377699,2,5,L5 ET,deep (L5),0.545007835011157
3,48.44459073866701,84.74315632394794,2,4,L5 IT,deep (L5),0.542936167579775
3,49.23741260055446,86.97408526400567,2,4,L5 IT,deep (L5),0.5600998070195624
3,49.0047303145288,92.09995775963245,2,4,L5 IT,deep (L5),0.5816525119565309
2,48.959240771070526,95.030861623943,2,5,L5 ET,deep (L5),0.5972828261028268
4,48.74221590518113,96.01000079748728,2,3,L5/6 NP,deep (L5),0.6026415803142736
5,48.47645648605695,101.16951549973427,2,6,L6 CT,deep (L5),0.616220968787438
5,49.18673726350189,103.29860470599003,2,6,L6 CT,deep (L5),0.6358177252147715
5,49.087094777580894,106.9480250909456,2,6,L6 CT,deep (L5),0.6490386755188741
2,49.21500146912909,111.51545772781581,2,5,L5 ET,deep (L5),0.6592436723363317
0,49.87755091441094,8.574598174013733,0,1,L2/3 IT,superficial (L2/3),0.010055113805225557
0,50.01230385066587,11.14028278937124,0,1,L2/3 IT,superficial (L2/3),0.027114514404742874
0,49.89980318536125,14.00453562570169,0,1,L2/3 IT,superficial (L2/3),0.0522964466645956
7,49.87322741241109,15.113203846371146,0,8,L6 IT Car3,superficial (L2/3),0.06052899679079193
0,50.72102798277798,19.915354604545996,0,1,L2/3 IT,superficial (L2/3),0.10809676573199438
2,49.86675299285726,24.383629897081182,0,5,L5 ET,superficial (L2/3),0.12963920777956445
1,50.11695522571718,24.836377280936645,0,2,L4/5 IT,superficial (L2/3),0.13676541171235818
0,50.064517856572614,29.28049701573831,0,1,L2/3 IT,superficial (L2/3),0.16498354702030063
0,49.73894601828879,30.06090213961612,0,1,L2/3 IT,superficial (L2/3),0.17198538192516327
0,49.88793093360869,30.532321192320193,0,1,L2/3 IT,superficial (L2/3),0.1789450034246993
0,50.139360401417996,35.08262984842817,0,1,L2/3 IT,superficial (L2/3),0.20610862703338192
0,49.870723677485145,41.10093769407084,0,1,L2/3 IT,superficial (L2/3),0.24632995104952665
2,50.0827637371605,42.318986608310325,0,5,L5 ET,superficial (L2/3),0.2535528592711332
2,50.12770619287638,44.010992796163,0,5,L5 ET,superficial (L2/3),0.26896193842252725
2,50.08191405647571,45.9859804592463,1,5,L5 ET,middle (L4/5),0.2856950992236671
1,50.059137611342884,47.00550406401101,1,2,L4/5 IT,middle (L4/5),0.29444600911198543
2,50.02225464505234,47.66606189422163,1,5,L5 ET,middle (L4/5),0.30333788794626143
1,49.930207179341366,57.215421425897624,1,2,L4/5 IT,middle (L4/5),0.3780321824449295
1,49.7201006367151,58.137162187506505,1,2,L4/5 IT,middle (L4/5),0.3858021798952061
2,50.117839058496,59.04791792736607,1,5,L5 ET,middle (L4/5),0.39366249195775554
0,50.23331052807777,60.094769379878045,1,1,L2/3 IT,middle (L4/5),0.4016338970881486
1,49.997594732336005,63.5173312782172,1,2,L4/5 IT,middle (L4/5),0.43395350282206263
0,49.990198047024926,66.10025277204116,1,1,L2/3 IT,middle (L4/5),0.4495718087083292
3,50.06389091503224,72.81784503764611,2,4,L5 IT,deep (L5),0.49957522784357344
5,49.938961460687445,75.9107190926027,2,6,L6 CT,deep (L5),0.5186349787719282
4,49.55145206321772,78.02334908364323,2,3,L5/6 NP,deep (L5),0.5301260373011495
5,49.75993650307494,79.25144939870006,2,6,L6 CT,deep (L5),0.5354665623700385
1,49.67255650332899,79.9771809231128,2,2,L4/5 IT,deep (L5),0.5405343200255806
1,50.099221688506056,85.15521743439993,2,2,L4/5 IT,deep (L5),0.562432553540579
4,50.34228182730924,88.18658639085018,2,3,L5/6 NP,deep (L5),0.5745712802930755
2,49.98772279202944,88.96698178046435,2,5,L5 ET,deep (L5),0.5788508470040821
1,50.39413978517918,90.9974377258232,2,2,L4/5 IT,deep (L5),0.5880408191331887
4,50.00834827700258,91.96845197919096,2,3,L5/6 NP,deep (L5),0.5929661911696807
5,50.02511711828152,94.31811241065923,2,6,L6 CT,deep (L5),0.603323463579677
5,49.95028129433637,105.03610935317339,2,6,L6 CT,deep (L5),0.6547125188192005
4,49.75663440318561,109.07385215464706,2,3,L5/6 NP,deep (L5),0.6659322406823509
2,50.029167406050256,110.14986815005804,2,5,L5 ET,deep (L5),0.6679614274719609
4,50.12068937031999,111.29559559921226,2,3,L5/6 NP,deep (L5),0.6697288334958965
4,49.95263331819413,112.23651570667435,2,3,L5/6 NP,deep (L5),0.6712911117708642
5,50.50314096228262,112.82183459316539,2,6,L6 CT,deep (L5),0.6848382954239056
4,49.79213958055501,113.47365007659951,2,3,L5/6 NP,deep (L5),0.6727182489042229
2,50.01111227900772,115.98167833322832,3,5,L5 ET,inner (L5/6-L6b),0.6770223259541294
6,49.823447123429524,117.16935603523082,3,7,L6 IT,inner (L5/6-L6b),0.6787127945768274
0,50.90090568557975,13.027940539827352,0,1,L2/3 IT,superficial (L2/3),0.0501348035966421
0,50.79901253515277,16.154003090752536,0,1,L2/3 IT,superficial (L2/3),0.07544050474710622
0,50.72165771046279,19.967284075835227,0,1,L2/3 IT,superficial (L2/3),0.10809676573199438
1,50.84799634238224,23.99855258184653,0,2,L4/5 IT,superficial (L2/3),0.13883032312918772
0,50.9316418240507,25.15570195445518,0,1,L2/3 IT,superficial (L2/3),0.14625280102971278
3,50.904624250485384,26.377896261546386,0,4,L5 IT,superficial (L2/3),0.15361238360379809
2,50.943101576594984,26.85469815085451,0,5,L5 ET,superficial (L2/3),0.16092627278010635
0,51.03764556612939,30.328822260351153,0,1,L2/3 IT,superficial (L2/3),0.18257002351687476
0,50.54108569141624,32.41256570727545,0,1,L2/3 IT,superficial (L2/3),0.19660470807834024
2,51.24190056936749,35.2827927256874,0,5,L5 ET,superficial (L2/3),0.2167678530269483
0,50.957045919607815,40.217666937911254,0,1,L2/3 IT,superficial (L2/3),0.2490255943360799
3,50.48912001328014,45.026280770821046,1,4,L5 IT,middle (L4/5),0.27717717254104335
3,50.79991232011153,45.778666804426834,1,4,L5 IT,middle (L4/5),0.29362180418754846
1,50.77603141584041,48.108055664337506,1,2,L4/5 IT,middle (L4/5),0.31096750855277794
4,51.247460219045124,49.85574673858865,1,3,L5/6 NP,middle (L4/5),0.3286865785535611
1,51.209890573887456,55.6088040744793,1,2,L4/5 IT,middle (L4/5),0.3779867014854085
0,50.9483207801395,57.71871435446809,1,1,L2/3 IT,middle (L4/5),0.39334107239383453
1,50.76603833572619,61.84003352168928,1,2,L4/5 IT,middle (L4/5),0.4250574429575821
1,50.824958218045325,65.62164623822859,1,2,L4/5 IT,middle (L4/5),0.457000680190605
2,50.584347429826884,75.42847595008278,2,5,L5 ET,deep (L5),0.5207441010941687
4,50.842009410238866,76.35522164237122,2,3,L5/6 NP,deep (L5),0.526901239859719
2,51.218741648967224,77.88316960391518,2,5,L5 ET,deep (L5),0.5384959430275086
4,51.24477739792929,79.60823800421565,2,3,L5/6 NP,deep (L5),0.5491400144725719
2,50.87106339849761,82.43677156855792,2,5,L5 ET,deep (L5),0.5589005440609573
2,51.10342993460878,84.81110930224128,2,5,L5 ET,deep (L5),0.57228541016759
2,51.00231280907782,86.09204160683613,2,5,L5 ET,deep (L5),0.5765805619025025
3,50.96989885275153,92.20400810291733,2,4,L5 IT,deep (L5),0.6042442127206415
5,50.66908347041799,94.8323019687844,2,6,L6 CT,deep (L5),0.6199061768629841
4,51.00049763351809,95.91837900825942,2,3,L5/6 NP,deep (L5),0.625180280473872
4,50.704113765851176,97.32123003250341,2,3,L5/6 NP,deep (L5),0.6303956106399325
2,50.88049718762512,97.99146424845443,2,5,L5 ET,deep (L5),0.6355123397403016
1,51.39767512865969,103.05992049694366,2,2,L4/5 IT,deep (L5),0.6586997328662683
4,50.98180441254084,103.77643037349362,2,3,L5/6 NP,deep (L5),0.6626940309363692
3,51.19857092721979,106.00444284601913,2,4,L5 IT,deep (L5),0.6698140261740397
4,51.276266681508666,108.22600642839238,2,3,L5/6 NP,deep (L5),0.6756160860643902
4,50.865722858874385,108.95351441161367,2,3,L5/6 NP,deep (L5),0.678004146922795
2,51.00484299328428,109.72555475400578,2,5,L5 ET,deep (L5),0.6800704332784392
4,51.00959273476258,111.93088711671585,3,3,L5/6 NP,inner (L5/6-L6b),0.6834178384442461
5,51.291550222631294,115.93908152453152,3,6,L6 CT,inner (L5/6-L6b),0.6891481557298609
4,51.13211680266713,116.96694383822978,3,3,L5/6 NP,inner (L5/6-L6b),0.690869452905595
0,52.04720872410506,8.07957447282522,0,1,L2/3 IT,superficial (L2/3),0.012299051095747433
0,52.24219780302911,10.837901464516385,0,1,L2/3 IT,superficial (L2/3),0.038971635577580134
0,51.95309157260337,12.17075153051847,0,1,L2/3 IT,superficial (L2/3),0.047810620983548956
0,52.09132288338952,13.282070249574149,0,1,L2/3 IT,superficial (L2/3),0.056571898626872584
0,52.60292846731297,17.570250398722198,0,1,L2/3 IT,superficial (L2/3),0.10693227306284224
1,51.862781133540295,19.71605666521941,0,2,L4/5 IT,superficial (L2/3),0.11608237196571213
0,52.01096709893066,21.070471302305936,0,1,L2/3 IT,superficial (L2/3),0.12425868319502464
0,52.20275369690148,23.64873347700747,0,1,L2/3 IT,superficial (L2/3),0.14806570237285357
2,52.265896620275505,25.2677955095513,0,5,L5 ET,superficial (L2/3),0.15579645189935787
6,52.177895728220925,32.11894837516434,0,7,L6 IT,superficial (L2/3),0.20753728134902807
0,52.301319216447745,34.22064641351882,0,1,L2/3 IT,superficial (L2/3),0.22111932150517855
0,52.09128520503994,35.852526430903644,0,1,L2/3 IT,superficial (L2/3),0.23407207876069333
0,52.085877981299156,38.95623440156309,0,1,L2/3 IT,superficial (L2/3),0.2528212815095792
1,52.07078590550614,41.86731875421024,0,2,L4/5 IT,superficial (L2/3),0.2721449414218105
3,51.878346258795624,44.04321732604387,1,4,L5 IT,middle (L4/5),0.2863494120122959
3,51.98330257707469,44.929753296038946,1,4,L5 IT,middle (L4/5),0.2940179396048237
1,51.842250975477185,49.88575620746872,1,2,L4/5 IT,middle (L4/5),0.33672643408263786
1,52.05966454235973,50.983036407252854,1,2,L4/5 IT,middle (L4/5),0.3454639259206277
1,51.67317593017064,51.76096674113982,1,2,L4/5 IT,middle (L4/5),0.35402172344410493
1,51.84289432438026,52.765207001095625,1,2,L4/5 IT,middle (L4/5),0.3623403514819672
1,52.40294318656672,54.53152116562953,1,2,L4/5 IT,middle (L4/5),0.37822097584876635
4,52.13814841175656,63.47307064945849,1,3,L5/6 NP,middle (L4/5),0.44039122273301484
6,52.015510289984405,66.00225042975786,1,7,L6 IT,middle (L4/5),0.46446250906325337
1,52.27004954011244,67.90694884316206,1,2,L4/5 IT,middle (L4/5),0.47993619605383037
4,52.31065815586075,71.92426122985916,2,3,L5/6 NP,deep (L5),0.5090568993309484
2,51.821274750990895,78.8165841582776,2,5,L5 ET,deep (L5),0.5524030372104196
2,52.232735828082035,81.1591318402067,2,5,L5 ET,deep (L5),0.5629611038980332
2,51.72869316863684,84.91084347833684,2,5,L5 ET,deep (L5),0.5822396122612767
2,51.8735071166341,87.01860072746052,2,5,L5 ET,deep (L5),0.5914059539988651
2,52.256043245851764,89.32907004612977,2,5,L5 ET,deep (L5),0.600710145383447
2,51.88158344308003,91.76179483140572,2,5,L5 ET,deep (L5),0.6154793820312322
3,51.889955225915834,93.28985005763934,2,4,L5 IT,deep (L5),0.6206253032315485
3,52.27899634716299,94.2383575482723,2,4,L5 IT,deep (L5),0.6258388207036469
3,52.09817836811659,94.7904496928912,2,4,L5 IT,deep (L5),0.6310784665945663
3,51.73498342637246,99.00895062924283,2,4,L5 IT,deep (L5),0.6515651492184151
3,52.19434927263951,99.56644154184175,2,4,L5 IT,deep (L5),0.656434196866448
7,52.133929037311454,106.98157386708446,2,8,L6 IT Car3,deep (L5),0.6847482344520489
4,52.31673659529487,108.79984286321837,3,3,L5/6 NP,inner (L5/6-L6b),0.690034815831028
4,51.76327448562318,109.94156256486995,3,3,L5/6 NP,inner (L5/6-L6b),0.6921622575772775
4,52.08820733880677,110.66739295209985,3,3,L5/6 NP,inner (L5/6-L6b),0.6939953440483335
4,51.91737846392667,112.87401656408827,3,3,L5/6 NP,inner (L5/6-L6b),0.6970583359640505
3,53.13325594708937,6.144144677660288,0,4,L5 IT,superficial (L2/3),0.00028210361975907004
0,52.82326113595063,6.8585629728903985,0,1,L2/3 IT,superficial (L2/3),0.009037289149888538
0,52.907518647120725,9.135773068891535,0,1,L2/3 IT,superficial (L2/3),0.027031933063859415
0,53.01624590376788,9.782444020606116,0,1,L2/3 IT,superficial (L2/3),0.036139628844463416
0,53.090677788982546,13.162741435647492,0,1,L2/3 IT,superficial (L2/3),0.06319169483992243
2,52.94953784099715,14.077331785178183,0,5,L5 ET,superficial (L2/3),0.07204646627973854
0,53.371697009036794,15.495240432121747,0,1,L2/3 IT,superficial (L2/3),0.08083288275774397
0,52.88680067641381,17.826800177777812,0,1,L2/3 IT,superficial (L2/3),0.10693227306284224
1,53.016883056938,18.71329352021659,0,2,L4/5 IT,superficial (L2/3),0.11554022195293318
4,53.18869339369987,25.855704476093983,0,3,L5/6 NP,superficial (L2/3),0.17315183691537886
1,53.02539934002196,28.89100259960063,0,2,L4/5 IT,superficial (L2/3),0.19639351349811204
0,52.98818810734016,34.216406602322294,0,1,L2/3 IT,superficial (L2/3),0.2319925986271481
1,52.68889416445994,42.071725202834486,1,2,L4/5 IT,middle (L4/5),0.28202560385597736
0,53.26857003246373,45.73140594012696,1,1,L2/3 IT,middle (L4/5),0.3110537500509446
1,52.67809045607605,46.879210351184646,1,2,L4/5 IT,middle (L4/5),0.31928475619923796
1,53.07961161532251,50.010839576841626,1,2,L4/5 IT,middle (L4/5),0.345314902301294
1,52.84053729320591,50.68009286484587,1,2,L4/5 IT,middle (L4/5),0.3540243006382643
3,52.710954225870516,51.96505110871754,1,4,L5 IT,middle (L4/5),0.3625533448592035
1,52.9737453397324,54.1402384299156,1,2,L4/5 IT,middle (L4/5),0.37881306183698843
0,52.90905553574986,57.05978638878455,1,1,L2/3 IT,middle (L4/5),0.40144466452800975
1,52.88039720779429,65.77931278461605,1,2,L4/5 IT,middle (L4/5),0.47204301375525437
1,53.025716791600836,69.95983832524962,1,2,L4/5 IT,middle (L4/5),0.502833294339778
4,52.82012196513321,71.22429534155425,2,3,L5/6 NP,deep (L5),0.5101018084376658
2,52.90432410627793,78.96081890535856,2,5,L5 ET,deep (L5),0.5609238636702211
3,53.16483152853664,81.95783568798662,2,4,L5 IT,deep (L5),0.5771616223271148
3,53.26533548671794,82.82754320028292,2,4,L5 IT,deep (L5),0.582310761715649
3,52.82586174649097,85.04172519098869,2,4,L5 IT,deep (L5),0.5922799761659494
3,53.09308239736213,90.0427087171186,2,4,L5 IT,deep (L5),0.6165851951400846
2,53.081088499635634,100.43293451507321,2,5,L5 ET,deep (L5),0.6674177099388652
5,52.88597840000373,105.87645161447921,3,6,L6 CT,inner (L5/6-L6b),0.6931772531809386
5,53.13975932051474,106.9692333877468,3,6,L6 CT,inner (L5/6-L6b),0.6964710967116753
6,53.23421860586315,108.00928631881243,3,7,L6 IT,inner (L5/6-L6b),0.69939770045312
4,53.32004439840555,111.95168310434585,3,3,L5/6 NP,inner (L5/6-L6b),0.7077943129236336
5,53.52353737660795,115.1768701555987,3,6,L6 CT,inner (L5/6-L6b),0.7249180267622288
0,53.894670383956836,5.8722819694162505,0,1,L2/3 IT,superficial (L2/3),0.005675631648474917
5,54.157615035758965,12.373866755978174,0,6,L6 CT,superficial (L2/3),0.06074824641813789
0,53.566148160148,12.658007362694118,0,1,L2/3 IT,superficial (L2/3),0.06986508002470919
0,54.30619578451178,14.755335389999688,0,1,L2/3 IT,superficial (L2/3),0.08784979352280382
1,53.95060868149,16.01557965872081,0,2,L4/5 IT,superficial (L2/3),0.09675449808188126
0,53.78882854173753,17.71590583070826,0,1,L2/3 IT,superficial (L2/3),0.11445455905065269
0,53.987878329912746,18.961259013134846,0,1,L2/3 IT,superficial (L2/3),0.12324493952776544
0,54.070438846513696,21.381302083347126,0,1,L2/3 IT,superficial (L2/3),0.1406266041689909
2,53.92070107172995,21.988651808229523,0,5,L5 ET,superficial (L2/3),0.14919273189956178
0,54.22095460622258,28.326745833069506,0,1,L2/3 IT,superficial (L2/3),0.19858919714879697
0,53.73652761424576,29.148660627799096,0,1,L2/3 IT,superficial (L2/3),0.2064163007066301
0,53.69143356693056,32.66868056023113,0,1,L2/3 IT,superficial (L2/3),0.2357404060462174
0,53.646506224863494,36.83819474455848,0,1,L2/3 IT,superficial (L2/3),0.2615852322440946
1,54.064962414194575,56.023780667126644,1,2,L4/5 IT,middle (L4/5),0.40257467963041504
0,54.088727283330115,57.966722394112345,1,1,L2/3 IT,middle (L4/5),0.41698495780229167
0,54.207972101317374,58.93335585676457,1,1,L2/3 IT,middle (L4/5),0.4242759617475783
0,54.481620654308074,60.0628056709125,1,1,L2/3 IT,middle (L4/5),0.4317411675531028
2,54.28694503758511,65.04582719559866,1,5,L5 ET,middle (L4/5),0.4716788109578248
4,54.05477594733512,73.06201517145436,2,3,L5/6 NP,deep (L5),0.5321855102287358
2,54.12569732267661,78.91453706497377,2,5,L5 ET,deep (L5),0.569527180894253
2,54.20036644393353,80.03138138088924,2,5,L5 ET,deep (L5),0.5752699552729578
3,53.75089281661695,85.25783268223897,2,4,L5 IT,deep (L5),0.6023588008828918
3,54.105975764523855,86.87708744397922,2,4,L5 IT,deep (L5),0.6125339695767542
2,54.033188990531066,90.70686080311097,2,5,L5 ET,deep (L5),0.6326361147047539
2,54.010782145605745,91.74785795556018,2,5,L5 ET,deep (L5),0.6377196137923176
5,54.11011157273387,93.96461443435166,2,6,L6 CT,deep (L5),0.6479562411757123
4,53.868030953787475,96.36261755776376,2,3,L5/6 NP,deep (L5),0.6581895647912873
4,54.06876474406046,102.36113529104918,2,3,L5/6 NP,deep (L5),0.6878213488279311
4,54.15908264457836,104.91655299921732,3,3,L5/6 NP,inner (L5/6-L6b),0.7008134931784691
4,53.93172571039754,106.71373275773372,3,3,L5/6 NP,inner (L5/6-L6b),0.707988162060568
4,53.63138345212541,108.00571387435262,3,3,L5/6 NP,inner (L5/6-L6b),0.711033352828214
4,53.75348321548513,110.2457662650521,3,3,L5/6 NP,inner (L5/6-L6b),0.7160614576783076
3,53.919696205987215,116.05273110103806,3,4,L5 IT,inner (L5/6-L6b),0.7266750911313605
1,55.36344773587216,5.121214624918393,0,2,L4/5 IT,superficial (L2/3),0.0022355291448132347
1,55.237576032430034,7.839059307373702,0,2,L4/5 IT,superficial (L2/3),0.029453461910785197
1,54.94264312158546,11.284747962079043,0,2,L4/5 IT,superficial (L2/3),0.05777470443412722
0,55.10432778460095,19.068114759084153,0,1,L2/3 IT,superficial (L2/3),0.13084311662211548
0,54.818743044750825,22.08052054257482,0,1,L2/3 IT,superficial (L2/3),0.15728845134604946
1,55.18401108530708,22.797908150962357,0,2,L4/5 IT,superficial (L2/3),0.16595222141254296
4,55.00894975547487,25.75379074548167,0,3,L5/6 NP,superficial (L2/3),0.19142233191459582
4,54.84810948804879,27.082716339930702,0,3,L5/6 NP,superficial (L2/3),0.1997072040064822
0,55.11684739746306,28.165435375154654,0,1,L2/3 IT,superficial (L2/3),0.20785327748666005
5,54.88176115493995,31.821245638294496,0,6,L6 CT,superficial (L2/3),0.2385001145547592
1,55.21451708796881,32.76543436335802,0,2,L4/5 IT,superficial (L2/3),0.2455643760591698
1,55.26423152753524,39.82588068204126,1,2,L4/5 IT,middle (L4/5),0.28980476044260345
2,55.29971368529221,41.06159417033715,1,5,L5 ET,middle (L4/5),0.29590585011994747
0,54.874462904040186,43.03329303472191,1,1,L2/3 IT,middle (L4/5),0.3086515107984963
1,54.78246843440268,44.17889061753907,1,2,L4/5 IT,middle (L4/5),0.31547482071807115
1,54.92090284724444,47.129360600639146,1,2,L4/5 IT,middle (L4/5),0.33838496955503994
1,54.773733538062245,48.248232812549574,1,2,L4/5 IT,middle (L4/5),0.34676865176965455
0,55.301876361661236,50.847802949921274,1,1,L2/3 IT,middle (L4/5),0.37264637302140535
3,54.73710552258181,53.923469993779975,1,4,L5 IT,middle (L4/5),0.39687320201504667
3,54.43945109757353,56.706183326561494,1,4,L5 IT,middle (L4/5),0.40978745155572005
0,54.802140085846005,57.91146773603525,1,1,L2/3 IT,middle (L4/5),0.4254697343916028
0,54.73006920285813,58.79557744339409,1,1,L2/3 IT,middle (L4/5),0.4325752625406179
0,54.96585358844543,59.90750132677936,1,1,L2/3 IT,middle (L4/5),0.43987980678551086
3,55.04735827909682,61.22729172322515,1,4,L5 IT,middle (L4/5),0.4474332757137385
4,54.981432260392914,69.8960558206208,2,3,L5/6 NP,deep (L5),0.5190342689109781
7,54.92108737117076,71.20820908129714,2,8,L6 IT Car3,deep (L5),0.5263560748099593
4,55.19686620160498,73.1064183316339,2,3,L5/6 NP,deep (L5),0.5403440486516822
5,54.96579167063778,74.1163263150603,2,6,L6 CT,deep (L5),0.5470283692590384
4,55.273778780913496,75.03266393603639,2,3,L5/6 NP,deep (L5),0.553529999590608
3,55.0105133765061,81.13620348849805,2,4,L5 IT,deep (L5),0.5900065602397769
2,54.80243211197456,82.42175034012998,2,5,L5 ET,deep (L5),0.5957646544971724
5,55.308555133417684,88.69974845398576,2,6,L6 CT,deep (L5),0.6333306229633106
3,54.83904255057455,91.35406043903103,2,4,L5 IT,deep (L5),0.6435423603884145
2,55.01794404422573,91.81101790427739,2,5,L5 ET,deep (L5),0.648635057770069
3,55.554280327180834,92.86378352294119,2,4,L5 IT,deep (L5),0.664417013832343
2,54.99627177743258,95.17345723970664,2,5,L5 ET,deep (L5),0.6638638995408752
4,54.890298689755994,96.67717433688786,2,3,L5/6 NP,deep (L5),0.6739377934012336
7,54.92769113546295,101.98547728841382,3,8,L6 IT Car3,inner (L5/6-L6b),0.6985631737174168
4,55.01125958983231,103.99232335590612,3,3,L5/6 NP,inner (L5/6-L6b),0.7076550182452992
4,54.89653241815239,108.18827832368709,3,3,L5/6 NP,inner (L5/6-L6b),0.7224349903894297
5,54.7550032394068,109.2536267744966,3,6,L6 CT,inner (L5/6-L6b),0.7252642519099829
3,54.915054879591324,112.32305256712442,3,4,L5 IT,inner (L5/6-L6b),0.7320140088483233
5,55.18317048382942,114.87342813915534,3,6,L6 CT,inner (L5/6-L6b),0.737514823840178
4,55.04709462229221,116.2557655021305,3,3,L5/6 NP,inner (L5/6-L6b),0.7394052038636059
4,56.073139516729526,6.960262053141179,0,3,L5/6 NP,superficial (L2/3),0.025701085882694236
2,56.413114275728404,8.118900657665947,0,5,L5 ET,superficial (L2/3),0.03508257827410894
1,55.82673941957054,10.023399899790554,0,2,L4/5 IT,superficial (L2/3),0.054218466219424964
2,56.15271183865281,11.045674979244168,0,5,L5 ET,superficial (L2/3),0.06383602942868531
0,56.21906590508903,17.881803490296292,0,1,L2/3 IT,superficial (L2/3),0.12923125759784543
2,56.05645560136527,19.153152692013823,0,5,L5 ET,superficial (L2/3),0.13829795414507068
0,55.961909069314075,19.624671826442178,0,1,L2/3 IT,superficial (L2/3),0.14729795395831194
0,56.19102872147007,22.018566279542856,0,1,L2/3 IT,superficial (L2/3),0.16509567045133264
1,56.24130795815937,22.950698166564017,0,2,L4/5 IT,superficial (L2/3),0.1738857541072506
0,55.81162599130538,31.185250894778687,0,1,L2/3 IT,superficial (L2/3),0.24002406855012626
1,56.422112907798436,34.96174737822254,0,2,L4/5 IT,superficial (L2/3),0.2681351851852322
0,56.167050964006606,37.97041086670892,1,1,L2/3 IT,middle (L4/5),0.2871853870101125
3,56.377518221003754,39.95451065237321,1,4,L5 IT,middle (L4/5),0.2994913738040865
1,56.20479110741468,44.123691012025965,1,2,L4/5 IT,middle (L4/5),0.32546551691702363
0,56.13635257264899,47.96220462322246,1,1,L2/3 IT,middle (L4/5),0.3567766937485183
0,55.96933626344588,49.102518913477006,1,1,L2/3 IT,middle (L4/5),0.365349333130642
1,56.0691919164992,53.77492653882182,1,2,L4/5 IT,middle (L4/5),0.4063997720756765
1,56.098591206411804,61.82773283839358,1,2,L4/5 IT,middle (L4/5),0.46346200637586205
4,55.801010946952395,68.76926960872727,2,3,L5/6 NP,deep (L5),0.5196350565232309
4,56.270856573589704,74.173333012445,2,3,L5/6 NP,deep (L5),0.5552080584699315
0,55.916622731657704,75.75127623287815,2,1,L2/3 IT,deep (L5),0.5682030736599971
1,56.005083506347674,77.4740992961034,2,2,L4/5 IT,deep (L5),0.5745381860327172
3,56.07902192990813,79.81102278712288,2,4,L5 IT,deep (L5),0.593102275796851
4,55.818290161894026,81.79692002752972,2,3,L5/6 NP,deep (L5),0.6051109372333562
5,55.888584123268615,88.15720746301177,2,6,L6 CT,deep (L5),0.6386379578011289
5,56.31813992751875,92.24754973894144,2,6,L6 CT,deep (L5),0.6593452466834898
6,56.13383028033976,93.03312762657582,2,7,L6 IT,deep (L5),0.664417013832343
1,55.73317787408483,93.9823216759541,2,2,L4/5 IT,deep (L5),0.6694561965522285
5,55.79985909273184,98.05428096671592,2,6,L6 CT,deep (L5),0.6893987139172914
5,56.001328147836915,98.75162419040372,2,6,L6 CT,deep (L5),0.6943633059670824
2,55.58027401245385,99.99036794459143,3,5,L5 ET,inner (L5/6-L6b),0.6993137797649561
4,56.06070461377201,101.20516737259436,3,3,L5/6 NP,inner (L5/6-L6b),0.7042282659623742
6,56.0875845120252,103.51138594498536,3,7,L6 IT,inner (L5/6-L6b),0.7183092427671046
4,55.85759321639623,108.0164531107152,3,3,L5/6 NP,inner (L5/6-L6b),0.7335862086320022
7,55.986085865578346,109.08808209864624,3,8,L6 IT Car3,inner (L5/6-L6b),0.7365857373204437
5,55.792605894013384,112.26883024627588,3,6,L6 CT,inner (L5/6-L6b),0.7439549205091506
0,56.845296059589636,6.961904458766379,0,1,L2/3 IT,superficial (L2/3),0.031146965041264223
3,57.110026054202116,13.881611241461044,0,4,L5 IT,superficial (L2/3),0.09879060443957971
0,56.86707894582286,21.01281712949973,0,1,L2/3 IT,superficial (L2/3),0.16368651222150615
0,56.77166670378243,25.059310487652287,0,1,L2/3 IT,superficial (L2/3),0.19891470130019365
0,57.05532521987791,25.876818488182764,0,1,L2/3 IT,superficial (L2/3),0.207491662111496
0,57.174023040892266,26.84927748119364,0,1,L2/3 IT,superficial (L2/3),0.2159429690059238
0,56.88157613907775,30.90660117301639,0,1,L2/3 IT,superficial (L2/3),0.24795126123201303
1,56.98475776562411,32.102839934848646,0,2,L4/5 IT,superficial (L2/3),0.25539695802515866
3,57.21450590784754,34.25166714731009,0,4,L5 IT,superficial (L2/3),0.2695907090809046
0,57.19762863475626,34.90030494219216,0,1,L2/3 IT,superficial (L2/3),0.2763812450473074
1,56.363830870148156,39.983227113256966,1,2,L4/5 IT,middle (L4/5),0.2994913738040865
0,57.12120808788273,46.70208844858497,1,1,L2/3 IT,middle (L4/5),0.3585240816093614
5,57.329963266563944,50.17732866062049,1,6,L6 CT,middle (L4/5),0.38408696733408565
1,57.230176132961326,57.649606005851865,1,2,L4/5 IT,middle (L4/5),0.44328345403596203
0,56.956385302954274,58.79604320850293,1,1,L2/3 IT,middle (L4/5),0.4500470070183156
1,57.29207218265357,60.192404282731815,1,2,L4/5 IT,middle (L4/5),0.45704498205770544
2,56.65976880259759,62.417501119998846,1,5,L5 ET,middle (L4/5),0.47193058699035206
0,57.046231174291925,67.03861418982683,2,1,L2/3 IT,deep (L5),0.5121391305080328
3,57.00060445531025,69.05736439838985,2,4,L5 IT,deep (L5),0.5277641813345391
3,57.15349844531084,70.0508022643204,2,4,L5 IT,deep (L5),0.5352772473703378
2,56.548360145986194,71.24523150638005,2,5,L5 ET,deep (L5),0.5425777230347107
6,56.88491251966929,71.94844815954073,2,7,L6 IT,deep (L5),0.5496768190679119
4,56.86802180511229,75.5439935398058,2,3,L5/6 NP,deep (L5),0.5765374770689564
3,57.15531460296326,76.26518852473988,2,4,L5 IT,deep (L5),0.5765374770689564
3,56.95836311621263,76.56010149984643,2,4,L5 IT,deep (L5),0.5830058293413358
4,57.00330850068151,79.00132073444212,2,3,L5/6 NP,deep (L5),0.5957680021239605
7,56.91639423954945,79.98856880245506,2,8,L6 IT Car3,deep (L5),0.60206072511148
3,57.03135594317206,84.8245178465499,2,4,L5 IT,deep (L5),0.6321460258683157
4,57.245054173758774,91.09645195003786,2,3,L5/6 NP,deep (L5),0.6646750590394026
2,56.96244802753814,92.87015601621827,2,5,L5 ET,deep (L5),0.6748832958924496
4,56.872876256228444,100.10837379332999,3,3,L5/6 NP,inner (L5/6-L6b),0.7095553702914192
2,56.863268339085316,103.3008527319488,3,5,L5 ET,inner (L5/6-L6b),0.7241155046223792
6,57.131325824068654,104.06858310779222,3,7,L6 IT,inner (L5/6-L6b),0.7287156620089679
4,57.22094700395556,105.52720142734913,3,3,L5/6 NP,inner (L5/6-L6b),0.7372021624706421
6,56.896316007829256,107.23636864172943,3,7,L6 IT,inner (L5/6-L6b),0.7410089622889671
6,57.047952858491925,108.18672032706888,3,7,L6 IT,inner (L5/6-L6b),0.7445025648670722
6,56.72859618335674,110.19241142488015,3,7,L6 IT,inner (L5/6-L6b),0.7505998569422895
2,57.147734725016605,111.22010271764762,3,5,L5 ET,inner (L5/6-L6b),0.7532696116521621
3,58.08842058531337,2.976492387692545,0,4,L5 IT,superficial (L2/3),0.0009695708440183981
2,57.660043840753346,3.834268067646605,0,5,L5 ET,superficial (L2/3),0.009592494494949354
3,57.92094698822425,4.987568840916177,0,4,L5 IT,superficial (L2/3),0.018362620324689743
3,58.04780759719208,6.1148488240970265,0,4,L5 IT,superficial (L2/3),0.027341382451287817
0,57.68942717866193,6.983886189214721,0,1,L2/3 IT,superficial (L2/3),0.03655390467975298
0,58.36269526081774,8.10589606366968,0,1,L2/3 IT,superficial (L2/3),0.04599982451125071
0,58.05823995926129,10.073840978021222,0,1,L2/3 IT,superficial (L2/3),0.06545455635384093
0,57.653215918959845,12.996841699273084,0,1,L2/3 IT,superficial (L2/3),0.09521122937633172
0,57.52538783712624,16.042011326994757,0,1,L2/3 IT,superficial (L2/3),0.12452209041613714
0,57.99697851206059,20.697383767119057,0,1,L2/3 IT,superficial (L2/3),0.1709387103432347
0,57.90237142653191,21.78404211884716,0,1,L2/3 IT,superficial (L2/3),0.17987976935203906
0,58.01876786318416,24.098170849719246,0,1,L2/3 IT,superficial (L2/3),0.1974763702648573
0,57.90037123775756,31.095540925128443,0,1,L2/3 IT,superficial (L2/3),0.25494109449442626
1,57.572521091118325,36.74744683835646,1,2,L4/5 IT,middle (L4/5),0.29717037631982285
1,58.182686961244315,41.154970753278086,1,2,L4/5 IT,middle (L4/5),0.32379661003731136
1,58.20208323782325,43.92534033068884,1,2,L4/5 IT,middle (L4/5),0.34488777970937673
5,58.52344919570648,45.141672779363745,1,6,L6 CT,middle (L4/5),0.3618995882185401
5,58.12672964648598,50.78595488734411,1,6,L6 CT,middle (L4/5),0.40260494831021965
1,58.27844688386746,54.56403514266848,1,2,L4/5 IT,middle (L4/5),0.43275227933713445
4,58.3133700746742,55.75780438663979,1,3,L5/6 NP,middle (L4/5),0.4394113197500203
1,58.05886605627068,58.035127610220364,1,2,L4/5 IT,middle (L4/5),0.4524024283589919
0,57.96120402735178,59.27374143763175,1,1,L2/3 IT,middle (L4/5),0.45902533510865795
1,57.90317826749778,61.033685085115664,1,2,L4/5 IT,middle (L4/5),0.4730576707581138
1,58.14014148132381,63.096913098129775,1,2,L4/5 IT,middle (L4/5),0.48828305522161586
1,57.93772972077147,65.72696201653173,2,2,L4/5 IT,deep (L5),0.5123280817932484
1,58.17020591808461,66.88859909198345,2,2,L4/5 IT,deep (L5),0.5203095417221311
2,58.17590526747304,68.27051967104198,2,5,L5 ET,deep (L5),0.5281534524794503
3,58.04362641960103,69.34535457938425,2,4,L5 IT,deep (L5),0.5358203060963403
2,58.140339913912484,70.1628761885462,2,5,L5 ET,deep (L5),0.5432925422547161
1,57.799050272173425,70.9457879633153,2,2,L4/5 IT,deep (L5),0.5505695202484031
7,58.13188200908944,71.77663440102987,2,8,L6 IT Car3,deep (L5),0.5576685068834266
4,57.903509069393536,72.87234402369478,2,3,L5/6 NP,deep (L5),0.564614972591737
2,58.04822533632807,73.89073302031387,2,5,L5 ET,deep (L5),0.5714392388132368
2,57.82579329996281,75.04240318370144,2,5,L5 ET,deep (L5),0.5781704553022022
3,58.20731816420375,82.06307892179171,2,4,L5 IT,deep (L5),0.623608280627412
7,57.97596406713691,83.0208712825512,2,8,L6 IT Car3,deep (L5),0.6297658167255976
2,58.248375387113185,84.99471109340725,2,5,L5 ET,deep (L5),0.6417126040667291
4,57.73509402796027,89.00275165254209,2,3,L5/6 NP,deep (L5),0.6641967308691401
5,57.726142225441166,91.78379687267548,2,6,L6 CT,deep (L5),0.6800135222900544
1,57.89668625119213,95.0126814945076,2,2,L4/5 IT,deep (L5),0.6950900768391248
4,57.766092629355896,100.91606396092865,3,3,L5/6 NP,inner (L5/6-L6b),0.7245676150934864
5,58.12102003203307,102.34153778509285,3,6,L6 CT,inner (L5/6-L6b),0.7294573998105501
5,57.86414151383599,102.98104267776493,3,6,L6 CT,inner (L5/6-L6b),0.7342618195387828
6,57.83113329081235,105.81168577851184,3,7,L6 IT,inner (L5/6-L6b),0.7476121881180836
5,58.081252397670944,107.69011133604066,3,6,L6 CT,inner (L5/6-L6b),0.7552255653119578
4,58.165597523623,110.72725557020888,3,3,L5/6 NP,inner (L5/6-L6b),0.7646598300108504
5,58.39805747605983,113.11270042684876,3,6,L6 CT,inner (L5/6-L6b),0.7699927737605656
4,57.88091780881274,116.1110231590666,3,3,L5/6 NP,inner (L5/6-L6b),0.7772842954098689
3,58.85520844684839,5.213665888717111,0,4,L5 IT,superficial (L2/3),0.023938657973784538
0,58.31143727171673,6.86512898801274,0,1,L2/3 IT,superficial (L2/3),0.03655390467975298
0,59.05599703146389,8.291033803069375,0,1,L2/3 IT,superficial (L2/3),0.05140441088180257
0,58.84854049565188,11.510802525808744,0,1,L2/3 IT,superficial (L2/3),0.09101925450953051
0,59.196929446008234,13.372119142791925,0,1,L2/3 IT,superficial (L2/3),0.1011467756615733
0,59.19578230011411,13.793748521788627,0,1,L2/3 IT,superficial (L2/3),0.11124397618810906
0,59.162621380634654,15.361894544630303,0,1,L2/3 IT,superficial (L2/3),0.12125504782611361
0,58.805250170122555,16.310450961302298,0,1,L2/3 IT,superficial (L2/3),0.13113615102377346
5,58.93046043984077,18.446080533673463,0,6,L6 CT,superficial (L2/3),0.1504045603212899
0,58.943509826819074,18.938714695120684,0,1,L2/3 IT,superficial (L2/3),0.15977634893514614
0,59.14455213284539,20.531039687802828,0,1,L2/3 IT,superficial (L2/3),0.178028909813812
0,58.95885306168317,23.076932705865303,0,1,L2/3 IT,superficial (L2/3),0.1957272020014155
0,58.961363110725095,24.768196449635948,0,1,L2/3 IT,superficial (L2/3),0.2129259636552531
0,59.07551756487641,27.919096718586964,0,1,L2/3 IT,superficial (L2/3),0.2376960175880544
0,58.96953228891633,31.129520518260655,0,1,L2/3 IT,superficial (L2/3),0.2610370700558536
1,58.922460546281584,33.91352067778128,0,2,L4/5 IT,superficial (L2/3),0.282962399117958
3,59.26237986539945,35.72292092154669,1,4,L5 IT,middle (L4/5),0.2970314267285954
3,58.900921380307025,36.84131887471541,1,4,L5 IT,middle (L4/5),0.3039899386161095
1,58.96733575355568,40.108019288737836,1,2,L4/5 IT,middle (L4/5),0.32489675368143683
1,58.95772073753375,48.107193733627035,1,2,L4/5 IT,middle (L4/5),0.38690942057430894
2,59.38422299032824,48.92801874451664,1,5,L5 ET,middle (L4/5),0.39553654982933567
2,58.63681759665871,50.79901300698205,1,5,L5 ET,middle (L4/5),0.41247211035883413
4,59.07980730890786,67.90558311633738,2,3,L5/6 NP,deep (L5),0.5361506804584018
4,59.06305528985384,73.23436017327712,2,3,L5/6 NP,deep (L5),0.5725161415903957
2,58.896433665384414,76.05403935548172,2,5,L5 ET,deep (L5),0.5930413798082261
4,58.97801569776879,77.86953631024362,2,3,L5/6 NP,deep (L5),0.6065186647042609
1,58.96360855648742,78.91201901807999,2,2,L4/5 IT,deep (L5),0.6131832956668775
3,59.16662964516894,80.13218445852789,2,4,L5 IT,deep (L5),0.6197730377286295
4,58.70062111001253,90.92398327595201,2,3,L5/6 NP,deep (L5),0.6847139253688991
1,58.930836892195586,95.09191142684652,3,2,L4/5 IT,inner (L5/6-L6b),0.705135412878842
2,58.5022032429416,95.8856191795442,3,5,L5 ET,inner (L5/6-L6b),0.7100505016623312
4,58.68103676184422,96.44198720104255,3,3,L5/6 NP,inner (L5/6-L6b),0.7100505016623312
4,59.21958852561937,99.09929826082241,3,3,L5/6 NP,inner (L5/6-L6b),0.7247134327539428
5,59.324412792665456,100.79759598161736,3,6,L6 CT,inner (L5/6-L6b),0.7345521725565122
7,58.74667027486229,101.77968487197491,3,8,L6 IT Car3,inner (L5/6-L6b),0.7394545692675715
5,58.57057228508381,104.993013970694,3,6,L6 CT,inner (L5/6-L6b),0.7535553041714813
7,58.72301639056037,107.16495105416983,3,8,L6 IT Car3,inner (L5/6-L6b),0.7619783192081171
7,58.96799492582185,110.14326448249945,3,8,L6 IT Car3,inner (L5/6-L6b),0.7727577244895144
4,59.43128822668549,111.2744610807164,3,3,L5/6 NP,inner (L5/6-L6b),0.7759132198061661
7,58.83932531297273,112.2345077559047,3,8,L6 IT Car3,inner (L5/6-L6b),0.7788986923877416
0,59.97997416324285,2.039281237644235,0,1,L2/3 IT,superficial (L2/3),0.004168433341335683
0,60.11427434105602,8.014111832627878,0,1,L2/3 IT,superficial (L2/3),0.05691312530889369
0,60.0910302831649,11.156856511841353,0,1,L2/3 IT,superficial (L2/3),0.0865041880428076
0,59.943115457876985,11.697033602516752,0,1,L2/3 IT,superficial (L2/3),0.09674189152363813
0,60.01071130337778,16.753989673933177,0,1,L2/3 IT,superficial (L2/3),0.14757844750466287
0,60.37976540236737,18.034181815074593,0,1,L2/3 IT,superficial (L2/3),0.15726240996310684
0,60.029858836609364,18.675625307123454,0,1,L2/3 IT,superficial (L2/3),0.16672307522013485
0,60.02067796684464,20.570633133349173,0,1,L2/3 IT,superficial (L2/3),0.18500329465587917
0,59.89680899049112,25.911450413118978,0,1,L2/3 IT,superficial (L2/3),0.22757799898605469
0,59.98195541082799,28.818558845673078,0,1,L2/3 IT,superficial (L2/3),0.25122022812147704
1,59.89563011835515,33.836598743285236,0,2,L4/5 IT,superficial (L2/3),0.28832908111001504
3,60.01625713070859,35.47963707758164,1,4,L5 IT,middle (L4/5),0.29556666755372685
1,60.10944821099653,35.819898583934844,1,2,L4/5 IT,middle (L4/5),0.3027966212044837
1,60.32147782369128,41.08262289393072,1,2,L4/5 IT,middle (L4/5),0.3395635468142637
1,59.89540295967388,42.87154223239208,1,2,L4/5 IT,middle (L4/5),0.35489703149122376
1,60.348967223325594,51.30309400705184,1,2,L4/5 IT,middle (L4/5),0.42201097640993723
1,60.17917073084124,51.91487454648268,1,2,L4/5 IT,middle (L4/5),0.42996963082398343
0,59.82766080595592,54.068550292340504,1,1,L2/3 IT,middle (L4/5),0.44459847314517165
0,59.964724813343196,56.22464646844833,1,1,L2/3 IT,middle (L4/5),0.4577368287579992
1,59.60580905814636,57.873888490114844,1,2,L4/5 IT,middle (L4/5),0.4703026376892237
1,60.45343007543647,58.91200556673733,1,2,L4/5 IT,middle (L4/5),0.4767255851207393
1,59.65649588958409,59.934168710801295,1,2,L4/5 IT,middle (L4/5),0.4833906187562755
3,60.02515073300848,65.16633854412241,2,4,L5 IT,deep (L5),0.5206830732865074
3,60.18273776797826,68.23191699875937,2,4,L5 IT,deep (L5),0.5439916908007411
3,60.22923946538544,71.82609145755818,2,4,L5 IT,deep (L5),0.5732503170899702
4,60.1970803613409,72.93462694237263,2,3,L5/6 NP,deep (L5),0.5802799605993331
3,60.10808359632834,77.01654079728416,2,4,L5 IT,deep (L5),0.6080291394955486
2,59.657916355283795,78.29071975074713,2,5,L5 ET,deep (L5),0.6148967890707517
3,60.12155196404742,78.97133201290914,2,4,L5 IT,deep (L5),0.621704332286579
2,60.306814837199056,79.89320109832698,2,5,L5 ET,deep (L5),0.6284234694197397
4,60.2322892281044,83.78271446485174,2,3,L5/6 NP,deep (L5),0.6540536559545392
2,60.26281018251267,84.62937104678281,2,5,L5 ET,deep (L5),0.6601292549465108
2,59.81236390093689,87.12942159736384,2,5,L5 ET,deep (L5),0.6719406891758414
2,59.56796789383968,87.56186368898902,2,5,L5 ET,deep (L5),0.6776947048014744
1,59.74383846583192,89.82422880665709,2,2,L4/5 IT,deep (L5),0.6889094057733448
4,59.732975003178964,95.43510208886072,3,3,L5/6 NP,inner (L5/6-L6b),0.7150556886894395
4,59.6325184410287,97.29467806337928,3,3,L5/6 NP,inner (L5/6-L6b),0.7248989732917437
4,59.93453249771039,97.78956567693457,3,3,L5/6 NP,inner (L5/6-L6b),0.72978373887281
6,60.13178624742487,101.66681636238218,3,7,L6 IT,inner (L5/6-L6b),0.7494235270561853
4,60.16506313182678,103.18757964495575,3,3,L5/6 NP,inner (L5/6-L6b),0.7542868164396146
5,60.141831799254035,106.93103713398035,3,6,L6 CT,inner (L5/6-L6b),0.7723353791363365
4,60.34627920097553,109.0593681771648,3,3,L5/6 NP,inner (L5/6-L6b),0.7801110215402529
7,59.601966653683334,112.29973316659421,3,8,L6 IT Car3,inner (L5/6-L6b),0.7902801004453798
0,61.2595108726144,3.2356386423422636,0,1,L2/3 IT,superficial (L2/3),0.018886256491368762
0,61.24951609316347,11.043035769069869,0,1,L2/3 IT,superficial (L2/3),0.09222891832353847
0,60.62035262173272,11.872440550630891,0,1,L2/3 IT,superficial (L2/3),0.10257002039510739
0,61.15043250501076,17.935786090472693,0,1,L2/3 IT,superficial (L2/3),0.16406537345934036
0,61.032253265331214,19.068674203414805,0,1,L2/3 IT,superficial (L2/3),0.1736075349631255
0,60.74340911036827,21.26651939558395,0,1,L2/3 IT,superficial (L2/3),0.1918945616610266
0,61.209320162325824,22.13194606897464,0,1,L2/3 IT,superficial (L2/3),0.20066404413157424
0,61.11141425186016,22.77366296761525,0,1,L2/3 IT,superficial (L2/3),0.20919769025182997
0,61.28420442915542,23.761937370534383,0,1,L2/3 IT,superficial (L2/3),0.21750598253424927
1,60.91795293303239,26.027535292875125,0,2,L4/5 IT,superficial (L2/3),0.23349415795283737
1,61.23401654814419,27.676991316922212,0,2,L4/5 IT,superficial (L2/3),0.24877769163783975
3,60.55111369380782,34.673592745407184,1,4,L5 IT,middle (L4/5),0.3004169699845312
1,61.293033864282975,37.22926132761299,1,2,L4/5 IT,middle (L4/5),0.31547710907775023
1,60.890714549547006,41.052558341681404,1,2,L4/5 IT,middle (L4/5),0.34664272684974495
5,61.4337556785441,48.117848024516434,1,6,L6 CT,middle (L4/5),0.40556740654175605
1,61.22053010495556,58.022797300967696,1,2,L4/5 IT,middle (L4/5),0.4787820251065665
1,60.79394969000981,60.722641166847446,1,2,L4/5 IT,middle (L4/5),0.4986541485685352
1,61.28699085528682,62.40252747969897,1,2,L4/5 IT,middle (L4/5),0.5058397837590708
3,60.989697602018055,65.81531391340731,2,4,L5 IT,deep (L5),0.5363659159413625
2,60.76079244558391,77.10875940317862,2,5,L5 ET,deep (L5),0.6161067358276361
6,60.824665575443234,78.90157757413287,2,7,L6 IT,deep (L5),0.6300574882601633
3,61.05835119235817,81.58501386181814,2,4,L5 IT,deep (L5),0.6501787558941292
4,60.67431418628582,84.9677977015392,2,3,L5/6 NP,deep (L5),0.669017415051781
6,60.73656523103603,89.0778296109574,3,7,L6 IT,inner (L5/6-L6b),0.6926014197858387
4,60.82733329425,91.13787431827129,3,3,L5/6 NP,inner (L5/6-L6b),0.7038369889112935
5,60.846894364613135,91.79995347710259,3,6,L6 CT,inner (L5/6-L6b),0.7092868885461194
5,60.96633327490518,98.1645461784819,3,6,L6 CT,inner (L5/6-L6b),0.7397662945518851
1,60.89563403848344,100.34470284781679,3,2,L4/5 IT,inner (L5/6-L6b),0.7495930361595359
6,61.32821587464215,102.17962996132917,3,7,L6 IT,inner (L5/6-L6b),0.759448771147701
2,61.002159023524165,107.20942814263549,3,5,L5 ET,inner (L5/6-L6b),0.7827072038192361
5,60.67829950523549,113.11889463166408,3,6,L6 CT,inner (L5/6-L6b),0.8048379692137014
0,61.94763888943372,1.8988461192639021,0,1,L2/3 IT,superficial (L2/3),0.017094909723658108
0,62.351313360031355,3.3526594072062292,0,1,L2/3 IT,superficial (L2/3),0.0254248592569262
0,62.219101802667765,6.173456249269153,0,1,L2/3 IT,superficial (L2/3),0.05070348944595291
0,61.96523961606718,9.032966135766808,0,1,L2/3 IT,superficial (L2/3),0.07819178311133598
0,62.02767255626767,17.976384980341887,0,1,L2/3 IT,superficial (L2/3),0.17083706414700453
0,61.5669418864365,22.186771670363413,0,1,L2/3 IT,superficial (L2/3),0.20739702889412104
0,61.842255828832485,25.30139729972421,0,1,L2/3 IT,superficial (L2/3),0.2316159492311988
0,61.75032252524776,27.858117778077535,0,1,L2/3 IT,superficial (L2/3),0.2536910563750946
0,61.80461816099662,28.545807935062367,0,1,L2/3 IT,superficial (L2/3),0.2608081017740838
0,62.25641646015312,31.035303966176723,0,1,L2/3 IT,superficial (L2/3),0.2750621454913683
1,62.213140684874865,38.90134184574774,1,2,L4/5 IT,middle (L4/5),0.33668244268704633
1,61.724085956591566,40.78691529024727,1,2,L4/5 IT,middle (L4/5),0.35331470079154853
1,61.84914302876211,43.344625403615666,1,2,L4/5 IT,middle (L4/5),0.37028543913258977
3,62.038722401551446,43.62478812188168,1,4,L5 IT,middle (L4/5),0.37890677819156626
2,61.99493476892149,46.08677123613745,1,5,L5 ET,middle (L4/5),0.3964436789023739
1,61.787974598202645,50.87787495541767,1,2,L4/5 IT,middle (L4/5),0.4396585192053105
3,62.18700470359759,56.210078580066025,1,4,L5 IT,middle (L4/5),0.4744516399757785
3,62.19263355356325,64.03210381783803,2,4,L5 IT,deep (L5),0.5286830460662719
4,62.000738390338455,67.83858916780424,2,3,L5/6 NP,deep (L5),0.559175257287907
4,61.77293120549976,73.72545312584528,2,3,L5/6 NP,deep (L5),0.6025558860622029
3,61.958768965043745,76.75608863153954,2,4,L5 IT,deep (L5),0.6240405453139588
1,62.08088252782719,81.23418040468614,2,2,L4/5 IT,deep (L5),0.6520250879882545
4,61.58792827855785,84.27541863921265,2,3,L5/6 NP,deep (L5),0.671535919469229
4,62.141737165596375,86.09096134230423,2,3,L5/6 NP,deep (L5),0.6838726884849271
4,62.10260225546928,89.17748187364849,3,3,L5/6 NP,inner (L5/6-L6b),0.7017308641725986
4,61.89525761259813,89.93049633753331,3,3,L5/6 NP,inner (L5/6-L6b),0.7075238222141582
5,62.2773366729487,90.82848729228284,3,6,L6 CT,inner (L5/6-L6b),0.7132189207208917
6,61.842858257450075,93.43518537230952,3,7,L6 IT,inner (L5/6-L6b),0.7242502774473063
4,61.8794367877718,95.11340835149564,3,3,L5/6 NP,inner (L5/6-L6b),0.7347656240009419
4,61.887461739675366,97.92364866797125,3,3,L5/6 NP,inner (L5/6-L6b),0.7498278749722576
4,61.83951366175131,99.40685378260655,3,3,L5/6 NP,inner (L5/6-L6b),0.7547713255359262
4,62.24287141678374,101.00938147138147,3,3,L5/6 NP,inner (L5/6-L6b),0.7646608028514733
4,62.2559467364957,101.90263866602453,3,3,L5/6 NP,inner (L5/6-L6b),0.7696024772240597
4,62.449764838171504,102.8476465307669,3,3,L5/6 NP,inner (L5/6-L6b),0.7745132772075858
5,62.31472863178414,111.43974986038812,3,6,L6 CT,inner (L5/6-L6b),0.809204057240958
4,61.93836235741534,115.20075363775877,3,3,L5/6 NP,inner (L5/6-L6b),0.8226143691924811
0,63.280713166722336,-0.25839647974791274,0,1,L2/3 IT,superficial (L2/3),0.0068535434439134
3,63.39737126385422,0.7465867796020516,0,4,L5 IT,superficial (L2/3),0.015477651259105017
1,62.9401533026503,11.23989607008868,0,2,L4/5 IT,superficial (L2/3),0.10446643827828457
0,62.97354694089987,11.944291332384122,0,1,L2/3 IT,superficial (L2/3),0.11488142407782181
0,62.88365284923913,13.872062816951562,0,1,L2/3 IT,superficial (L2/3),0.1361540343178491
0,63.11806816269467,18.892981406200988,0,1,L2/3 IT,superficial (L2/3),0.18724745346452953
0,63.292449708188265,20.736434605640998,0,1,L2/3 IT,superficial (L2/3),0.20550083801905847
0,63.324232195375025,27.505322265644576,0,1,L2/3 IT,superficial (L2/3),0.25832974065621445
0,62.90691110650222,31.078371493796176,0,1,L2/3 IT,superficial (L2/3),0.2788176850908553
0,63.137064741999566,32.37884425883192,0,1,L2/3 IT,superficial (L2/3),0.28596129287787353
3,63.0465911592371,34.868907090133305,1,4,L5 IT,middle (L4/5),0.30882909374105283
3,62.856069127096085,35.65709496211634,1,4,L5 IT,middle (L4/5),0.3169151478191387
3,62.731378545792786,37.302102988207736,1,4,L5 IT,middle (L4/5),0.3252000730819778
3,63.04552041769019,37.93075687629238,1,4,L5 IT,middle (L4/5),0.3336511463843416
1,62.671224164969686,45.16397225272988,1,2,L4/5 IT,middle (L4/5),0.39532097626179497
2,62.787760624441866,45.65656846366684,1,5,L5 ET,middle (L4/5),0.4043332546836553
4,63.12033466141661,47.197888344292934,1,3,L5/6 NP,middle (L4/5),0.4133386770742356
1,63.19197100294446,48.818402032687644,1,2,L4/5 IT,middle (L4/5),0.43103909489364733
2,63.02304663765368,52.07208442801434,1,5,L5 ET,middle (L4/5),0.45534189480962545
3,63.20589732744831,55.26263319147694,1,4,L5 IT,middle (L4/5),0.47579145047384047
3,63.054614615516314,55.715900468526215,1,4,L5 IT,middle (L4/5),0.4820068532891346
2,63.22718323975653,58.08424979457271,1,5,L5 ET,middle (L4/5),0.49432678453182105
1,62.88601679058094,59.916257623942926,2,2,L4/5 IT,deep (L5),0.5072892319921756
2,62.63038834582755,62.09950143196551,2,5,L5 ET,deep (L5),0.5213178126223096
0,63.482713277922244,72.0180184413063,2,1,L2/3 IT,deep (L5),0.5957205722432981
5,63.22820877543236,75.18901872253387,2,6,L6 CT,deep (L5),0.6173218930580158
5,63.620729741522666,78.74266431574654,2,6,L6 CT,deep (L5),0.6543364635789791
4,63.08980146765048,83.88239954920147,2,3,L5/6 NP,deep (L5),0.6801097534106281
4,63.23582944579847,84.66945827921666,2,3,L5/6 NP,deep (L5),0.6864200315096551
4,63.084723479320466,86.9719373195282,3,3,L5/6 NP,inner (L5/6-L6b),0.6987589567871928
7,63.14870294414341,88.89872259724656,3,8,L6 IT Car3,inner (L5/6-L6b),0.7108248207935287
6,62.68049546558089,89.77860054392445,3,7,L6 IT,inner (L5/6-L6b),0.7167514803486901
5,63.08370045522046,92.82580582497829,3,6,L6 CT,inner (L5/6-L6b),0.7339041055812814
8,63.38977283532489,94.1491121485464,3,9,L6b,inner (L5/6-L6b),0.7393596454421335
5,62.83336331705032,95.64502601117938,3,6,L6 CT,inner (L5/6-L6b),0.7498775022567784
5,63.190428557993876,98.96369787185748,3,6,L6 CT,inner (L5/6-L6b),0.7650148877429326
8,62.788574754346676,100.11415565006551,3,9,L6b,inner (L5/6-L6b),0.7699963741308355
2,63.158215948344214,101.025750821676,3,5,L5 ET,inner (L5/6-L6b),0.7749712371861397
6,62.91303110218869,102.17369745887387,3,7,L6 IT,inner (L5/6-L6b),0.7799348988833968
4,62.658397094287324,102.79379356711391,3,3,L5/6 NP,inner (L5/6-L6b),0.7848688099622508
7,63.36605228367325,106.02279340414293,3,8,L6 IT Car3,inner (L5/6-L6b),0.799204793424459
4,62.82705061507184,106.75189416714996,3,3,L5/6 NP,inner (L5/6-L6b),0.8037356798389033
5,62.98380396976484,111.03355616861151,3,6,L6 CT,inner (L5/6-L6b),0.82027724595501
5,62.76204509183779,111.82502665968502,3,6,L6 CT,inner (L5/6-L6b),0.8240138229701873
4,63.468642256026975,113.99486154884474,3,3,L5/6 NP,inner (L5/6-L6b),0.8309885953500925
0,64.05287872654205,2.0880211177349994,0,1,L2/3 IT,superficial (L2/3),0.030792419431174826
0,63.99416590026887,4.002887577276957,0,1,L2/3 IT,superficial (L2/3),0.04732997283827343
7,64.00133765785831,5.162268840778805,0,8,L6 IT Car3,superficial (L2/3),0.05562671803526053
3,64.09213295715765,6.116674646454297,0,4,L5 IT,superficial (L2/3),0.06407947768722437
1,64.17230916974113,8.002233531690887,0,2,L4/5 IT,superficial (L2/3),0.08179110792127861
3,63.98701911361088,11.769299298644075,0,4,L5 IT,superficial (L2/3),0.1213990155873779
0,64.01992212144897,15.110546666854901,0,1,L2/3 IT,superficial (L2/3),0.15332874658708578
4,63.568923250469446,19.166298741840308,0,3,L5/6 NP,superficial (L2/3),0.1939792083672846
3,64.12896245519808,23.27362849244984,0,4,L5 IT,superficial (L2/3),0.2286161323468809
0,63.74388938057941,26.92981171942905,0,1,L2/3 IT,superficial (L2/3),0.2564386196057759
1,63.83914484855715,27.977990562128664,0,2,L4/5 IT,superficial (L2/3),0.26278663477518793
0,63.839178883966035,29.090756940866246,0,1,L2/3 IT,superficial (L2/3),0.26914442153833157
0,64.07429377687029,30.114573503445975,0,1,L2/3 IT,superficial (L2/3),0.2756426343905079
0,64.07325536913902,32.04682795937085,0,1,L2/3 IT,superficial (L2/3),0.28945744831470005
0,63.604706937959605,32.884963910530665,0,1,L2/3 IT,superficial (L2/3),0.29688475524954805
4,64.47386059765245,35.129011943954595,1,3,L5/6 NP,middle (L4/5),0.3127953246150908
1,63.66759174715386,39.06869111544103,1,2,L4/5 IT,middle (L4/5),0.34771187251387237
1,64.00503421549475,43.75735690841899,1,2,L4/5 IT,middle (L4/5),0.39346533940036826
3,63.95356293272766,48.126959610642885,1,4,L5 IT,middle (L4/5),0.4298905657204483
1,63.547677648163145,50.935163856185994,1,2,L4/5 IT,middle (L4/5),0.4551147904350984
3,64.22322144573224,53.94605802344223,1,4,L5 IT,middle (L4/5),0.4764934183020252
1,63.94507071978737,54.89272726232361,1,2,L4/5 IT,middle (L4/5),0.48286170389653527
3,63.74088096675679,56.87710858299789,1,4,L5 IT,middle (L4/5),0.4951672644570209
5,64.06106718216718,61.002979803071355,2,6,L6 CT,deep (L5),0.5213939283280079
0,63.25327313952314,61.782306407164626,2,1,L2/3 IT,deep (L5),0.5213178126223096
2,63.90586422790084,64.99798126482465,2,5,L5 ET,deep (L5),0.5511838277109053
2,64.00663956992652,67.1163662282092,2,5,L5 ET,deep (L5),0.5664198383857207
2,64.03362375478605,69.12623282087806,2,5,L5 ET,deep (L5),0.5813587096680631
5,64.21757731249039,71.51698366376326,2,6,L6 CT,deep (L5),0.6031639574591721
4,64.12383031090135,73.44498147501925,2,3,L5/6 NP,deep (L5),0.6103839130390841
4,63.56653065349463,73.93553843508892,2,3,L5/6 NP,deep (L5),0.6176369992645385
1,64.06705540281243,75.25724817728305,2,2,L4/5 IT,deep (L5),0.6249412783898673
4,63.79612735909546,75.89892676256085,2,3,L5/6 NP,deep (L5),0.6322946572718147
6,63.828510551689355,79.06821344650089,2,7,L6 IT,deep (L5),0.6543364635789791
2,64.22871601435709,81.84086663975508,2,5,L5 ET,deep (L5),0.6754279408824501
5,64.22483366923194,91.06987967235717,3,6,L6 CT,inner (L5/6-L6b),0.7320116889155278
5,64.37148778185853,91.99088287729406,3,6,L6 CT,inner (L5/6-L6b),0.7378868184015999
5,64.05956545265083,93.76044776712897,3,6,L6 CT,inner (L5/6-L6b),0.7492355970609563
5,64.40050814846974,96.0838313765376,3,6,L6 CT,inner (L5/6-L6b),0.7600179614095947
7,63.92421263416855,97.77465003061741,3,8,L6 IT Car3,inner (L5/6-L6b),0.7703569421520094
7,64.10415538678836,102.23433222201037,3,8,L6 IT Car3,inner (L5/6-L6b),0.7904672067817287
4,64.04591436937581,107.68117632707391,3,3,L5/6 NP,inner (L5/6-L6b),0.818923494889359
5,63.94524419406302,112.01283592332595,3,6,L6 CT,inner (L5/6-L6b),0.8352492146221806
3,63.64768669580532,113.9827162537919,3,4,L5 IT,inner (L5/6-L6b),0.8424369407236414
1,63.78069859810804,115.34529303633212,3,2,L4/5 IT,inner (L5/6-L6b),0.8457490455478952
1,65.30687492360839,2.0448263069960078,0,2,L4/5 IT,superficial (L2/3),0.0376436778908323
0,65.04032187337792,3.3308002281039277,0,1,L2/3 IT,superficial (L2/3),0.04597705816440544
2,65.29804888869901,8.082967322126452,0,5,L5 ET,superficial (L2/3),0.08872558661304702
0,64.84292428439579,10.148276991226458,0,1,L2/3 IT,superficial (L2/3),0.1077468941231611
0,64.89401196783939,13.850780704727205,0,1,L2/3 IT,superficial (L2/3),0.1492373121007409
3,65.00344688266954,14.884484219284953,0,4,L5 IT,superficial (L2/3),0.15987767862029334
0,65.03786303810251,16.028399129761375,0,1,L2/3 IT,superficial (L2/3),0.17042413263131126
2,65.02285460169055,16.822688041813095,0,5,L5 ET,superficial (L2/3),0.18078223301447574
1,65.2187807765596,17.92952701650986,0,2,L4/5 IT,superficial (L2/3),0.19086881924887025
1,64.72627254113469,18.69009425316317,0,2,L4/5 IT,superficial (L2/3),0.20060652257339284
0,65.25426222984858,22.103356224178782,0,1,L2/3 IT,superficial (L2/3),0.2270974055695049
0,64.98656344747378,22.72824431641333,0,1,L2/3 IT,superficial (L2/3),0.23487388143087304
0,65.1236955455593,23.42527825500304,0,1,L2/3 IT,superficial (L2/3),0.23487388143087304
0,64.75474464379307,31.539374975183367,0,1,L2/3 IT,superficial (L2/3),0.29296616128299396
4,65.04498546271728,34.20803925007421,1,3,L5/6 NP,middle (L4/5),0.3084542930687392
2,65.1714445841667,36.997768042873176,1,5,L5 ET,middle (L4/5),0.33464810064434314
3,64.77170707464856,46.0134701062547,1,4,L5 IT,middle (L4/5),0.41896600022682384
1,65.37405980714804,49.599211733903054,1,2,L4/5 IT,middle (L4/5),0.4541640189571802
1,64.85974608508351,51.245208200322715,1,2,L4/5 IT,middle (L4/5),0.4620943844457326
1,65.09889307471022,51.82147742840033,1,2,L4/5 IT,middle (L4/5),0.46955638530382476
2,64.88290867310025,56.36293964416708,1,5,L5 ET,middle (L4/5),0.4956297624995658
2,65.12162576659334,58.83614193858531,2,5,L5 ET,deep (L5),0.5145517296565827
0,65.30343927751478,64.43510936435148,2,1,L2/3 IT,deep (L5),0.5507773155182252
7,64.62407267646985,74.28907728787695,2,8,L6 IT Car3,deep (L5),0.6252842692446525
3,64.8194862264367,80.97521638130847,2,4,L5 IT,deep (L5),0.6768378621512329
3,65.17190147818522,82.39640262047517,2,4,L5 IT,deep (L5),0.6838185662968856
5,64.98257780426343,85.91826790524624,3,6,L6 CT,inner (L5/6-L6b),0.7102451095297789
5,65.00073664771314,86.8432889787763,3,6,L6 CT,inner (L5/6-L6b),0.7166101324652185
3,65.20585925827952,89.05727951773696,3,4,L5 IT,inner (L5/6-L6b),0.7291939173898703
4,65.24364265994599,90.80278010087507,3,3,L5/6 NP,inner (L5/6-L6b),0.7415383540632735
5,65.10362056218285,96.87033653886868,3,6,L6 CT,inner (L5/6-L6b),0.7756153221577851
4,64.88493486490341,98.74162219110839,3,3,L5/6 NP,inner (L5/6-L6b),0.7859991805286846
7,65.27256075871848,101.29825915514091,3,8,L6 IT Car3,inner (L5/6-L6b),0.7961612691694668
5,65.48793385088487,102.09679437523063,3,6,L6 CT,inner (L5/6-L6b),0.8011884382014202
6,64.94589591697147,102.8426439632113,3,7,L6 IT,inner (L5/6-L6b),0.8061738526631385
5,64.97459619301756,111.76900238452463,3,6,L6 CT,inner (L5/6-L6b),0.8465386834970381
3,66.2656089649203,0.06529970591841462,0,4,L5 IT,superficial (L2/3),0.02707655735645993
0,65.91598390691613,2.852108455772167,0,1,L2/3 IT,superficial (L2/3),0.05273138558226184
0,65.934396262174,11.838026656391447,0,1,L2/3 IT,superficial (L2/3),0.13481534043772941
0,65.77243688393094,12.918543224816299,0,1,L2/3 IT,superficial (L2/3),0.14523295152220841
0,65.88884273146212,14.312246454881102,0,1,L2/3 IT,superficial (L2/3),0.15577738373034922
0,66.13012267248817,17.667532847843322,0,1,L2/3 IT,superficial (L2/3),0.19731747381640732
2,66.08443977667963,19.06211064932772,0,5,L5 ET,superficial (L2/3),0.20706854412220593
2,66.01151096818401,20.969540412777214,0,5,L5 ET,superficial (L2/3),0.2251716421232181
0,66.0978080476989,24.30968457871226,0,1,L2/3 IT,superficial (L2/3),0.24792142062201333
0,66.04517046254415,24.87998282284356,0,1,L2/3 IT,superficial (L2/3),0.25431884077622635
0,65.89846851118648,27.114507121815297,0,1,L2/3 IT,superficial (L2/3),0.2659150764186668
1,66.24955150224915,30.1225771945272,0,2,L4/5 IT,superficial (L2/3),0.2831528531468969
0,65.90771751712249,31.11439134785782,0,1,L2/3 IT,superficial (L2/3),0.2896194831923306
0,66.13992889308851,33.81869678132537,1,1,L2/3 IT,middle (L4/5),0.31247819044269676
2,65.78104651051449,42.7802718620075,1,5,L5 ET,middle (L4/5),0.39761771730820705
2,65.85674442296487,43.98319903199756,1,5,L5 ET,middle (L4/5),0.407130773833777
1,65.94770146094204,46.06361692114352,1,2,L4/5 IT,middle (L4/5),0.42587131801738504
4,65.93250931043671,48.67114737100107,1,3,L5/6 NP,middle (L4/5),0.4526156059033228
1,66.33368584993687,51.87413284798457,1,2,L4/5 IT,middle (L4/5),0.4760387828556718
1,66.389374257158,53.02528824051946,1,2,L4/5 IT,middle (L4/5),0.48293793225821846
1,65.69979713874672,54.13083783436001,1,2,L4/5 IT,middle (L4/5),0.4894662576165978
3,66.08537249064,55.19707923412007,1,4,L5 IT,middle (L4/5),0.4957423154717281
2,66.38009141039471,56.25371798566861,1,5,L5 ET,middle (L4/5),0.5019123142250369
2,65.84483506293678,60.134414545011055,2,5,L5 ET,deep (L5),0.5280264624695381
2,65.8610399228485,63.07090667741925,2,5,L5 ET,deep (L5),0.5502718060768306
2,65.70865543850225,63.96004009907636,2,5,L5 ET,deep (L5),0.5580010868039939
3,66.54580062652813,66.75026486525479,2,4,L5 IT,deep (L5),0.5888626376359029
5,65.9581817938748,72.82961731390516,2,6,L6 CT,deep (L5),0.6257564107125346
3,66.03149430252091,77.04780183209743,2,4,L5 IT,deep (L5),0.6555556473741659
3,65.79122537900886,77.84659045684165,2,4,L5 IT,deep (L5),0.6630920357054566
3,65.9409101109735,79.91670115226911,2,4,L5 IT,deep (L5),0.6779775458099133
4,65.82763194842043,84.30658901370337,3,3,L5/6 NP,inner (L5/6-L6b),0.7060239765047504
4,65.97996485868582,89.33377685775562,3,3,L5/6 NP,inner (L5/6-L6b),0.7385580286306047
6,65.77195797138256,94.28745635919476,3,7,L6 IT,inner (L5/6-L6b),0.7693156241242387
5,65.87296940502848,94.74774086395986,3,6,L6 CT,inner (L5/6-L6b),0.7750616424477195
6,66.04472448469308,100.3065177570564,3,7,L6 IT,inner (L5/6-L6b),0.8018691612174225
5,66.00135552796134,102.18148380979544,3,6,L6 CT,inner (L5/6-L6b),0.8120586395843596
2,65.93624254647526,103.81136780186854,3,5,L5 ET,inner (L5/6-L6b),0.8220328584326448
5,66.14445633139479,106.09454350105504,3,6,L6 CT,inner (L5/6-L6b),0.8317030026500039
4,65.81573439822361,107.87120057907521,3,3,L5/6 NP,inner (L5/6-L6b),0.8409591563502908
4,65.99046419783637,109.98527055692301,3,3,L5/6 NP,inner (L5/6-L6b),0.8497169738482272
5,66.29422788812194,111.26870406497446,3,6,L6 CT,inner (L5/6-L6b),0.8538868065064599
4,65.91175803009766,114.34273647878409,3,3,L5/6 NP,inner (L5/6-L6b),0.8654167540568265
6,66.10943014724938,116.08833531575341,3,7,L6 IT,inner (L5/6-L6b),0.8721378390970224
4,66.15699934983698,116.94648549812351,3,3,L5/6 NP,inner (L5/6-L6b),0.8751707782811636
0,67.05334587623054,1.0097644945351483,0,1,L2/3 IT,superficial (L2/3),0.04204570069599083
0,67.121182424983,2.020377593796212,0,1,L2/3 IT,superficial (L2/3),0.050674284444057235
0,66.99871451445854,3.125306661556435,0,1,L2/3 IT,superficial (L2/3),0.05921125498048865
0,66.86281494747185,4.113713961752911,0,1,L2/3 IT,superficial (L2/3),0.06771107226441511
0,66.99086162503451,6.215060381342249,0,1,L2/3 IT,superficial (L2/3),0.08486068522363904
1,66.97501341735249,10.226444589928697,0,2,L4/5 IT,superficial (L2/3),0.12149909570069005
0,67.66716505228369,11.912922973433911,0,1,L2/3 IT,superficial (L2/3),0.14778358946689715
0,67.09028660289842,15.723264799177201,0,1,L2/3 IT,superficial (L2/3),0.18311029687742156
0,66.72131045053733,18.796752673411827,0,1,L2/3 IT,superficial (L2/3),0.21329893060691113
2,66.72425324886608,20.114641539766147,0,5,L5 ET,superficial (L2/3),0.22259711506330965
0,66.7044900188826,21.501848793605777,0,1,L2/3 IT,superficial (L2/3),0.2394270316040799
0,66.65866101177949,22.183543722659167,0,1,L2/3 IT,superficial (L2/3),0.2394270316040799
0,66.93000818283792,32.67229817605328,0,1,L2/3 IT,superficial (L2/3),0.3084441832081276
2,67.03094163306726,33.021324924018835,0,5,L5 ET,superficial (L2/3),0.3084441832081276
0,66.76541864331014,35.69072613752989,1,1,L2/3 IT,middle (L4/5),0.3352893378266773
1,66.69765664441836,38.96050108802009,1,2,L4/5 IT,middle (L4/5),0.36486477325098776
1,66.96596098953162,43.248596385272585,1,2,L4/5 IT,middle (L4/5),0.4042411134264733
1,67.51842502432143,44.14352299040154,1,2,L4/5 IT,middle (L4/5),0.42050743352473274
0,66.97097753156885,54.27006743335682,1,1,L2/3 IT,middle (L4/5),0.4955602764346199
2,67.53863000503902,56.151573524058435,2,5,L5 ET,deep (L5),0.5142170170220346
1,67.01818541557928,58.86142833297322,2,2,L4/5 IT,deep (L5),0.5276503813259872
1,67.03347523062472,61.32783072568295,2,2,L4/5 IT,deep (L5),0.5421159918698285
6,66.95819390522797,63.987164426613944,2,7,L6 IT,deep (L5),0.565348504790215
2,66.8782363604958,65.00761186313046,2,5,L5 ET,deep (L5),0.5732310519879551
2,67.08042441057547,65.73009616293247,2,5,L5 ET,deep (L5),0.5810821281227984
3,66.77204031192903,68.7467895433244,2,4,L5 IT,deep (L5),0.6041288560446502
5,66.68830442136236,71.25610064503611,2,6,L6 CT,deep (L5),0.6190264129901568
3,67.07095789630378,75.92029776826628,2,4,L5 IT,deep (L5),0.6562136774589671
2,66.61098517832909,79.19256444764319,2,5,L5 ET,deep (L5),0.6789808272074349
6,66.6223440896206,79.61638669428712,2,7,L6 IT,deep (L5),0.6864612791672063
7,67.40487224872918,85.28289155078414,3,8,L6 IT Car3,inner (L5/6-L6b),0.7216851234117818
7,66.8380084247222,86.13527546417778,3,8,L6 IT Car3,inner (L5/6-L6b),0.7283548971442589
4,66.4919981534562,87.8619069882297,3,3,L5/6 NP,inner (L5/6-L6b),0.7321555567552276
4,66.96327146878973,89.84638588489894,3,3,L5/6 NP,inner (L5/6-L6b),0.754536330902679
4,66.69039105338913,91.38581772112245,3,3,L5/6 NP,inner (L5/6-L6b),0.7609475925888527
4,66.96290984141902,91.88498933781682,3,3,L5/6 NP,inner (L5/6-L6b),0.7672605864227112
4,66.9583019337393,94.870517786172,3,3,L5/6 NP,inner (L5/6-L6b),0.7853675966957415
5,66.71313974644413,95.87181796648885,3,6,L6 CT,inner (L5/6-L6b),0.7910899541464299
6,66.66166836710816,97.75249472124518,3,7,L6 IT,inner (L5/6-L6b),0.8021130361719564
6,67.19251326293424,99.04215372354174,3,7,L6 IT,inner (L5/6-L6b),0.8074550636578495
8,67.40230520370204,108.37898887929245,3,9,L6b,inner (L5/6-L6b),0.8521479630366796
8,66.90077400402122,110.01353466276078,3,9,L6b,inner (L5/6-L6b),0.8610243981255785
8,66.66424150878878,115.2001377292818,3,9,L6b,inner (L5/6-L6b),0.8805324545724728
0,67.6376487327129,12.269439628053512,0,1,L2/3 IT,superficial (L2/3),0.14778358946689715
0,68.24915940906027,13.10336723017748,0,1,L2/3 IT,superficial (L2/3),0.15794609727277148
7,68.03662209002123,15.403105272141275,0,8,L6 IT Car3,superficial (L2/3),0.17866051076443565
2,68.20490366286421,16.163401758447563,0,5,L5 ET,superficial (L2/3),0.18906451447872852
0,68.4014215387298,17.383956303280222,0,1,L2/3 IT,superficial (L2/3),0.1993729730801285
5,68.09421271994898,17.73808162680702,0,6,L6 CT,superficial (L2/3),0.20947112536168846
0,68.11536379323282,18.66828442537195,0,1,L2/3 IT,superficial (L2/3),0.21922826691034197
3,67.97966277685371,24.023440001605735,0,4,L5 IT,superficial (L2/3),0.25893114363958414
1,68.04022962055743,34.16609036271153,1,2,L4/5 IT,middle (L4/5),0.321761899245835
3,67.91777971846533,37.20464477078283,1,4,L5 IT,middle (L4/5),0.35073061126421173
1,68.13216506134644,39.469929316767235,1,2,L4/5 IT,middle (L4/5),0.37105188673332257
1,68.35860506737677,40.90126691824851,1,2,L4/5 IT,middle (L4/5),0.3912216472890043
1,67.7539267197117,42.964551769960764,1,2,L4/5 IT,middle (L4/5),0.4108909730672278
3,68.19288462843035,45.92946545281513,1,4,L5 IT,middle (L4/5),0.439253331585341
1,67.9081224329434,51.604940618562196,1,2,L4/5 IT,middle (L4/5),0.488362975272638
4,67.78941544372611,54.81934348641764,2,3,L5/6 NP,deep (L5),0.5079092745966722
4,68.06270618229283,57.30134177700063,2,3,L5/6 NP,deep (L5),0.5206595477835045
2,67.81069783437684,58.90962216527823,2,5,L5 ET,deep (L5),0.534330936920256
7,67.99028171184985,60.969824189346895,2,8,L6 IT Car3,deep (L5),0.5492102208208863
1,68.17707888242991,61.97881260342133,2,2,L4/5 IT,deep (L5),0.5570031955895133
2,67.86390842726964,64.83100973887235,2,5,L5 ET,deep (L5),0.5809243860977648
2,68.13947982507187,65.69208205948838,2,5,L5 ET,deep (L5),0.5888683470973951
4,67.6594260022666,68.51420163712464,2,3,L5/6 NP,deep (L5),0.6121390387050989
6,68.2134090330075,80.24544433179135,3,7,L6 IT,inner (L5/6-L6b),0.6951757270065787
6,67.89359890415882,81.18473671754943,3,7,L6 IT,inner (L5/6-L6b),0.7026059255176715
6,68.5332828681387,81.71542227083489,3,7,L6 IT,inner (L5/6-L6b),0.7189521759881434
7,68.25593048229781,82.95515230542492,3,8,L6 IT Car3,inner (L5/6-L6b),0.7170144611528372
4,67.90437738965892,91.10962035756575,3,3,L5/6 NP,inner (L5/6-L6b),0.7707874203502727
7,68.13938164135955,101.08394644477718,3,8,L6 IT Car3,inner (L5/6-L6b),0.8288099096152324
3,68.06757041108389,104.66146905466036,3,4,L5 IT,inner (L5/6-L6b),0.8490921263266415
4,67.90963023635801,105.7744346109361,3,3,L5/6 NP,inner (L5/6-L6b),0.8539591695890547
3,68.28782663720462,110.16491800318288,3,4,L5 IT,inner (L5/6-L6b),0.8723984068312326
5,67.9821464252619,112.19253872621353,3,6,L6 CT,inner (L5/6-L6b),0.8808522931458285
5,67.85350701986403,113.02242114286902,3,6,L6 CT,inner (L5/6-L6b),0.8848363978556532
5,67.92455690069012,117.09161814495155,3,6,L6 CT,inner (L5/6-L6b),0.8987971845895428
0,69.30304187893087,2.363247391410364,0,1,L2/3 IT,superficial (L2/3),0.06214925959027647
0,68.66332289909398,2.668677609343405,0,1,L2/3 IT,superficial (L2/3),0.07099365163071192
2,68.71236145831602,4.844868886887752,0,5,L5 ET,superficial (L2/3),0.08866490695914099
0,69.06927460388157,7.018148346579094,0,1,L2/3 IT,superficial (L2/3),0.10651000441506027
1,68.99177016029783,8.218790745496337,0,2,L4/5 IT,superficial (L2/3),0.11559121213010533
3,69.12722032767594,15.080308205521327,0,4,L5 IT,superficial (L2/3),0.1842794923399661
3,68.75236205498392,15.646105460735749,0,4,L5 IT,superficial (L2/3),0.19463879814347
0,69.11444040515224,17.747180271452937,0,1,L2/3 IT,superficial (L2/3),0.2150350811631809
0,68.92138320490652,21.082211775397482,0,1,L2/3 IT,superficial (L2/3),0.24270644077513762
0,68.80390704136761,22.103954851433436,0,1,L2/3 IT,superficial (L2/3),0.25061175784097345
0,69.14816528979682,24.855073959208575,0,1,L2/3 IT,superficial (L2/3),0.26976460617878734
0,68.76044128893658,26.001521327651762,0,1,L2/3 IT,superficial (L2/3),0.27496286535553055
2,69.16992997528587,31.1083799164776,0,5,L5 ET,superficial (L2/3),0.3026418354201333
0,68.9186154401045,32.14115329785789,0,1,L2/3 IT,superficial (L2/3),0.31003668693657516
2,69.06932301651925,35.23068759723148,1,5,L5 ET,middle (L4/5),0.3366830858842119
1,68.63164058695092,36.147604699509046,1,2,L4/5 IT,middle (L4/5),0.34662367741646444
1,69.1102627686126,40.03254357103945,1,2,L4/5 IT,middle (L4/5),0.38771443364019215
2,68.96343353280069,42.30730121355862,1,5,L5 ET,middle (L4/5),0.407774808084108
1,68.79045639964944,48.82763835289662,1,2,L4/5 IT,middle (L4/5),0.47187053402395923
1,69.16812474343996,51.57704835090675,1,2,L4/5 IT,middle (L4/5),0.4944512369239704
4,68.66336678000853,55.316785554755334,2,3,L5/6 NP,deep (L5),0.5141191594695042
4,68.67042837963231,56.265023627282986,2,3,L5/6 NP,deep (L5),0.5205673531035678
2,68.89183965061905,60.23374945677044,2,5,L5 ET,deep (L5),0.5488375844338489
3,68.87002913040229,62.182245543536865,2,4,L5 IT,deep (L5),0.5646138270731277
2,68.77448332808547,63.132755601444735,2,5,L5 ET,deep (L5),0.5727039739124618
2,69.02670259743563,64.71581644112258,2,5,L5 ET,deep (L5),0.5889199701070608
4,69.11141369868888,69.34883003531448,2,3,L5/6 NP,deep (L5),0.6204009772871878
4,68.857402612813,71.86112380772381,2,3,L5/6 NP,deep (L5),0.643103798937767
4,68.48950759392929,73.86639582243848,2,3,L5/6 NP,deep (L5),0.6495470202559224
3,69.19505470925748,75.01645878949985,2,4,L5 IT,deep (L5),0.6657728421802167
2,68.96757384180968,76.90425099863573,2,5,L5 ET,deep (L5),0.681126364976921
6,68.80648271238877,78.08138006135154,2,7,L6 IT,deep (L5),0.688835166860326
6,69.0749326613797,83.87595562991089,3,7,L6 IT,inner (L5/6-L6b),0.7332162410046327
4,68.64479220110277,86.10401480677528,3,3,L5/6 NP,inner (L5/6-L6b),0.7470289160981032
4,68.99893361300747,89.00835892186696,3,3,L5/6 NP,inner (L5/6-L6b),0.7673392257179246
4,69.15562459618083,90.06465345295646,3,3,L5/6 NP,inner (L5/6-L6b),0.774030405168556
5,68.9327313780052,91.97602544998664,3,6,L6 CT,inner (L5/6-L6b),0.7871888321737684
8,69.08518812267906,95.05784503276067,3,9,L6b,inner (L5/6-L6b),0.8059684707999623
6,68.75073087504381,95.89005388274549,3,7,L6 IT,inner (L5/6-L6b),0.8119137890982868
3,68.94398958123512,100.88019378120009,3,4,L5 IT,inner (L5/6-L6b),0.8396607126877093
4,69.16328323636722,103.01110434640667,3,3,L5/6 NP,inner (L5/6-L6b),0.8500888131017074
5,68.96601861225821,103.95366582270853,3,6,L6 CT,inner (L5/6-L6b),0.8551815433367089
4,68.8915876026044,109.42608435471764,3,3,L5/6 NP,inner (L5/6-L6b),0.8792965185045262
5,69.00282164459733,109.7656599610361,3,6,L6 CT,inner (L5/6-L6b),0.8837997955038608
0,70.10832822750962,-0.40308903286669845,0,1,L2/3 IT,superficial (L2/3),0.049216542254870634
1,70.47190788825287,3.1437319811414244,0,2,L4/5 IT,superficial (L2/3),0.07622376675018419
0,70.08036264683152,3.7015616332044425,0,1,L2/3 IT,superficial (L2/3),0.08522465316712262
0,69.66543804502743,5.086441575636999,0,1,L2/3 IT,superficial (L2/3),0.09422177406915874
1,70.17088701726095,12.06113155405768,0,2,L4/5 IT,superficial (L2/3),0.15913997708030309
1,69.76556127873991,12.92777092918726,0,2,L4/5 IT,superficial (L2/3),0.16905908484320206
0,69.46034633772912,15.948471905715015,0,1,L2/3 IT,superficial (L2/3),0.19463879814347
0,70.16936430024063,16.881509150017642,0,1,L2/3 IT,superficial (L2/3),0.21006680123276833
1,70.41369867301553,32.22244799053161,0,2,L4/5 IT,superficial (L2/3),0.31552443638261574
1,69.83258982753729,37.90768818103342,1,2,L4/5 IT,middle (L4/5),0.3736714340532124
1,69.99214950991687,40.91730977335566,1,2,L4/5 IT,middle (L4/5),0.4044758854066151
2,69.87613544894933,41.665469673130886,1,5,L5 ET,middle (L4/5),0.4144260070175786
1,70.26638180939678,42.8614172619629,1,2,L4/5 IT,middle (L4/5),0.42418962069052263
1,69.92327063099853,43.82580563599176,1,2,L4/5 IT,middle (L4/5),0.4337643675723631
1,69.73503916152663,48.17981221311329,1,2,L4/5 IT,middle (L4/5),0.4698539197513456
1,69.9523157860418,50.220844188081166,1,2,L4/5 IT,middle (L4/5),0.4860216710360925
7,70.18244249512585,57.998623882285706,2,8,L6 IT Car3,deep (L5),0.5412131952449131
2,69.9249684628617,62.77085348515385,2,5,L5 ET,deep (L5),0.5808477413511788
3,69.83173337335896,66.83510971359213,2,4,L5 IT,deep (L5),0.6132778730747024
4,69.86420314660143,68.11934903260217,2,3,L5/6 NP,deep (L5),0.6211350102371591
5,70.2514502531857,71.22615727079562,2,6,L6 CT,deep (L5),0.6442008178058183
4,69.91291251629772,73.98024559900509,2,3,L5/6 NP,deep (L5),0.6670242002205639
2,70.15826756222796,76.12283509439997,2,5,L5 ET,deep (L5),0.682403729667314
5,70.06088177255549,79.01006827240997,3,6,L6 CT,inner (L5/6-L6b),0.7056010249954643
4,70.18460973015043,82.82237411084911,3,3,L5/6 NP,inner (L5/6-L6b),0.7354056794781831
5,70.13352031856,83.95721575369612,3,6,L6 CT,inner (L5/6-L6b),0.7425297152433475
4,69.87273961554251,87.00104649417541,3,3,L5/6 NP,inner (L5/6-L6b),0.7633649440130635
4,70.13293339790823,88.03513791821878,3,3,L5/6 NP,inner (L5/6-L6b),0.7702104810277702
4,69.76593250612339,89.6500738084487,3,3,L5/6 NP,inner (L5/6-L6b),0.7837931968399212
4,70.06155493723458,94.1615828583864,3,3,L5/6 NP,inner (L5/6-L6b),0.809954970343092
7,70.22941792424619,94.93680047529168,3,8,L6 IT Car3,inner (L5/6-L6b),0.8161491758704924
4,70.12639507072804,97.8173799321269,3,3,L5/6 NP,inner (L5/6-L6b),0.83381936717134
5,69.64411762047479,99.22504199376485,3,6,L6 CT,inner (L5/6-L6b),0.83944597800684
4,69.98221450546731,99.83493955643657,3,3,L5/6 NP,inner (L5/6-L6b),0.8449649469485543
4,70.00017284461941,102.70255091320982,3,3,L5/6 NP,inner (L5/6-L6b),0.8609734529534102
7,70.23417883371994,108.20009269964679,3,8,L6 IT Car3,inner (L5/6-L6b),0.8859112417302577
4,69.93171511086287,110.81958619044015,3,3,L5/6 NP,inner (L5/6-L6b),0.8996210066908369
1,70.26317849223874,113.47346583129291,3,2,L4/5 IT,inner (L5/6-L6b),0.9080254833413579
0,70.98793301276108,1.1047380225560637,0,1,L2/3 IT,superficial (L2/3),0.06277705490311336
2,71.27324713276593,4.065736319097479,0,5,L5 ET,superficial (L2/3),0.09020290265880829
8,70.82042914473402,7.04135267651227,0,9,L6b,superficial (L2/3),0.11751778409925191
0,71.20116272404051,11.234262488366237,0,1,L2/3 IT,superficial (L2/3),0.15439166985247732
0,70.48202058218294,12.177446662424815,0,1,L2/3 IT,superficial (L2/3),0.15913997708030309
0,71.47766430044534,15.782759887484232,0,1,L2/3 IT,superficial (L2/3),0.20442223967719436
1,70.70736556822916,18.06439689454036,0,2,L4/5 IT,superficial (L2/3),0.22490774440913272
0,70.97882976220414,20.562361345425888,0,1,L2/3 IT,superficial (L2/3),0.25261459961907956
0,71.11102959990652,24.510324027585472,0,1,L2/3 IT,superficial (L2/3),0.27930726437699455
0,70.88239509997166,26.604434371492157,0,1,L2/3 IT,superficial (L2/3),0.28955860012201196
0,70.70233382176531,28.04515893879306,0,1,L2/3 IT,superficial (L2/3),0.29475745363582795
0,71.47579341956629,29.157543071411585,0,1,L2/3 IT,superficial (L2/3),0.30037803675842173
1,71.12264488983867,33.04012014955244,1,2,L4/5 IT,middle (L4/5),0.3301963631971617
4,70.97314338484237,39.7745018926187,1,3,L5/6 NP,middle (L4/5),0.4009872515447318
1,71.11386031475932,42.799984917444625,1,2,L4/5 IT,middle (L4/5),0.43071134556987994
1,71.04525041959671,52.10709329466063,1,2,L4/5 IT,middle (L4/5),0.5069112713636238
1,70.9232366390354,53.129778583031516,2,2,L4/5 IT,deep (L5),0.5138244873243076
7,70.96368655914095,59.0391272945867,2,8,L6 IT Car3,deep (L5),0.5564812986137143
2,71.042338975154,61.313418583673354,2,5,L5 ET,deep (L5),0.572690276666314
2,71.07176586482663,63.14004322963026,2,5,L5 ET,deep (L5),0.5893527534607919
1,70.95286085935338,63.76161176583171,2,2,L4/5 IT,deep (L5),0.5976506863565373
3,71.18992893707367,65.856052694732,2,4,L5 IT,deep (L5),0.6139463477165299
4,71.21233237045296,67.84272673713183,2,3,L5/6 NP,deep (L5),0.6297875073564225
4,71.08796090258821,71.76026210986974,2,3,L5/6 NP,deep (L5),0.6606462512618644
4,71.04919532182672,75.81628620501743,2,3,L5/6 NP,deep (L5),0.6915308516541789
5,71.19130746549419,81.20322960613933,3,6,L6 CT,inner (L5/6-L6b),0.7299976622620662
4,70.63584040112634,82.20802825664639,3,3,L5/6 NP,inner (L5/6-L6b),0.7374133409011607
6,70.91133157951441,83.90288307886429,3,7,L6 IT,inner (L5/6-L6b),0.7518676329640932
8,70.78036706817244,85.00698531097174,3,9,L6b,inner (L5/6-L6b),0.7589349745832685
4,70.85009689514897,87.03297712252699,3,3,L5/6 NP,inner (L5/6-L6b),0.7728733928249206
4,70.58672426836421,87.7031611392898,3,3,L5/6 NP,inner (L5/6-L6b),0.7797819047525785
7,70.95695142945377,88.98393035469032,3,8,L6 IT Car3,inner (L5/6-L6b),0.7866582676818941
5,70.88902697811398,93.21566157884527,3,6,L6 CT,inner (L5/6-L6b),0.8134992083124429
7,70.99476168377072,94.61322771843972,3,8,L6 IT Car3,inner (L5/6-L6b),0.8261895428526196
4,71.68671250093419,95.54616418927674,3,3,L5/6 NP,inner (L5/6-L6b),0.8422511123853362
4,71.05689707950944,98.14046684471613,3,3,L5/6 NP,inner (L5/6-L6b),0.844111616430988
4,71.01008473426646,99.45361973412527,3,3,L5/6 NP,inner (L5/6-L6b),0.8498284199760107
4,71.02134769894928,99.90187963250557,3,3,L5/6 NP,inner (L5/6-L6b),0.8554385481025668
4,70.98271296387179,100.72835752073142,3,3,L5/6 NP,inner (L5/6-L6b),0.8609527442668318
4,71.18578597162733,104.11439134115136,3,3,L5/6 NP,inner (L5/6-L6b),0.8769652486248931
4,71.0796565397838,106.07148837868544,3,3,L5/6 NP,inner (L5/6-L6b),0.8872046179986122
4,71.04766862181553,115.05669572484082,3,3,L5/6 NP,inner (L5/6-L6b),0.9273314552430771
4,70.95442320361985,116.1295048522364,3,3,L5/6 NP,inner (L5/6-L6b),0.9309130342628533
0,72.28037447462188,6.004118367266258,0,1,L2/3 IT,superficial (L2/3),0.11319736259852285
0,71.72741786923167,8.830996255164411,0,1,L2/3 IT,superficial (L2/3),0.14037679456513485
0,72.0929719215569,10.239165345610406,0,1,L2/3 IT,superficial (L2/3),0.14950161762757336
0,72.43296247408655,11.349770470412988,0,1,L2/3 IT,superficial (L2/3),0.15877036554471147
0,72.12404959204275,13.966456846534129,0,1,L2/3 IT,superficial (L2/3),0.1879919342653245
1,71.62784809736625,18.58808575779812,0,2,L4/5 IT,superficial (L2/3),0.23908499871319913
0,72.12048031203113,21.0044103234566,0,1,L2/3 IT,superficial (L2/3),0.25705600701494125
0,72.43085182276432,22.688260017596154,0,1,L2/3 IT,superficial (L2/3),0.2719528046386076
0,72.14941367505459,26.01730920845453,0,1,L2/3 IT,superficial (L2/3),0.28933822565526385
0,71.85686190837569,28.14514094360223,0,1,L2/3 IT,superficial (L2/3),0.30008691794626763
0,72.31278387712192,29.84345595184268,0,1,L2/3 IT,superficial (L2/3),0.3125935148655218
0,71.61641992926505,31.207198987380444,0,1,L2/3 IT,superficial (L2/3),0.3199323848984737
1,71.99382804310895,35.06552139342272,1,2,L4/5 IT,middle (L4/5),0.3562244947023534
1,71.88046907942484,36.39277549021815,1,2,L4/5 IT,middle (L4/5),0.36640510772700224
1,72.27936358158877,40.137713522723395,1,2,L4/5 IT,middle (L4/5),0.40753402682574924
1,72.05458965229737,43.96094680773481,1,2,L4/5 IT,middle (L4/5),0.44650480566929096
3,71.49332048810648,49.083765771365556,1,4,L5 IT,middle (L4/5),0.48435382934056637
1,72.16243692452639,49.54370686545173,1,2,L4/5 IT,middle (L4/5),0.49843819724169464
1,72.17649745804331,54.38125211748438,2,2,L4/5 IT,deep (L5),0.5274161635695513
1,72.19019105298601,54.713498203357375,2,2,L4/5 IT,deep (L5),0.53443012624061
2,71.62408361545722,60.01735447975252,2,5,L5 ET,deep (L5),0.5728967279465389
2,72.25304708657174,64.01847904518002,2,5,L5 ET,deep (L5),0.6064831070769164
3,72.03668235877217,65.21512224367403,2,4,L5 IT,deep (L5),0.6146930966444051
2,71.66528784196313,66.08858014723565,2,5,L5 ET,deep (L5),0.6227676352198651
4,72.01759091833277,68.13608445123991,2,3,L5/6 NP,deep (L5),0.6385705176248947
6,72.07207799139424,69.07106892669925,2,7,L6 IT,deep (L5),0.6463538771391705
5,72.12073165638434,69.63592649439333,2,6,L6 CT,deep (L5),0.6540982472870474
1,71.93287246134528,73.98563395752292,2,2,L4/5 IT,deep (L5),0.6850951115627162
3,72.13202091388695,76.64423916551615,3,4,L5 IT,inner (L5/6-L6b),0.7085258770339964
2,71.94330696708592,78.01989542912483,3,5,L5 ET,inner (L5/6-L6b),0.7163106048605388
5,72.05371621421406,80.03621925321193,3,6,L6 CT,inner (L5/6-L6b),0.7316866356004943
6,72.33500523721075,82.16942763808802,3,7,L6 IT,inner (L5/6-L6b),0.7466517785242064
8,72.32595121287868,83.24812374187556,3,9,L6b,inner (L5/6-L6b),0.7539570324349653
8,71.75227626441014,89.97148588469915,3,9,L6b,inner (L5/6-L6b),0.8030755897242637
5,71.69688198539762,92.12175622803726,3,6,L6 CT,inner (L5/6-L6b),0.8166301621414656
4,72.1383633865985,93.87449541381334,3,3,L5/6 NP,inner (L5/6-L6b),0.8297279896241787
4,71.9491913334513,96.15263066210181,3,3,L5/6 NP,inner (L5/6-L6b),0.8422511123853362
4,71.93512809376888,100.23269398911616,3,3,L5/6 NP,inner (L5/6-L6b),0.8657251513507389
4,72.01206915344673,100.99445292653289,3,3,L5/6 NP,inner (L5/6-L6b),0.8713337647062815
4,71.96799804943949,101.76278857495133,3,3,L5/6 NP,inner (L5/6-L6b),0.8768539167788494
4,72.26794558638524,103.19739867284277,3,3,L5/6 NP,inner (L5/6-L6b),0.8822880430524509
8,71.77156207013363,104.11491067456225,3,9,L6b,inner (L5/6-L6b),0.8876356020993086
5,72.28463960383549,109.01480616345287,3,6,L6 CT,inner (L5/6-L6b),0.9129718976398777
5,71.96828767655849,111.0456365747128,3,6,L6 CT,inner (L5/6-L6b),0.9222884352702573
5,71.87600033480034,111.94232310618311,3,6,L6 CT,inner (L5/6-L6b),0.9267128498411582
6,71.95839065569571,113.28668893709298,3,7,L6 IT,inner (L5/6-L6b),0.9309588049908886
5,72.03299803635045,113.87813771147258,3,6,L6 CT,inner (L5/6-L6b),0.935012878671505
0,72.4804067038784,1.8656494533542405,0,1,L2/3 IT,superficial (L2/3),0.07628938616178506
0,72.87480664169787,3.0516241969811615,0,1,L2/3 IT,superficial (L2/3),0.08985107818998918
0,73.25002087226208,4.604299716489323,0,1,L2/3 IT,superficial (L2/3),0.108436956577844
0,73.2747527163427,5.858709459860376,0,1,L2/3 IT,superficial (L2/3),0.11758638388473623
0,73.08287970541481,7.018097747079488,0,1,L2/3 IT,superficial (L2/3),0.12662157855034836
0,73.02011207011886,7.848359025518867,0,1,L2/3 IT,superficial (L2/3),0.13556947793245683
0,72.68789696192171,11.097613108754686,0,1,L2/3 IT,superficial (L2/3),0.16260376637001733
1,72.76415887795592,11.876063934153276,0,2,L4/5 IT,superficial (L2/3),0.1719757729215261
0,73.12776056892517,13.037731610997298,0,1,L2/3 IT,superficial (L2/3),0.18164709875398968
0,73.15353395911133,16.571035224641587,0,1,L2/3 IT,superficial (L2/3),0.2228315611693724
0,73.02716305745741,22.18328652847026,0,1,L2/3 IT,superficial (L2/3),0.2691687306518029
0,72.9339579054787,24.010887227059,0,1,L2/3 IT,superficial (L2/3),0.28275503563796583
1,72.62679881915389,27.6600227181122,0,2,L4/5 IT,superficial (L2/3),0.30571140434574007
0,72.7621548348299,29.160969148951818,0,1,L2/3 IT,superficial (L2/3),0.31201480816477495
1,73.18648644606645,32.21217374825643,1,2,L4/5 IT,middle (L4/5),0.33495647727760947
0,72.89358157498833,32.9103314241881,1,1,L2/3 IT,middle (L4/5),0.3439452083648401
3,73.22544083872468,34.21908537074184,1,4,L5 IT,middle (L4/5),0.3534415659137587
1,72.8718341444596,38.03473032800257,1,2,L4/5 IT,middle (L4/5),0.39375973951689824
0,73.19396292411798,38.82966173061777,1,1,L2/3 IT,middle (L4/5),0.4038803713948613
2,72.96813040757715,39.96869977563915,1,5,L5 ET,middle (L4/5),0.4138907099470236
2,72.93358375447015,42.202114440028836,1,5,L5 ET,middle (L4/5),0.4334934234047515
1,72.893801384676,43.82238652790904,1,2,L4/5 IT,middle (L4/5),0.45248663266966527
1,73.24231711807586,46.9020422705311,1,2,L4/5 IT,middle (L4/5),0.4796512056404582
1,72.53627219867889,48.8875524219994,1,2,L4/5 IT,middle (L4/5),0.49658202774872495
1,72.8322182620081,51.7904311419594,2,2,L4/5 IT,deep (L5),0.5198596066886089
4,72.93088689891559,53.02770756968957,2,3,L5/6 NP,deep (L5),0.5271901587688581
3,72.75919309934969,55.96868788955371,2,4,L5 IT,deep (L5),0.5492401304871288
2,72.39419743160444,60.90684524836211,2,5,L5 ET,deep (L5),0.581278834383929
5,73.1232846186358,63.33427075741647,2,6,L6 CT,deep (L5),0.607112271271801
5,72.68971338856312,63.976877191808654,2,6,L6 CT,deep (L5),0.6154528853044595
2,72.77896056281746,66.73599599146681,2,5,L5 ET,deep (L5),0.6395762974244199
4,72.66249906632517,70.06593927694288,2,3,L5/6 NP,deep (L5),0.6629117578569446
1,73.0018487465011,72.25164776566653,2,2,L4/5 IT,deep (L5),0.6784660783373048
4,72.74018168814645,72.91549395709583,2,3,L5/6 NP,deep (L5),0.6862867419622192
7,72.81052951464231,74.20365323679789,3,8,L6 IT Car3,inner (L5/6-L6b),0.6941340885739151
8,72.71128533944079,78.8161625866366,3,9,L6b,inner (L5/6-L6b),0.7332050616334307
5,73.2527666273485,80.39973346816016,3,6,L6 CT,inner (L5/6-L6b),0.7408378380593226
8,72.95352687764243,82.02177427628354,3,9,L6b,inner (L5/6-L6b),0.7557873324696592
8,73.3232307894848,87.30549380528666,3,9,L6b,inner (L5/6-L6b),0.7915821783569834
7,73.2153507739771,87.90742088444925,3,8,L6 IT Car3,inner (L5/6-L6b),0.7985931173087897
5,73.17522564615005,88.88419842712804,3,6,L6 CT,inner (L5/6-L6b),0.8055723803264464
5,72.92836461757497,90.61145431150887,3,6,L6 CT,inner (L5/6-L6b),0.819378183216771
7,73.40410160384889,95.49763889401716,3,8,L6 IT Car3,inner (L5/6-L6b),0.8457607400655971
7,73.03327599428043,99.77613630764543,3,8,L6 IT Car3,inner (L5/6-L6b),0.875827046207553
3,73.19608805827856,103.18313339700127,3,4,L5 IT,inner (L5/6-L6b),0.8926907461194199
4,72.82761383829337,104.7260908210647,3,3,L5/6 NP,inner (L5/6-L6b),0.9035075171244517
7,72.84755597437598,106.12448411628559,3,8,L6 IT Car3,inner (L5/6-L6b),0.9087801904946465
5,72.99501953379257,114.12509835474695,3,6,L6 CT,inner (L5/6-L6b),0.9463423427239613
6,72.85426845320427,114.96372024993534,3,7,L6 IT,inner (L5/6-L6b),0.9502519772115534
0,74.20898387224807,-0.08367022436333492,0,1,L2/3 IT,superficial (L2/3),0.06613721564915934
0,74.23021697033339,0.8392263555268423,0,1,L2/3 IT,superficial (L2/3),0.0753716931169736
0,74.14281763423199,7.208391550307154,0,1,L2/3 IT,superficial (L2/3),0.13062050797691138
0,73.99488713658525,10.954601869218248,0,1,L2/3 IT,superficial (L2/3),0.16597357321557749
0,73.99819390776263,13.108804716606304,0,1,L2/3 IT,superficial (L2/3),0.1848645745697227
0,74.054192033611,15.979089433590435,0,1,L2/3 IT,superficial (L2/3),0.21575107395667584
0,73.64285567848758,16.760138839937913,0,1,L2/3 IT,superficial (L2/3),0.2263570073462008
0,74.4388485142043,18.915051774787077,0,1,L2/3 IT,superficial (L2/3),0.24689877503203905
2,74.22253729381039,19.950458415543544,0,5,L5 ET,superficial (L2/3),0.25642798046262194
0,73.96879392128861,21.348154897742372,0,1,L2/3 IT,superficial (L2/3),0.265255680855834
0,74.1650071368851,26.646706095449304,0,1,L2/3 IT,superficial (L2/3),0.30537650355318247
0,74.14879335440695,30.876101334047906,1,1,L2/3 IT,middle (L4/5),0.3335857387606166
4,73.85491074224284,33.37462383618956,1,3,L5/6 NP,middle (L4/5),0.3512275039998732
1,73.90007184901775,34.13571088747312,1,2,L4/5 IT,middle (L4/5),0.36071165498386887
1,74.45327993564388,35.07287353464692,1,2,L4/5 IT,middle (L4/5),0.3704676184398845
8,74.1343868395855,35.81339645091674,1,9,L6b,middle (L4/5),0.38037768266219063
4,74.07102524421683,38.13191376083256,1,3,L5/6 NP,middle (L4/5),0.40029563172510724
1,73.97467704372337,41.84280194244828,1,2,L4/5 IT,middle (L4/5),0.43928566212800707
3,73.58273223904094,42.865079059177404,1,4,L5 IT,middle (L4/5),0.4487695354640668
0,74.3011852874744,45.79346502746295,1,1,L2/3 IT,middle (L4/5),0.47645549947109334
5,74.0126103414308,51.04129002462208,2,6,L6 CT,deep (L5),0.5186718855311797
1,73.9601360044775,52.99038116454033,2,2,L4/5 IT,deep (L5),0.5340475195882101
4,74.17686566686672,54.915581007197,2,3,L5/6 NP,deep (L5),0.5492684580055698
3,74.4333917128969,57.082174764351464,2,4,L5 IT,deep (L5),0.5650706024011232
2,74.3913373466307,57.68602607965063,2,5,L5 ET,deep (L5),0.5733124207909436
4,74.04930721169877,58.91638314994722,2,3,L5/6 NP,deep (L5),0.5817630374061408
3,73.66884904984921,60.62865611596169,2,4,L5 IT,deep (L5),0.5990005569776272
5,73.66227081853955,61.79382832469644,2,6,L6 CT,deep (L5),0.6076054755629674
5,73.87566987802687,63.816247370974644,2,6,L6 CT,deep (L5),0.6244163721007565
5,73.37301093601293,72.76681719236443,3,6,L6 CT,inner (L5/6-L6b),0.6862867419622192
5,73.89208025579586,78.70761572078759,3,6,L6 CT,inner (L5/6-L6b),0.7422253949862602
4,74.0762976139092,79.82154124785012,3,3,L5/6 NP,inner (L5/6-L6b),0.7498373078433167
5,74.30291696044495,81.38358327629271,3,6,L6 CT,inner (L5/6-L6b),0.7573483224994496
3,74.02869739993035,81.99615151449912,3,4,L5 IT,inner (L5/6-L6b),0.7647575562338157
5,73.67499613812757,83.86011469367907,3,6,L6 CT,inner (L5/6-L6b),0.7793073981665821
5,74.22172345747141,87.02539022404059,3,6,L6 CT,inner (L5/6-L6b),0.8006889239538968
5,73.58988249112603,88.14894055144623,3,6,L6 CT,inner (L5/6-L6b),0.8077495697566205
5,74.00925856441553,90.87789762378965,3,6,L6 CT,inner (L5/6-L6b),0.8286839433863646
2,74.0448989964871,92.63495982015203,3,5,L5 ET,inner (L5/6-L6b),0.8422358641177526
4,73.75500098160855,97.89308689767464,3,3,L5/6 NP,inner (L5/6-L6b),0.873893624498734
4,73.60793850766822,98.704751268159,3,3,L5/6 NP,inner (L5/6-L6b),0.8798741909272605
5,74.28293987017238,100.21832010749019,3,6,L6 CT,inner (L5/6-L6b),0.8857629584982488
5,74.02747583232666,109.90479228880903,3,6,L6 CT,inner (L5/6-L6b),0.9397026697449324
4,74.07394814578142,114.16837249463919,3,3,L5/6 NP,inner (L5/6-L6b),0.957516059381735
4,73.91986124112972,114.99881513687032,3,3,L5/6 NP,inner (L5/6-L6b),0.961483332426745
4,74.202685256615,117.17814050892184,3,3,L5/6 NP,inner (L5/6-L6b),0.9688115211935105
0,75.2101154107807,-0.41330953190532,0,1,L2/3 IT,superficial (L2/3),0.07046087469880402
0,75.12019643548255,2.5131802770999108,0,1,L2/3 IT,superficial (L2/3),0.0983337812745798
0,74.80845599050022,2.5500593306437565,0,1,L2/3 IT,superficial (L2/3),0.0983337812745798
0,74.61196266027868,4.003731583405339,0,1,L2/3 IT,superficial (L2/3),0.10758739238909096
0,74.91570352522693,6.125864333733484,0,1,L2/3 IT,superficial (L2/3),0.1256332239862022
0,75.23137945669417,7.175760189039618,0,1,L2/3 IT,superficial (L2/3),0.1343771769720439
0,75.00877130371514,12.819329212647952,0,1,L2/3 IT,superficial (L2/3),0.187743416848574
0,75.07812408746278,17.25608556807235,0,1,L2/3 IT,superficial (L2/3),0.2296606250773537
0,74.70458727271283,17.961045828617564,0,1,L2/3 IT,superficial (L2/3),0.24027888166244077
0,75.22240336406654,18.686388962788065,0,1,L2/3 IT,superficial (L2/3),0.25052864424412713
1,75.17677361305624,19.9034115933837,0,2,L4/5 IT,superficial (L2/3),0.26021495744487383
0,75.31716984023656,27.818778132322002,1,1,L2/3 IT,middle (L4/5),0.31777097278470634
1,75.30924351786749,30.34099013029325,1,2,L4/5 IT,middle (L4/5),0.3325554751611165
7,75.01388319873317,31.206994586983335,1,8,L6 IT Car3,middle (L4/5),0.34077081675050064
2,74.9933792974099,40.23502632915805,1,5,L5 ET,middle (L4/5),0.42580711597906734
3,74.74491165984155,45.11187378772113,1,4,L5 IT,middle (L4/5),0.47269278925521524
1,75.46373743358829,46.15564475270039,1,2,L4/5 IT,middle (L4/5),0.48182470784235026
0,75.09616621276477,49.03316803842298,1,1,L2/3 IT,middle (L4/5),0.5082832735533658
0,75.26157052760817,50.19918643620411,1,1,L2/3 IT,middle (L4/5),0.5167042764155881
2,75.21472676558172,51.41552264584319,2,5,L5 ET,deep (L5),0.5249220685029582
1,75.25640948248667,54.94740405812055,2,2,L4/5 IT,deep (L5),0.5568071179004171
5,74.92344046361075,57.90796139879296,2,6,L6 CT,deep (L5),0.581701711417806
6,74.73859020980713,58.83811860725572,2,7,L6 IT,deep (L5),0.5903448203510271
4,75.03949180999072,62.29780689446411,2,3,L5/6 NP,deep (L5),0.6164486552724876
5,74.78192567970189,64.14040737046254,2,6,L6 CT,deep (L5),0.6332266488850775
2,75.04802944598121,66.30654410338816,2,5,L5 ET,deep (L5),0.6492358745966569
4,74.96384183120654,72.05202260193096,3,3,L5/6 NP,inner (L5/6-L6b),0.6959340045477188
2,74.83357871890352,75.11188541010088,3,5,L5 ET,inner (L5/6-L6b),0.7197896781416145
4,74.819071526161,76.59927045028344,3,3,L5/6 NP,inner (L5/6-L6b),0.7355780261865226
4,74.44464876296179,80.16971211990236,3,3,L5/6 NP,inner (L5/6-L6b),0.7498373078433167
2,75.09426819367097,81.59188068371262,3,5,L5 ET,inner (L5/6-L6b),0.7735228554070318
4,75.01454738065748,84.05047535225376,3,3,L5/6 NP,inner (L5/6-L6b),0.7880909084571402
8,75.05545062803651,85.93794152614306,3,9,L6b,inner (L5/6-L6b),0.8024571415347703
5,74.77526590038144,90.9790269319971,3,6,L6 CT,inner (L5/6-L6b),0.8378111304880951
4,75.11048120963058,96.29621839947686,3,3,L5/6 NP,inner (L5/6-L6b),0.8710603346710415
4,74.81862643614419,98.77746591722219,3,3,L5/6 NP,inner (L5/6-L6b),0.8895760995112585
7,75.0986629393857,103.30821643848623,3,8,L6 IT Car3,inner (L5/6-L6b),0.9130450890014287
7,75.08935074486696,105.44886999557377,3,8,L6 IT Car3,inner (L5/6-L6b),0.9242972356410072
5,74.99743677806842,108.09151262331567,3,6,L6 CT,inner (L5/6-L6b),0.9404107958126787
7,74.74712920207894,116.96176763973608,3,8,L6 IT Car3,inner (L5/6-L6b),0.980027847766023
0,75.74420359072067,8.023781554678383,0,1,L2/3 IT,superficial (L2/3),0.1463388555848406
0,76.06600207007718,9.80346251223411,0,1,L2/3 IT,superficial (L2/3),0.16306543892561692
0,76.07522347146298,14.038358064638697,0,1,L2/3 IT,superficial (L2/3),0.20049761952463765
0,75.973111173407,14.969033112509527,0,1,L2/3 IT,superficial (L2/3),0.21104138279438453
0,75.64262185630672,20.9735959170758,0,1,L2/3 IT,superficial (L2/3),0.27316578954187576
0,75.88428121258107,25.062579992011152,0,1,L2/3 IT,superficial (L2/3),0.30346700050692516
2,75.87954168758543,26.378621651936275,1,5,L5 ET,middle (L4/5),0.31018814349629414
3,75.94412847812107,31.97533169271016,1,4,L5 IT,middle (L4/5),0.356852998641244
1,76.06601230128275,33.3716807009343,1,2,L4/5 IT,middle (L4/5),0.3659682688348996
0,76.23343786713001,35.97557355396164,1,1,L2/3 IT,middle (L4/5),0.3940461978580988
1,76.08346956632718,42.73806827902131,1,2,L4/5 IT,middle (L4/5),0.4592227860750526
0,76.06403956247289,47.75098701017943,1,1,L2/3 IT,middle (L4/5),0.5050551627799651
2,75.73225662472764,49.7641052119048,2,5,L5 ET,deep (L5),0.5225639948325215
2,75.91477075256002,50.62264337213555,2,5,L5 ET,deep (L5),0.5310663782519671
3,75.82586468530455,55.90842711917111,2,4,L5 IT,deep (L5),0.5726726625734461
4,76.09118347300107,57.17259099747878,2,3,L5/6 NP,deep (L5),0.5812296827264016
5,75.84277715852241,58.788335585217304,2,6,L6 CT,deep (L5),0.5987317298368456
5,76.20815132653176,63.72085616396632,2,6,L6 CT,deep (L5),0.6417556895556532
2,75.9888257293874,65.79653878784103,2,5,L5 ET,deep (L5),0.6576761706745831
4,75.88778946125154,68.9085833927352,2,3,L5/6 NP,deep (L5),0.6808499651672323
7,76.05047443732865,77.37658303808453,3,8,L6 IT Car3,inner (L5/6-L6b),0.7442068529379349
4,75.99662603987097,79.03338087078129,3,3,L5/6 NP,inner (L5/6-L6b),0.7596487996874277
7,76.19482094919418,86.18599234722559,3,8,L6 IT Car3,inner (L5/6-L6b),0.8111050267570122
4,75.76267621809652,103.12532568555842,3,3,L5/6 NP,inner (L5/6-L6b),0.9230477819475088
5,75.62309393871202,104.48175620594148,3,6,L6 CT,inner (L5/6-L6b),0.9288260814203432
4,75.71122464164996,110.28739690150482,3,3,L5/6 NP,inner (L5/6-L6b),0.9611470462597367
4,76.18670722286211,116.33855731503972,3,3,L5/6 NP,inner (L5/6-L6b),0.9874185241799704
6,76.05897730018853,117.37139110940825,3,7,L6 IT,inner (L5/6-L6b),0.9911283389439124
0,76.80419936135903,1.3443512242008437,0,1,L2/3 IT,superficial (L2/3),0.08930169555113078
4,77.12337327463338,3.0266337865257915,0,3,L5/6 NP,superficial (L2/3),0.1074291325728547
0,76.94549509628273,4.702145672830159,0,1,L2/3 IT,superficial (L2/3),0.12493363720037445
2,77.21725967188202,10.085323175034686,0,5,L5 ET,superficial (L2/3),0.165848837498135
0,76.61053055900646,13.190081591990864,0,1,L2/3 IT,superficial (L2/3),0.19296535874050164
2,77.03511755619488,16.26276393625009,0,5,L5 ET,superficial (L2/3),0.2248504147648337
0,76.55277812295512,16.981000622355772,0,1,L2/3 IT,superficial (L2/3),0.23600697088747363
1,77.34709792617777,18.157778314460444,0,2,L4/5 IT,superficial (L2/3),0.24703458136898615
0,76.60293574999659,26.12026010103209,1,1,L2/3 IT,middle (L4/5),0.31581120818800223
2,77.00429045488376,26.851929722475347,1,5,L5 ET,middle (L4/5),0.3230238650128911
0,76.96208820477266,29.037043570474186,1,1,L2/3 IT,middle (L4/5),0.3383606574595503
3,76.85220746944847,31.92375638526317,1,4,L5 IT,middle (L4/5),0.3641210123387804
2,76.90878633524959,32.94351725668657,1,5,L5 ET,middle (L4/5),0.37319424659726047
0,77.0041705670221,33.46667332558092,1,1,L2/3 IT,middle (L4/5),0.37319424659726047
0,77.25496229795246,36.99466949092114,1,1,L2/3 IT,middle (L4/5),0.40969500770321465
1,76.94190630990578,40.09592512296747,1,2,L4/5 IT,middle (L4/5),0.4367585468211421
1,77.36344581648007,42.96499124059701,1,2,L4/5 IT,middle (L4/5),0.46413377202418915
1,77.0448697784299,46.931280393570745,1,2,L4/5 IT,middle (L4/5),0.5011524763159434
3,76.74986636647118,48.00269275562333,1,4,L5 IT,middle (L4/5),0.5103154225556553
2,76.84343186395071,51.08101937346126,2,5,L5 ET,deep (L5),0.537076740790705
2,76.90078457677106,54.99557734843516,2,5,L5 ET,deep (L5),0.5715103865654538
2,76.98545050146836,56.16507208878699,2,5,L5 ET,deep (L5),0.5801925116734681
5,76.68382468218239,56.880260766581394,2,6,L6 CT,deep (L5),0.5889766779558627
1,76.76033390381382,60.135461227707935,2,2,L4/5 IT,deep (L5),0.6157053672214811
5,76.8269749367669,61.964462403401726,2,6,L6 CT,deep (L5),0.6332087602193831
6,77.12809330867641,64.12399573088301,2,7,L6 IT,deep (L5),0.6499095125826194
4,77.27525099011508,67.11129957559253,2,3,L5/6 NP,deep (L5),0.6735285071001885
3,76.76141655620542,71.7120560851791,3,4,L5 IT,inner (L5/6-L6b),0.7126352220544429
5,77.08301207561213,72.72301035175528,3,6,L6 CT,inner (L5/6-L6b),0.7206709855703269
5,76.82079056583626,76.06683105277895,3,6,L6 CT,inner (L5/6-L6b),0.7447273297993467
4,77.04807477816414,78.92735079199242,3,3,L5/6 NP,inner (L5/6-L6b),0.7680199639711721
5,76.73776500979413,83.95292935443163,3,6,L6 CT,inner (L5/6-L6b),0.8050187443528216
7,77.07890360552406,85.36417521012689,3,8,L6 IT Car3,inner (L5/6-L6b),0.812290845352681
4,76.60181028385716,90.21428802738001,3,3,L5/6 NP,inner (L5/6-L6b),0.8484456333685391
4,76.91030217916375,91.10741384067752,3,3,L5/6 NP,inner (L5/6-L6b),0.8555611825531443
4,77.00768023060212,94.09927775306184,3,3,L5/6 NP,inner (L5/6-L6b),0.8763365329490154
7,76.97036947237201,95.88710864341998,3,8,L6 IT Car3,inner (L5/6-L6b),0.8895994038818097
4,77.19097663557437,97.14145143085163,3,3,L5/6 NP,inner (L5/6-L6b),0.8960568405006082
4,76.6314884908559,98.82614499403587,3,3,L5/6 NP,inner (L5/6-L6b),0.9086744882648466
4,77.17548317086496,101.08904602539822,3,3,L5/6 NP,inner (L5/6-L6b),0.9209659578403102
5,76.59293866759262,105.66765128731488,3,6,L6 CT,inner (L5/6-L6b),0.9503355908097774
8,77.10023113791367,107.50898058916988,3,9,L6b,inner (L5/6-L6b),0.9613293063398032
4,76.79214398848849,109.99139407211555,3,3,L5/6 NP,inner (L5/6-L6b),0.9717023498441366
6,76.86621579179565,116.09040815724804,3,7,L6 IT,inner (L5/6-L6b),0.9983569972865727
3,78.29351280343316,3.122254148241542,0,4,L5 IT,superficial (L2/3),0.11236260324665466
1,78.12793609162067,8.245211451141062,0,2,L4/5 IT,superficial (L2/3),0.15283648810848818
0,78.06722617653597,13.460880834639102,0,1,L2/3 IT,superficial (L2/3),0.1955438174258899
0,78.09181077108605,14.858069199363172,0,1,L2/3 IT,superficial (L2/3),0.21663497508027052
2,77.74464989671775,20.85680571523491,0,5,L5 ET,superficial (L2/3),0.28135975965210774
0,78.0186502558167,22.616048404004516,0,1,L2/3 IT,superficial (L2/3),0.29865175068340016
0,77.94656007103585,22.996153660571633,0,1,L2/3 IT,superficial (L2/3),0.29865175068340016
0,78.28585010387387,24.0139020024098,0,1,L2/3 IT,superficial (L2/3),0.3064966345734896
2,78.07599572933998,27.08598909418839,1,5,L5 ET,middle (L4/5),0.3290851254397966
0,77.87617161501741,29.817962916382147,1,1,L2/3 IT,middle (L4/5),0.3535176722542994
0,77.90154237808558,35.22499401863151,1,1,L2/3 IT,middle (L4/5),0.3981647055318326
0,77.98643106969536,36.884393025394544,1,1,L2/3 IT,middle (L4/5),0.4158090176737371
1,77.69584741165298,37.56918590887496,1,2,L4/5 IT,middle (L4/5),0.4245469160794586
1,77.84179485588588,46.23667379791295,1,2,L4/5 IT,middle (L4/5),0.4968331988366285
1,77.90498710463818,47.97854971543924,1,2,L4/5 IT,middle (L4/5),0.5155027733838246
5,77.77513552773955,49.29468984549558,2,6,L6 CT,deep (L5),0.5247511040168189
2,77.92547230320977,50.80919279986422,2,5,L5 ET,deep (L5),0.5429446326760432
3,78.21171091479466,54.05998281633191,2,4,L5 IT,deep (L5),0.5696105207307335
1,77.95997733394137,55.76868447630523,2,2,L4/5 IT,deep (L5),0.587383361058517
2,77.91957449137033,58.07395367306382,2,5,L5 ET,deep (L5),0.6053797176344575
2,77.76345208820008,63.033061477779114,2,5,L5 ET,deep (L5),0.6494032035289898
2,78.0007116803951,64.86160634605625,2,5,L5 ET,deep (L5),0.6656620882432023
4,78.02015790681557,68.15271798410798,2,3,L5/6 NP,deep (L5),0.6890353608407762
4,77.97741376019438,69.02966021576286,3,3,L5/6 NP,inner (L5/6-L6b),0.6968121637677561
4,78.31408191117956,69.9759372709653,3,3,L5/6 NP,inner (L5/6-L6b),0.7046669315359989
7,78.16315289349899,75.99512313619259,3,8,L6 IT Car3,inner (L5/6-L6b),0.7528886774077398
4,78.32264590413105,77.95815785649921,3,3,L5/6 NP,inner (L5/6-L6b),0.7685319130197397
4,78.19021393384473,78.90875682909854,3,3,L5/6 NP,inner (L5/6-L6b),0.7761735674407367
5,77.73839228225346,79.75913941812632,3,6,L6 CT,inner (L5/6-L6b),0.7837066891753117
5,78.27572891130875,80.72588545441842,3,6,L6 CT,inner (L5/6-L6b),0.7911519361921943
5,77.53848635598824,86.98339400251703,3,6,L6 CT,inner (L5/6-L6b),0.8351410876602064
4,78.11297403117445,90.09826786413774,3,3,L5/6 NP,inner (L5/6-L6b),0.8570133796286343
4,77.86909831870724,98.02344884470216,3,3,L5/6 NP,inner (L5/6-L6b),0.91174678415999
7,77.70240735369552,100.15681562554597,3,8,L6 IT Car3,inner (L5/6-L6b),0.9244000148873502
5,77.79047083122947,103.17090621900246,3,6,L6 CT,inner (L5/6-L6b),0.9428272018180549
4,77.83639856272568,105.10993734912842,3,3,L5/6 NP,inner (L5/6-L6b),0.9547115774830075
4,78.72692543115664,106.78870514356704,3,3,L5/6 NP,inner (L5/6-L6b),0.976343768546069
7,78.04357376714187,108.05412211616195,3,8,L6 IT Car3,inner (L5/6-L6b),0.9716623521679045
6,77.93545510753216,111.8044934841544,3,7,L6 IT,inner (L5/6-L6b),0.9919536668105435
1,78.01783316265129,113.27609763009315,3,2,L4/5 IT,inner (L5/6-L6b),0.9965545065300726
0,78.98632092661785,0.6003228705929791,0,1,L2/3 IT,superficial (L2/3),0.10039814406815535
0,79.23928384244886,3.274154879970308,0,1,L2/3 IT,superficial (L2/3),0.1175418297990389
0,78.94200495391051,4.835655457908913,0,1,L2/3 IT,superficial (L2/3),0.13360496657205773
0,79.22844793599951,7.238735284493127,0,1,L2/3 IT,superficial (L2/3),0.14871646459932975
5,78.81256154256518,10.932732924357824,0,6,L6 CT,superficial (L2/3),0.17969169783152605
2,79.05050383358471,14.001613941669182,0,5,L5 ET,superficial (L2/3),0.20860092513733544
0,79.07145579169975,17.589578995115737,0,1,L2/3 IT,superficial (L2/3),0.25404300448686834
3,78.95228503013837,19.906485545960948,0,4,L5 IT,superficial (L2/3),0.275728232391442
0,78.87078913639155,23.016774043959668,0,1,L2/3 IT,superficial (L2/3),0.3034509843663063
4,79.05392621435496,24.847548953409305,1,3,L5/6 NP,middle (L4/5),0.3194487183005412
0,79.14703172088339,29.8674352045282,1,1,L2/3 IT,middle (L4/5),0.3602144351809704
0,79.37059306902934,31.136332728738545,1,1,L2/3 IT,middle (L4/5),0.3690560302940584
0,78.95771172318736,34.888877003196214,1,1,L2/3 IT,middle (L4/5),0.40461541138456303
0,79.43291272318771,36.30266585797601,1,1,L2/3 IT,middle (L4/5),0.41326264739071733
0,79.43633962250472,40.22561977191612,1,1,L2/3 IT,middle (L4/5),0.4474220376192349
1,79.18706695830441,41.109969526173735,1,2,L4/5 IT,middle (L4/5),0.4561271429668428
2,79.08212898138449,52.2295829704787,2,5,L5 ET,deep (L5),0.5578389367835445
1,78.73789957728333,56.169335990433346,2,2,L4/5 IT,deep (L5),0.594183223537016
2,78.9081283348992,57.708147801595736,2,5,L5 ET,deep (L5),0.6124473552425077
5,78.87810965631202,59.61610003622952,2,6,L6 CT,deep (L5),0.6305939822988745
5,78.90447852518167,72.18808715159749,3,6,L6 CT,inner (L5/6-L6b),0.728438701337199
7,79.10802276384682,73.87935067757047,3,8,L6 IT Car3,inner (L5/6-L6b),0.7447252885601537
5,78.96227601724125,78.78228777410354,3,6,L6 CT,inner (L5/6-L6b),0.784127102594647
5,79.01468215193101,80.76714628437104,3,6,L6 CT,inner (L5/6-L6b),0.7991061262803936
6,78.9339179699261,83.90747698600855,3,7,L6 IT,inner (L5/6-L6b),0.8212074041143569
3,79.324313942185,93.91066678561887,3,4,L5 IT,inner (L5/6-L6b),0.8941019803872909
5,79.53030827538143,99.91240256001996,3,6,L6 CT,inner (L5/6-L6b),0.9433037115889473
4,79.22803079827649,103.09017314645666,3,3,L5/6 NP,inner (L5/6-L6b),0.9526307390592482
6,78.98272881838473,104.80671166669462,3,7,L6 IT,inner (L5/6-L6b),0.9647192806022303
3,80.15863182042727,0.47233046160574726,0,4,L5 IT,superficial (L2/3),0.09755206228742773
2,79.80712713885111,2.0237671861740263,0,5,L5 ET,superficial (L2/3),0.11480510281227287
1,79.98014604156359,3.1536552561259565,0,2,L4/5 IT,superficial (L2/3),0.12289654940405483
0,80.13868893198232,5.039027620321866,0,1,L2/3 IT,superficial (L2/3),0.13811408406264758
1,79.59449381444544,6.372288143344969,0,2,L4/5 IT,superficial (L2/3),0.14533491092802303
0,79.87873930626536,9.048876129048745,0,1,L2/3 IT,superficial (L2/3),0.1667491218282696
2,79.6842806002659,18.391155350559494,0,5,L5 ET,superficial (L2/3),0.2577476252907856
8,80.28341406431234,18.945336557864277,0,9,L6b,superficial (L2/3),0.26907949851395474
0,80.2524684001714,20.108509277733205,0,1,L2/3 IT,superficial (L2/3),0.27986783405575083
0,79.7439079813952,21.952640455012702,0,1,L2/3 IT,superficial (L2/3),0.2994591194778948
0,79.76998617878843,22.88568187710348,1,1,L2/3 IT,middle (L4/5),0.30831708420767734
3,79.95444269277523,30.000243760671527,1,4,L5 IT,middle (L4/5),0.36664145802271053
0,80.31725421330256,33.988356439302315,1,1,L2/3 IT,middle (L4/5),0.4022232527048618
2,80.40711310733583,34.7564024232564,1,5,L5 ET,middle (L4/5),0.4108696223283824
4,79.81406054994065,36.247689074657835,1,3,L5/6 NP,middle (L4/5),0.4193690098800838
1,80.02632460878334,37.37607463449054,1,2,L4/5 IT,middle (L4/5),0.42776020481792854
0,79.8811872855817,38.945383124402355,1,1,L2/3 IT,middle (L4/5),0.4444649073948886
1,80.00632376940858,39.96331320661554,1,2,L4/5 IT,middle (L4/5),0.4529144671716401
2,79.8890257433075,42.99308259388635,1,5,L5 ET,middle (L4/5),0.4791990701369889
2,80.20542942742685,47.30149364375923,1,5,L5 ET,middle (L4/5),0.5164472477878643
5,79.894923405727,49.04192041995033,2,6,L6 CT,deep (L5),0.5354362412259146
2,79.89320840189635,50.14676729931202,2,5,L5 ET,deep (L5),0.5448833094971133
2,80.04005338807346,50.62622824696158,2,5,L5 ET,deep (L5),0.554269007155443
7,80.18257280640873,54.842597696137766,2,8,L6 IT Car3,deep (L5),0.5913294103337395
2,79.63797537487758,57.04037361973535,2,5,L5 ET,deep (L5),0.6098106183061224
3,79.89223202677228,61.008506861927025,2,4,L5 IT,deep (L5),0.6462382879073906
2,79.90393251192205,61.9597631451671,2,5,L5 ET,deep (L5),0.6549766429493193
2,79.84894536432463,62.67914444561316,2,5,L5 ET,deep (L5),0.6635002417870078
1,80.06227773464347,64.21143364165206,2,2,L4/5 IT,deep (L5),0.6718116915459107
2,80.06714432498471,65.96638242032711,2,5,L5 ET,deep (L5),0.6879333303350531
4,80.12323309592134,67.11178288178562,3,3,L5/6 NP,inner (L5/6-L6b),0.6958540845247537
4,80.05186448412024,70.1413784827888,3,3,L5/6 NP,inner (L5/6-L6b),0.7197380602764998
3,80.00600510923886,70.81932650465671,3,4,L5 IT,inner (L5/6-L6b),0.7278415691655612
4,80.08792988612204,73.09427421735425,3,3,L5/6 NP,inner (L5/6-L6b),0.7442110018118353
4,80.20480791708255,75.89857259482434,3,3,L5/6 NP,inner (L5/6-L6b),0.7685601884560648
6,79.71167904192308,76.79068611315351,3,7,L6 IT,inner (L5/6-L6b),0.7764703846327349
4,80.26571661808265,81.42017721185222,3,3,L5/6 NP,inner (L5/6-L6b),0.8069059506128216
5,80.07934262583541,82.36393657324832,3,6,L6 CT,inner (L5/6-L6b),0.8143162778447139
5,79.77808815371174,82.96573129253068,3,6,L6 CT,inner (L5/6-L6b),0.8217037380963375
5,79.80547564010847,84.11505226320794,3,6,L6 CT,inner (L5/6-L6b),0.8290925923008439
7,79.71116224132501,84.99637886441043,3,8,L6 IT Car3,inner (L5/6-L6b),0.836499141254266
5,80.07136436659526,89.08327895874106,3,6,L6 CT,inner (L5/6-L6b),0.8663274747864076
5,80.36465269666039,91.40086840582252,3,6,L6 CT,inner (L5/6-L6b),0.8811656659229034
5,79.79714257236127,92.03758850546721,3,6,L6 CT,inner (L5/6-L6b),0.8884888439025778
4,79.52184928653571,93.67615111463287,3,3,L5/6 NP,inner (L5/6-L6b),0.9028454346527727
5,79.99146072560738,95.12540041052651,3,6,L6 CT,inner (L5/6-L6b),0.9098558867800502
3,80.70927343704638,101.15452261032772,3,4,L5 IT,inner (L5/6-L6b),0.9591917534229275
4,79.59067538754367,101.64393600033038,3,3,L5/6 NP,inner (L5/6-L6b),0.9560939226736915
5,80.09253478354447,107.14453544447832,3,6,L6 CT,inner (L5/6-L6b),0.9864818832494755
3,79.6266006392254,107.88961785185283,3,4,L5 IT,inner (L5/6-L6b),0.9921553477851143
0,81.0017189967821,0.998093723029312,0,1,L2/3 IT,superficial (L2/3),0.1124096444518854
0,80.86980389521409,9.88440783010978,0,1,L2/3 IT,superficial (L2/3),0.17752787203880757
0,81.26799267608145,11.994455207026038,0,1,L2/3 IT,superficial (L2/3),0.19455809220606443
0,80.78537607828298,12.81610551405953,0,1,L2/3 IT,superficial (L2/3),0.20430217253691746
0,80.8447417308408,15.267462494764953,0,1,L2/3 IT,superficial (L2/3),0.22610390566847263
0,81.06090067961833,18.764146438069822,0,1,L2/3 IT,superficial (L2/3),0.27312503874183663
1,80.98368528049583,20.70727016484452,0,2,L4/5 IT,superficial (L2/3),0.2944498722006594
1,80.90977475133491,42.17699115002429,1,2,L4/5 IT,middle (L4/5),0.4758269030749741
1,81.08997557418043,42.69008848971766,1,2,L4/5 IT,middle (L4/5),0.48471154996124016
0,80.84313600803137,45.0683130075045,1,1,L2/3 IT,middle (L4/5),0.5030078372202995
1,81.09585173383189,52.56763911164314,2,2,L4/5 IT,deep (L5),0.578514053512581
8,80.9677872554438,61.859668983156155,2,9,L6b,deep (L5),0.6613450597038432
2,81.2237958019734,63.47939395455119,2,5,L5 ET,deep (L5),0.6699353191658576
4,80.76263411216023,67.29268896184804,3,3,L5/6 NP,inner (L5/6-L6b),0.7027005858564689
4,80.92554576004842,68.68443108505156,3,3,L5/6 NP,inner (L5/6-L6b),0.7188005947503479
5,81.28223544598384,75.90543491223274,3,6,L6 CT,inner (L5/6-L6b),0.7760896051612747
5,81.05050830717396,77.4154012593882,3,6,L6 CT,inner (L5/6-L6b),0.7840271721435501
2,80.79751380315926,77.79722883052357,3,5,L5 ET,inner (L5/6-L6b),0.7918314324203788
3,80.85064661131895,81.62211475727507,3,4,L5 IT,inner (L5/6-L6b),0.822012685626842
6,80.82401543675596,84.02122316701528,3,7,L6 IT,inner (L5/6-L6b),0.8368707205504717
7,81.50725488887934,86.30301535490626,3,8,L6 IT Car3,inner (L5/6-L6b),0.8596317468759056
5,80.79711621057828,86.91662696877417,3,6,L6 CT,inner (L5/6-L6b),0.8593518556411762
5,80.7848159461433,90.57823547557057,3,6,L6 CT,inner (L5/6-L6b),0.8894907815073638
6,80.61359254355514,91.90985782187741,3,7,L6 IT,inner (L5/6-L6b),0.8969192729979926
5,80.9756394023473,93.953215796024,3,6,L6 CT,inner (L5/6-L6b),0.9114976809860627
6,81.16004149680059,95.16288519121062,3,7,L6 IT,inner (L5/6-L6b),0.9186226790601987
5,80.98304608488634,102.60067168857607,3,6,L6 CT,inner (L5/6-L6b),0.9720597278388883
4,80.61063278263993,104.90488619320354,3,3,L5/6 NP,inner (L5/6-L6b),0.9845671772428748
1,82.05199929152856,0.2671605662581656,0,2,L4/5 IT,superficial (L2/3),0.10984772734052316
0,81.6066943980517,7.015439253537225,0,1,L2/3 IT,superficial (L2/3),0.1600901294062333
0,82.12182286089302,7.722403030424424,0,1,L2/3 IT,superficial (L2/3),0.1666342922440955
0,81.69762574840965,10.349327538030087,0,1,L2/3 IT,superficial (L2/3),0.18092322859298895
0,81.70697258922657,16.66479892803577,0,1,L2/3 IT,superficial (L2/3),0.2536358705524804
0,82.02932302530557,17.61942496183321,0,1,L2/3 IT,superficial (L2/3),0.26562084922814083
0,81.96116528494647,20.970633415485068,1,1,L2/3 IT,middle (L4/5),0.2989549123655501
2,82.14549611006757,22.443600762380687,1,5,L5 ET,middle (L4/5),0.308822417920387
1,82.01965367192344,29.786227187901567,1,2,L4/5 IT,middle (L4/5),0.37860409607879225
1,82.2627207995594,34.294420717346604,1,2,L4/5 IT,middle (L4/5),0.414266184571012
1,82.10207013800455,38.01119668486517,1,2,L4/5 IT,middle (L4/5),0.4478730340603007
4,82.29459279376785,39.720992645457905,1,3,L5/6 NP,middle (L4/5),0.4645343870334795
1,82.31879032668846,44.268629146150154,1,2,L4/5 IT,middle (L4/5),0.4995553903624839
4,81.49897516978066,48.13226598934305,2,3,L5/6 NP,deep (L5),0.5313097796212384
2,81.58335522791344,49.116057550341544,2,5,L5 ET,deep (L5),0.5462337057969999
2,81.834956993146,50.035650538861354,2,5,L5 ET,deep (L5),0.5556786084291454
2,82.0047600042206,51.70639198469037,2,5,L5 ET,deep (L5),0.574517374347651
3,81.95204847332292,54.280625293181096,2,4,L5 IT,deep (L5),0.5933091784476489
3,81.86797614305048,57.154145768805556,2,4,L5 IT,deep (L5),0.6215332244283585
3,82.04990655248534,59.02666450263396,2,4,L5 IT,deep (L5),0.6402277199744638
5,81.80266374540075,66.1584943415398,3,6,L6 CT,inner (L5/6-L6b),0.7011167714861661
7,81.8599203489437,68.4235885509182,3,8,L6 IT Car3,inner (L5/6-L6b),0.7174634263365035
7,82.06346709019817,71.18230962422463,3,8,L6 IT Car3,inner (L5/6-L6b),0.7421863184575943
7,82.12834490056922,71.75056925459774,3,8,L6 IT Car3,inner (L5/6-L6b),0.750505360977321
4,82.08745666614547,76.75070023370105,3,3,L5/6 NP,inner (L5/6-L6b),0.7913958849640609
5,82.05665970113714,81.25173598206935,3,6,L6 CT,inner (L5/6-L6b),0.8221088233289428
6,81.73385177104255,82.01002858507037,3,7,L6 IT,inner (L5/6-L6b),0.8295974304959793
6,81.76266462694039,83.12855301586974,3,7,L6 IT,inner (L5/6-L6b),0.8370707250483185
6,82.05136164214008,84.9844446015721,3,7,L6 IT,inner (L5/6-L6b),0.8520731116421194
8,81.89140576350599,87.0053765063341,3,9,L6b,inner (L5/6-L6b),0.8672311564105315
4,81.44097622004271,89.39907621461015,3,3,L5/6 NP,inner (L5/6-L6b),0.8744578422364717
5,82.07061224775842,89.97500928307299,3,6,L6 CT,inner (L5/6-L6b),0.8901333076758721
4,82.25776501647276,96.36366367386435,3,3,L5/6 NP,inner (L5/6-L6b),0.9344166306278383
6,82.12567635751608,98.29422126971343,3,7,L6 IT,inner (L5/6-L6b),0.948341622820043
5,81.81430675568909,99.17866791629729,3,6,L6 CT,inner (L5/6-L6b),0.9551605169822187
6,82.23586343857441,103.15138378991604,3,7,L6 IT,inner (L5/6-L6b),0.9816627947155531
5,81.69508556527427,104.2197681391608,3,6,L6 CT,inner (L5/6-L6b),0.9880830972126997
0,83.16290595305665,2.15193745271784,0,1,L2/3 IT,superficial (L2/3),0.1317727846425914
0,82.8911773455472,3.0013724083391833,0,1,L2/3 IT,superficial (L2/3),0.13886088344009945
0,82.75687052429318,4.825069605555514,0,1,L2/3 IT,superficial (L2/3),0.1517600192710344
1,82.66066031249525,8.447333404567676,0,2,L4/5 IT,superficial (L2/3),0.1704200288703323
0,83.20514100757666,9.068929978966747,0,1,L2/3 IT,superficial (L2/3),0.17720257971243605
0,82.77626242768741,10.575286739317285,0,1,L2/3 IT,superficial (L2/3),0.19270336504683078
4,83.09429659378233,14.954550776607276,0,3,L5/6 NP,superficial (L2/3),0.23367492109931573
0,82.85761267697868,19.164756477834406,0,1,L2/3 IT,superficial (L2/3),0.28155219801360537
2,82.7572326432793,22.758071680089987,1,5,L5 ET,middle (L4/5),0.32296623633978544
1,83.05964373371427,27.772661838740284,1,2,L4/5 IT,middle (L4/5),0.36639508549056
3,82.74646782124007,32.12001693184359,1,4,L5 IT,middle (L4/5),0.4022114194084969
0,83.0315246929474,38.48797072928888,1,1,L2/3 IT,middle (L4/5),0.4538595997313282
3,83.09581935640995,47.01724348221879,2,4,L5 IT,deep (L5),0.533064428878993
4,82.96808792809406,53.084619006385616,2,3,L5/6 NP,deep (L5),0.5890771941234277
4,82.73043072469775,54.189320053594166,2,3,L5/6 NP,deep (L5),0.598476254674417
4,82.68462629646837,59.763924249261635,2,3,L5/6 NP,deep (L5),0.6549629193705785
2,83.27402758309842,63.915693128231915,2,5,L5 ET,deep (L5),0.6904743129939432
5,83.04689223522038,67.89597079133618,3,6,L6 CT,inner (L5/6-L6b),0.7239618712235647
8,83.02811955790862,76.29139046956949,3,9,L6b,inner (L5/6-L6b),0.7905453027015639
5,82.94270143355637,77.09011833840339,3,6,L6 CT,inner (L5/6-L6b),0.7985755870434124
8,83.0070585309321,79.03582564513133,3,9,L6b,inner (L5/6-L6b),0.8142553355341481
5,82.80532128840782,82.76727073810014,3,6,L6 CT,inner (L5/6-L6b),0.8446068653906339
4,82.93189195571094,88.8323862372453,3,3,L5/6 NP,inner (L5/6-L6b),0.8904672635716646
4,82.90217741106457,90.13762095821531,3,3,L5/6 NP,inner (L5/6-L6b),0.8981870492619841
5,82.82419634025962,92.01045672218305,3,6,L6 CT,inner (L5/6-L6b),0.9135042651300961
8,82.89193371138826,97.2018033722057,3,9,L6b,inner (L5/6-L6b),0.9502178612740426
0,83.69668156671716,1.1488626284114323,0,1,L2/3 IT,superficial (L2/3),0.12935585214119505
0,83.84975232075445,1.9929381488540385,0,1,L2/3 IT,superficial (L2/3),0.13687912826281276
0,83.93379226739029,3.893652087074397,0,1,L2/3 IT,superficial (L2/3),0.15009723002566105
0,84.38830005782822,4.901574903962553,0,1,L2/3 IT,superficial (L2/3),0.15613872568310955
0,83.77989936268318,7.840728327945704,0,1,L2/3 IT,superficial (L2/3),0.17434312796359958
0,84.29895148452333,14.167432691782954,0,1,L2/3 IT,superficial (L2/3),0.2264014507821944
0,84.01399029911984,20.186520174547265,1,1,L2/3 IT,middle (L4/5),0.29727342615394525
3,84.23773449060246,23.989520596353174,1,4,L5 IT,middle (L4/5),0.3369183220600113
1,83.85296793130452,24.82591517487298,1,2,L4/5 IT,middle (L4/5),0.3457174497152211
1,83.92774617781264,25.872232663583564,1,2,L4/5 IT,middle (L4/5),0.35435824605972277
1,84.12562024117787,26.913173628328128,1,2,L4/5 IT,middle (L4/5),0.3629830803022915
2,83.72195548289943,34.80885199359647,1,5,L5 ET,middle (L4/5),0.43419849744032146
1,84.15569965230195,37.92100132247756,1,2,L4/5 IT,middle (L4/5),0.4598616324767678
1,84.05997290740476,40.04952439377329,1,2,L4/5 IT,middle (L4/5),0.4768878407240853
1,84.04578769279459,43.091747651327495,1,2,L4/5 IT,middle (L4/5),0.5029642056315757
1,83.74222006318404,43.89957854931571,1,2,L4/5 IT,middle (L4/5),0.5118333594096256
1,84.24310433804003,45.27305603967321,1,2,L4/5 IT,middle (L4/5),0.5207800094618167
2,84.09335212731982,46.05283076308897,2,5,L5 ET,deep (L5),0.5297913467836686
3,83.71900916726064,49.042415315951764,2,4,L5 IT,deep (L5),0.5570994702865052
2,84.11240708667525,51.20501240181314,2,5,L5 ET,deep (L5),0.5754742239175837
4,84.12798611488529,52.282511758796915,2,3,L5/6 NP,deep (L5),0.5847222405980573
1,83.79735779174186,53.33075033132382,2,2,L4/5 IT,deep (L5),0.594026434964576
5,84.12004739459569,53.904961239544875,2,6,L6 CT,deep (L5),0.603395480903586
4,83.74457596795708,54.842807480432704,2,3,L5/6 NP,deep (L5),0.6128336153240302
4,84.11877568016799,56.473752850063015,2,3,L5/6 NP,deep (L5),0.6223288534710876
4,84.15345734932585,58.056668888223854,2,3,L5/6 NP,deep (L5),0.6413798674092498
4,84.06681382651577,58.92402816494113,2,3,L5/6 NP,deep (L5),0.6508524523901409
5,84.14718484210496,60.744950050377284,2,6,L6 CT,deep (L5),0.6694637806729767
3,83.56851809815933,63.20803811512972,2,4,L5 IT,deep (L5),0.6874413701204398
7,83.83590888386799,64.88443687176229,3,8,L6 IT Car3,inner (L5/6-L6b),0.7048011718595396
6,83.62135499737252,66.97728272817375,3,7,L6 IT,inner (L5/6-L6b),0.7217823284288768
6,83.84011024667795,69.14706418721765,3,7,L6 IT,inner (L5/6-L6b),0.7386660600124336
8,83.79705483383887,69.9840713049452,3,9,L6b,inner (L5/6-L6b),0.7471252446084796
7,83.72561943138474,71.85890000649712,3,8,L6 IT Car3,inner (L5/6-L6b),0.7640716369333952
6,84.0272308542891,76.29470669746713,3,7,L6 IT,inner (L5/6-L6b),0.7974626977273456
5,84.10353527583273,77.21326993023843,3,6,L6 CT,inner (L5/6-L6b),0.8055619990913977
7,84.07099223150034,79.41826789915746,3,8,L6 IT Car3,inner (L5/6-L6b),0.8213905647205042
5,83.82518493840603,80.70724438629033,3,6,L6 CT,inner (L5/6-L6b),0.8368125483023475
5,84.3125667457704,82.28117842691236,3,6,L6 CT,inner (L5/6-L6b),0.8444358193370218
5,84.32516987086545,86.91314852068045,3,6,L6 CT,inner (L5/6-L6b),0.8827585603302076
4,84.20958007915249,87.49048913166466,3,3,L5/6 NP,inner (L5/6-L6b),0.8827585603302076
4,83.61050243667108,92.28362751017407,3,3,L5/6 NP,inner (L5/6-L6b),0.9216516886333784
8,84.1122010713841,92.90335618901695,3,9,L6b,inner (L5/6-L6b),0.9292973365709215
4,84.02322954399547,94.31083634729498,3,3,L5/6 NP,inner (L5/6-L6b),0.936850117458932
5,83.98962020387222,94.8739395650111,3,6,L6 CT,inner (L5/6-L6b),0.9442996145524265
8,84.05613568961824,98.11347352704287,3,9,L6b,inner (L5/6-L6b),0.9660238732194869
0,84.51961287713249,2.2495069888398436,0,1,L2/3 IT,superficial (L2/3),0.14150718632265757
0,84.69246618605062,2.8117362615288544,0,1,L2/3 IT,superficial (L2/3),0.14822620370072703
0,85.32782520904628,16.835895889866574,0,1,L2/3 IT,superficial (L2/3),0.2662963494203058
0,84.7207464744333,17.926832944188682,0,1,L2/3 IT,superficial (L2/3),0.27842500564629696
7,85.1491774984822,25.99896472752698,1,8,L6 IT Car3,middle (L4/5),0.3594524992326667
0,84.85432974972655,30.953850015388557,1,1,L2/3 IT,middle (L4/5),0.4036541730674526
0,84.66507913534006,31.89872396477297,1,1,L2/3 IT,middle (L4/5),0.41271594080337914
1,85.2150991501319,32.813446934813854,1,2,L4/5 IT,middle (L4/5),0.4217559676235371
1,84.83424923608816,36.03470115810307,1,2,L4/5 IT,middle (L4/5),0.448408787153967
1,84.72372853541694,37.24216481851881,1,2,L4/5 IT,middle (L4/5),0.45713311438351945
1,84.8518674422026,38.013434461876585,1,2,L4/5 IT,middle (L4/5),0.46581330656176184
1,84.63827838330458,39.16228454958806,1,2,L4/5 IT,middle (L4/5),0.47447959912885895
0,85.1245033425042,43.17296879204201,1,1,L2/3 IT,middle (L4/5),0.5093542531849942
2,84.8364084736853,46.97796623593171,2,5,L5 ET,deep (L5),0.5446683198043493
3,85.03750680711654,49.24401805064729,2,4,L5 IT,deep (L5),0.5624788249036078
4,84.95029670084183,52.95756313502806,2,3,L5/6 NP,deep (L5),0.5987905238495448
2,85.10448804959415,53.54808681496175,2,5,L5 ET,deep (L5),0.6081072455865003
3,84.90088972293677,54.74843640455475,2,4,L5 IT,deep (L5),0.6175357251202682
2,85.07599642864989,55.863577068961305,2,5,L5 ET,deep (L5),0.6270585579168464
2,85.18264137392286,58.94537211064314,2,5,L5 ET,deep (L5),0.6558095162542087
4,84.78660093292442,62.12942730851595,2,3,L5/6 NP,deep (L5),0.6838126907161488
4,85.25345323285318,64.77455276043875,3,3,L5/6 NP,inner (L5/6-L6b),0.710440124987363
5,84.51638477513967,68.03605892116487,3,6,L6 CT,inner (L5/6-L6b),0.7362362388541527
5,85.48568428842208,71.97842543829307,3,6,L6 CT,inner (L5/6-L6b),0.7704683618425872
4,85.06363658662772,74.0073489170936,3,3,L5/6 NP,inner (L5/6-L6b),0.787469634271078
5,84.43429052869065,77.85583304332665,3,6,L6 CT,inner (L5/6-L6b),0.8135361872003376
6,85.2071867639628,81.2711051217817,3,7,L6 IT,inner (L5/6-L6b),0.8439632477995507
5,85.49467746003006,81.83789175049566,3,6,L6 CT,inner (L5/6-L6b),0.8516741729192793
5,84.83211402164083,84.27378233886314,3,6,L6 CT,inner (L5/6-L6b),0.8670647172500586
6,85.41502150985399,87.40828016327015,3,7,L6 IT,inner (L5/6-L6b),0.890396752233611
6,84.80835585353516,89.11432447913145,3,7,L6 IT,inner (L5/6-L6b),0.906144349003327
6,85.33127272673936,89.9799981094142,3,7,L6 IT,inner (L5/6-L6b),0.9140282807454538
2,85.25997919939356,91.8511616167541,3,5,L5 ET,inner (L5/6-L6b),0.9296919570514827
5,85.04823829289668,96.14563030530465,3,6,L6 CT,inner (L5/6-L6b),0.9600638727488844
4,84.7625957281425,98.9809487793651,3,3,L5/6 NP,inner (L5/6-L6b),0.9818487022190397
5,84.63675679963582,99.92873060936525,3,6,L6 CT,inner (L5/6-L6b),0.9889578464959019
1,86.15628246169773,5.584580361363214,0,2,L4/5 IT,superficial (L2/3),0.17016154971527248
0,86.12256126425667,7.8921823051085225,0,1,L2/3 IT,superficial (L2/3),0.18251673612700592
0,85.89239346220182,8.984467188637671,0,1,L2/3 IT,superficial (L2/3),0.1894127778881371
0,86.38864095476157,9.782889857072224,0,1,L2/3 IT,superficial (L2/3),0.19698670608564667
1,86.04528273722221,10.85871229775247,0,2,L4/5 IT,superficial (L2/3),0.20534123170284188
0,85.67871051210614,16.103962615205326,0,1,L2/3 IT,superficial (L2/3),0.2586112445044171
0,85.94847979103336,17.077872292394094,0,1,L2/3 IT,superficial (L2/3),0.27071470037727524
0,85.97472968264353,19.09165376365724,1,1,L2/3 IT,middle (L4/5),0.2946923357293557
3,85.73312452977237,25.209529844829714,1,4,L5 IT,middle (L4/5),0.3556715400838773
1,86.35862822724555,26.2570190909646,1,2,L4/5 IT,middle (L4/5),0.36445556986633726
1,86.35938024479947,29.015617768147244,1,2,L4/5 IT,middle (L4/5),0.39068032710938194
3,85.95298814323762,35.00207559544385,1,4,L5 IT,middle (L4/5),0.4448286100862435
3,85.42938328194641,36.26839523708879,1,4,L5 IT,middle (L4/5),0.448408787153967
5,85.87926705434708,36.892109898353816,1,6,L6 CT,middle (L4/5),0.46274221915694763
1,85.99981327753868,37.76975987163446,1,2,L4/5 IT,middle (L4/5),0.47163959334488936
1,85.97696940728316,41.430963396451304,1,2,L4/5 IT,middle (L4/5),0.49817317137356626
0,85.68903363546936,43.41059080598846,1,1,L2/3 IT,middle (L4/5),0.5157192187490189
2,85.81061880744285,45.16931878801747,2,5,L5 ET,deep (L5),0.5331257937636215
2,86.05233091013162,47.80804899371201,2,5,L5 ET,deep (L5),0.5590954001541751
2,85.91657079009494,54.07261845848048,2,5,L5 ET,deep (L5),0.6126605502283
2,85.34874911725272,56.974157713415536,2,5,L5 ET,deep (L5),0.6366433517114185
5,85.82786951776835,63.682859942962914,3,6,L6 CT,inner (L5/6-L6b),0.7070323729169248
3,85.6301808724772,70.08395085303668,3,4,L5 IT,inner (L5/6-L6b),0.7593026923703171
5,86.25355093301457,71.21260184236905,3,6,L6 CT,inner (L5/6-L6b),0.7679552858888277
6,85.84023758008779,77.01703704668661,3,7,L6 IT,inner (L5/6-L6b),0.8189390160013522
5,86.30887037700607,81.05217699813602,3,6,L6 CT,inner (L5/6-L6b),0.8509667465430044
4,86.04560245580545,86.07122150596089,3,3,L5/6 NP,inner (L5/6-L6b),0.8900300639264763
5,86.09486672780187,86.82834476792047,3,6,L6 CT,inner (L5/6-L6b),0.8979340116597845
5,85.9237355632857,90.19972818587715,3,6,L6 CT,inner (L5/6-L6b),0.9217947787345545
4,86.00067021477372,91.11242908336018,3,3,L5/6 NP,inner (L5/6-L6b),0.9297284332438445
6,86.35825934436583,96.69330855334347,3,7,L6 IT,inner (L5/6-L6b),0.975803220758843
4,85.76296442401956,98.12554773098103,3,3,L5/6 NP,inner (L5/6-L6b),0.9831772742170447
0,87.11239805202982,-0.3118712985610539,0,1,L2/3 IT,superficial (L2/3),0.13339529271896172
2,86.97472464932522,1.0201186513416483,0,5,L5 ET,superficial (L2/3),0.14167237220233725
0,87.12126890074286,2.248318526927441,0,1,L2/3 IT,superficial (L2/3),0.14909938148163532
0,86.7162329338934,7.273971929726978,0,1,L2/3 IT,superficial (L2/3),0.18018729493908583
0,86.94208758156475,7.899567694759765,0,1,L2/3 IT,superficial (L2/3),0.1867046892592453
1,87.07626988463862,10.240285866355286,0,2,L4/5 IT,superficial (L2/3),0.20147037571631224
0,87.35759367289884,11.932051437923295,0,1,L2/3 IT,superficial (L2/3),0.2191794513455778
1,86.56760917172825,13.112551198032406,0,2,L4/5 IT,superficial (L2/3),0.22920803275407295
5,87.13390313157426,14.109248878984438,0,6,L6 CT,superficial (L2/3),0.23995332950378648
1,86.89279191052772,18.181795710584254,1,2,L4/5 IT,middle (L4/5),0.28714559220095714
0,86.87335290286691,19.174282489807677,1,1,L2/3 IT,middle (L4/5),0.29899989931206866
0,87.03246732804425,20.787530576135488,1,1,L2/3 IT,middle (L4/5),0.3215104454190443
1,86.82696597335257,23.857067629708514,1,2,L4/5 IT,middle (L4/5),0.3513965455924308
2,87.12001017488012,27.02405651710226,1,5,L5 ET,middle (L4/5),0.37807842319433527
1,86.99578135654637,28.059402517371655,1,2,L4/5 IT,middle (L4/5),0.38678732467587884
1,87.50772539834341,31.282897422869638,1,2,L4/5 IT,middle (L4/5),0.41794751266807345
1,86.78967059331613,33.278033672510944,1,2,L4/5 IT,middle (L4/5),0.431508144775689
2,87.33836938816081,44.03275998044418,2,5,L5 ET,deep (L5),0.5306325330493463
3,87.1386791416489,45.87511991430977,2,4,L5 IT,deep (L5),0.5476854504028698
4,86.35311997168118,46.805561309851335,2,3,L5/6 NP,deep (L5),0.5504376932599043
4,87.09152232010366,51.04503978193796,2,3,L5/6 NP,deep (L5),0.5901597339677893
4,86.60155729191116,52.3603675126855,2,3,L5/6 NP,deep (L5),0.5989471064094392
5,86.94426499917726,58.88875433950411,2,6,L6 CT,deep (L5),0.6653151872949324
4,87.17085391883172,64.04712000779242,3,3,L5/6 NP,inner (L5/6-L6b),0.712206631246444
4,87.01291329775687,70.2548406815449,3,3,L5/6 NP,inner (L5/6-L6b),0.7649860650699556
6,86.95620717819513,72.98100545961992,3,7,L6 IT,inner (L5/6-L6b),0.7911735262457332
6,86.79719096486788,75.9559192804947,3,7,L6 IT,inner (L5/6-L6b),0.8169359640914965
6,87.22454962484017,77.06767184973306,3,7,L6 IT,inner (L5/6-L6b),0.8253330826659745
5,86.46570848430302,80.20680481527047,3,6,L6 CT,inner (L5/6-L6b),0.8431026708161996
5,86.99171450037018,80.99480589984766,3,6,L6 CT,inner (L5/6-L6b),0.8578133865053511
4,87.3119475216812,81.50892849983907,3,3,L5/6 NP,inner (L5/6-L6b),0.8657303412127532
5,87.09584222086582,87.69773616745962,3,6,L6 CT,inner (L5/6-L6b),0.9133709218501425
5,86.88063147302356,88.87167584488459,3,6,L6 CT,inner (L5/6-L6b),0.9214063730287321
4,86.86007269055843,92.89002608929135,3,3,L5/6 NP,inner (L5/6-L6b),0.9532969152048579
1,87.17158665609556,94.08636062436828,3,2,L4/5 IT,inner (L5/6-L6b),0.9611123817290873
4,87.2487390087106,95.42507985887697,3,3,L5/6 NP,inner (L5/6-L6b),0.968842775876515
5,86.93264238679564,96.06438911964118,3,6,L6 CT,inner (L5/6-L6b),0.9764874171433164
4,87.32083024386134,98.06500234607016,3,3,L5/6 NP,inner (L5/6-L6b),0.9915428499538438
2,87.82702860872374,0.8454386308997263,0,5,L5 ET,superficial (L2/3),0.14449187622291945
0,87.96072158197339,1.7953282264307764,0,1,L2/3 IT,superficial (L2/3),0.15203881165367056
0,87.93786353101217,4.035331498708544,0,1,L2/3 IT,superficial (L2/3),0.16538356381514882
1,88.3885047696201,5.435970518317266,0,2,L4/5 IT,superficial (L2/3),0.17159454766720017
1,88.25742862558658,6.86924439561445,0,2,L4/5 IT,superficial (L2/3),0.1841682881870681
0,88.04799844709595,8.591442339449618,0,1,L2/3 IT,superficial (L2/3),0.19816311048412488
0,88.07436211918623,15.644385344904926,0,1,L2/3 IT,superficial (L2/3),0.2674691614010735
0,87.8041041597402,16.91466774842423,1,1,L2/3 IT,middle (L4/5),0.2793714800371202
1,87.586261260535,19.05927118289945,1,2,L4/5 IT,middle (L4/5),0.3031301018724115
2,88.14715222342468,21.028905029530286,1,5,L5 ET,middle (L4/5),0.3257031050715828
3,88.48932969113491,23.772645774915713,1,4,L5 IT,middle (L4/5),0.35594090592123173
1,87.9170226245407,29.88099737838831,1,2,L4/5 IT,middle (L4/5),0.4090575576237039
1,87.78582511764525,31.104695538020394,1,2,L4/5 IT,middle (L4/5),0.41794751266807345
1,88.33573929461484,32.42432715617391,1,2,L4/5 IT,middle (L4/5),0.4269498852609913
1,88.25249266567954,33.97960012385104,1,2,L4/5 IT,middle (L4/5),0.4452783448433168
1,88.19227466272936,41.064663996994405,1,2,L4/5 IT,middle (L4/5),0.5103280142595161
4,87.827291944579,45.86342178167834,2,3,L5/6 NP,deep (L5),0.5534776244318164
4,88.29458457008957,48.18754372557291,2,3,L5/6 NP,deep (L5),0.5699390722175011
5,88.23905718509319,49.28411585817886,2,6,L6 CT,deep (L5),0.5781666757363662
4,88.25898516146563,50.9172851032223,2,3,L5/6 NP,deep (L5),0.5949089321588413
2,88.11073088390935,53.08435432981527,2,5,L5 ET,deep (L5),0.6123999042671384
5,87.8717754158792,54.0147469601148,2,6,L6 CT,deep (L5),0.6215210801920117
2,88.2501510529142,55.88039099037583,2,5,L5 ET,deep (L5),0.6405026033648203
2,87.88120648612521,59.78681591488098,2,5,L5 ET,deep (L5),0.6797474631144196
4,88.02265977366994,68.0553226359174,3,3,L5/6 NP,inner (L5/6-L6b),0.752784500635428
4,87.963563601456,71.80622684554064,3,3,L5/6 NP,inner (L5/6-L6b),0.788095078402932
2,87.92245906064095,73.91291650391526,3,5,L5 ET,inner (L5/6-L6b),0.805689664288611
5,87.93264954922543,75.21175684220204,3,6,L6 CT,inner (L5/6-L6b),0.8144017535904488
7,88.46068118780435,76.33641856505412,3,8,L6 IT Car3,inner (L5/6-L6b),0.8230256574817525
6,87.96567441954981,78.43130281673947,3,7,L6 IT,inner (L5/6-L6b),0.8399451252257168
4,88.11067631985769,82.53147830710724,3,3,L5/6 NP,inner (L5/6-L6b),0.8805227791165959
4,87.94779273136193,85.9443536399774,3,3,L5/6 NP,inner (L5/6-L6b),0.9045613201836177
4,88.10464638269005,86.84282423444894,3,3,L5/6 NP,inner (L5/6-L6b),0.9126326449332518
2,88.34740714497116,89.06668166197899,3,5,L5 ET,inner (L5/6-L6b),0.9288390285508693
1,88.20527327527495,89.8369252325554,3,2,L4/5 IT,inner (L5/6-L6b),0.9369416338963337
5,88.0665482605078,91.68292083618142,3,6,L6 CT,inner (L5/6-L6b),0.953047296274335
0,88.96763772258664,-0.09616501287542459,0,1,L2/3 IT,superficial (L2/3),0.13823389628233465
2,88.96693664474758,1.2811809542314023,0,5,L5 ET,superficial (L2/3),0.14669960985608113
0,88.90085452130114,4.841681478643325,0,1,L2/3 IT,superficial (L2/3),0.1748585814635693
0,88.95973763499336,11.164061809236896,0,1,L2/3 IT,superficial (L2/3),0.21928069109679552
1,88.49025809976031,11.978911562035375,0,2,L4/5 IT,superficial (L2/3),0.22388999038702484
0,88.68650501610311,15.12398471005013,0,1,L2/3 IT,superficial (L2/3),0.2601892356726238
0,89.17034467704512,19.710580441255885,1,1,L2/3 IT,middle (L4/5),0.3184822114910441
1,88.81684574898262,23.278224543589722,1,2,L4/5 IT,middle (L4/5),0.35047829376606293
3,88.81007173352492,27.13367139832626,1,4,L5 IT,middle (L4/5),0.38743017885826014
1,88.95363077700311,29.5735152116564,1,2,L4/5 IT,middle (L4/5),0.41353092800357816
1,88.98707225338681,31.07355409320938,1,2,L4/5 IT,middle (L4/5),0.4223475924431342
0,88.46292037306267,31.922913429699893,1,1,L2/3 IT,middle (L4/5),0.4269498852609913
1,88.78127577711567,33.74606371074056,1,2,L4/5 IT,middle (L4/5),0.4496604794893638
0,88.89642468600397,36.44728496171187,1,1,L2/3 IT,middle (L4/5),0.46858718928706056
1,88.7543723862991,37.185413679534484,1,2,L4/5 IT,middle (L4/5),0.47818028993943407
3,88.97173892587769,38.018182416430996,1,4,L5 IT,middle (L4/5),0.4877887325171064
1,88.94660068011638,38.941536472847254,1,2,L4/5 IT,middle (L4/5),0.4973487556723761
1,88.71872594351613,40.944678567462454,1,2,L4/5 IT,middle (L4/5),0.5160744642423167
1,89.04424247180675,41.9264539273787,2,2,L4/5 IT,deep (L5),0.5251412906913185
3,89.0361986647113,42.74658181290121,2,4,L5 IT,deep (L5),0.5339768497406987
4,88.61326302306078,47.34799173921861,2,3,L5/6 NP,deep (L5),0.5672598271838468
7,88.91982285041459,49.22361347050425,2,8,L6 IT Car3,deep (L5),0.5833034966958621
6,89.06092533813583,54.97970023700349,2,7,L6 IT,deep (L5),0.6353151488736781
2,89.46934276104322,57.00240778647299,2,5,L5 ET,deep (L5),0.654767228481168
3,88.91215556096695,57.781391118054515,2,4,L5 IT,deep (L5),0.6646958969465674
2,88.68042425841956,59.01201193974956,2,5,L5 ET,deep (L5),0.6746320031134747
4,89.22356696212273,63.05521524601105,3,3,L5/6 NP,inner (L5/6-L6b),0.7130408557673055
5,88.95080976378176,63.972374966450076,3,6,L6 CT,inner (L5/6-L6b),0.7221955512066839
4,89.10965763241565,66.03609158644164,3,3,L5/6 NP,inner (L5/6-L6b),0.7401378319840235
2,88.90540064951585,67.98747020676475,3,5,L5 ET,inner (L5/6-L6b),0.7578794459140125
4,89.07451742600728,68.87412248790386,3,3,L5/6 NP,inner (L5/6-L6b),0.7667585689536597
4,89.12844942494227,71.1562340438977,3,3,L5/6 NP,inner (L5/6-L6b),0.7845907657791823
5,89.15523583687394,77.06922149813776,3,6,L6 CT,inner (L5/6-L6b),0.8375870055606933
7,88.6851523511395,80.21286630080168,3,8,L6 IT Car3,inner (L5/6-L6b),0.8628098228595027
4,88.97833305176746,85.11882236421525,3,3,L5/6 NP,inner (L5/6-L6b),0.9034677524054443
4,89.24042398536642,86.0250613082488,3,3,L5/6 NP,inner (L5/6-L6b),0.9115989144052917
5,89.17169425794398,88.05084676942685,3,6,L6 CT,inner (L5/6-L6b),0.927932019723513
5,89.22941531282446,89.18943212669033,3,6,L6 CT,inner (L5/6-L6b),0.9361145507454119
8,89.33150232900147,90.80659649448953,3,9,L6b,inner (L5/6-L6b),0.952431105323591
5,89.33431237991141,91.80086974977357,3,6,L6 CT,inner (L5/6-L6b),0.9605316034833028
0,90.0330715393661,0.2810192269057258,0,1,L2/3 IT,superficial (L2/3),0.13972642469397212
0,89.83706998890842,2.9108706150575445,0,1,L2/3 IT,superficial (L2/3),0.16380444407885766
0,90.04708673085226,5.252188462166454,0,1,L2/3 IT,superficial (L2/3),0.17787093537077364
0,89.69831981676136,5.8422108896328195,0,1,L2/3 IT,superficial (L2/3),0.1847989735179175
0,90.37346403797704,8.796028996186505,0,1,L2/3 IT,superficial (L2/3),0.20696675584389643
0,89.64477840571446,11.305509281407842,0,1,L2/3 IT,superficial (L2/3),0.22392480475115478
0,89.94972002942373,13.504256270179381,0,1,L2/3 IT,superficial (L2/3),0.25349588584407223
1,89.94181939691269,18.047467652481114,1,2,L4/5 IT,middle (L4/5),0.2988720156174018
1,90.07901776389934,19.370543114026546,1,2,L4/5 IT,middle (L4/5),0.3105097698375071
1,89.73337131906838,22.15561211782198,1,2,L4/5 IT,middle (L4/5),0.3439096773625351
2,90.06828311181565,24.076019029312604,1,5,L5 ET,middle (L4/5),0.3641613342075014
2,89.45849917135857,25.857696360156456,1,5,L5 ET,middle (L4/5),0.3786073198126272
0,89.80933221735573,26.92983633246326,1,1,L2/3 IT,middle (L4/5),0.39173489970162745
1,90.18330889124557,28.913304487197756,1,2,L4/5 IT,middle (L4/5),0.4091230505048701
1,89.99059954016282,29.832528817181295,1,2,L4/5 IT,middle (L4/5),0.4177831178344946
1,89.63171866650353,32.85043379410888,1,2,L4/5 IT,middle (L4/5),0.44449607700370436
1,90.02784338415368,36.054318743078845,1,2,L4/5 IT,middle (L4/5),0.4729715189765322
0,89.65716340490498,42.26196748502908,2,1,L2/3 IT,deep (L5),0.530792461648706
6,89.79812159902002,44.173939807485404,2,7,L6 IT,deep (L5),0.5483332769010985
4,90.00617346117974,46.99291896234415,2,3,L5/6 NP,deep (L5),0.5727545612855652
4,89.79863491721783,49.72257560666346,2,3,L5/6 NP,deep (L5),0.5963811047738261
2,89.74869915739649,61.07467331824934,3,5,L5 ET,inner (L5/6-L6b),0.6990059465891547
5,89.90429963100891,61.82502457408396,3,6,L6 CT,inner (L5/6-L6b),0.708563861133163
4,89.85632116849663,63.25574742400415,3,3,L5/6 NP,inner (L5/6-L6b),0.7179146630054734
7,89.94789597745971,69.09746419047866,3,8,L6 IT Car3,inner (L5/6-L6b),0.7717759091370765
2,89.98057205221085,72.84481032302449,3,5,L5 ET,inner (L5/6-L6b),0.8078682504073298
2,90.25264986518916,73.82923631212402,3,5,L5 ET,inner (L5/6-L6b),0.8168878519430661
2,89.74238840535813,76.02811547842627,3,5,L5 ET,inner (L5/6-L6b),0.8347184520425637
5,90.21274091021009,76.57856928707096,3,6,L6 CT,inner (L5/6-L6b),0.8434801213863179
5,89.77859834320508,87.0232467563203,3,6,L6 CT,inner (L5/6-L6b),0.926704398000878
5,89.83658068392104,92.08853026546316,3,6,L6 CT,inner (L5/6-L6b),0.9678432956922383
3,90.12798784443608,94.08028508510091,3,4,L5 IT,inner (L5/6-L6b),0.9840276897046878
4,89.77575424601226,96.32130248264268,3,3,L5/6 NP,inner (L5/6-L6b),0.99998449237855
0,91.11052883181279,-0.07108944336330703,0,1,L2/3 IT,superficial (L2/3),0.14067493160258568
0,91.18571598826108,5.913392856030387,0,1,L2/3 IT,superficial (L2/3),0.18802469116421366
0,90.77823379995637,7.84830553812872,0,1,L2/3 IT,superficial (L2/3),0.20325420998090016
0,90.87066288561697,11.873142079263411,0,1,L2/3 IT,superficial (L2/3),0.23777429717747692
3,90.88308383464688,16.198661982557315,1,4,L5 IT,middle (L4/5),0.279385641794827
0,91.01425296990428,17.291082687421003,1,1,L2/3 IT,middle (L4/5),0.2906853428777398
5,90.71471769960536,18.9418809627125,1,6,L6 CT,middle (L4/5),0.3136544356609464
3,90.60934104001592,23.018394483120368,1,4,L5 IT,middle (L4/5),0.3576053831966516
1,91.12091053840732,24.10104548917422,1,2,L4/5 IT,middle (L4/5),0.36768840380121354
3,90.83450943116692,25.30854486608785,1,4,L5 IT,middle (L4/5),0.37737010822729683
3,91.12041191445958,27.02163654366217,1,4,L5 IT,middle (L4/5),0.3957019106594004
2,91.05858807845199,28.089564725222782,1,5,L5 ET,middle (L4/5),0.40449177642039036
1,91.02515751104941,28.846264712139348,1,2,L4/5 IT,middle (L4/5),0.41314925536245145
0,90.98358026365953,31.141170876146557,1,1,L2/3 IT,middle (L4/5),0.43045434284828726
3,90.8791650651665,34.76913963035409,1,4,L5 IT,middle (L4/5),0.46724416081938364
1,91.55000313431788,38.14693284032618,1,2,L4/5 IT,middle (L4/5),0.5014655037726269
3,91.03599915663297,45.198003300381906,2,4,L5 IT,deep (L5),0.5623195865847154
3,90.94374403138359,56.628907156839226,2,4,L5 IT,deep (L5),0.6639723417647906
2,91.1873550160694,57.84389112323427,2,5,L5 ET,deep (L5),0.6740180440254344
3,91.08319239136193,59.55259665914927,2,4,L5 IT,deep (L5),0.6940474443095985
4,91.21370898889728,59.856944134329325,2,3,L5/6 NP,deep (L5),0.6940474443095985
4,91.19123278379027,66.97727316974733,3,3,L5/6 NP,inner (L5/6-L6b),0.7588038946534437
5,91.04003957778232,69.19605330802241,3,6,L6 CT,inner (L5/6-L6b),0.7767119703128688
5,91.42677177184326,69.88110570124678,3,6,L6 CT,inner (L5/6-L6b),0.7857576599055377
5,90.91539571437178,71.09477185648728,3,6,L6 CT,inner (L5/6-L6b),0.7948647400820339
5,90.9587991241806,72.20694738305276,3,6,L6 CT,inner (L5/6-L6b),0.8040125197243582
4,90.6538817154338,72.7656921973676,3,3,L5/6 NP,inner (L5/6-L6b),0.8131722084641002
7,90.7062063766026,74.95162948159484,3,8,L6 IT Car3,inner (L5/6-L6b),0.8313824594840162
4,91.27618577699135,75.9985276586181,3,3,L5/6 NP,inner (L5/6-L6b),0.8403670149445882
5,90.90045168747167,79.0021485401172,3,6,L6 CT,inner (L5/6-L6b),0.8666105030663825
5,91.34452706372042,80.16191260792374,3,6,L6 CT,inner (L5/6-L6b),0.8751229093166273
4,91.06625075118791,86.23685944959284,3,3,L5/6 NP,inner (L5/6-L6b),0.9251345399052094
6,90.57321114426838,92.97459607622653,3,7,L6 IT,inner (L5/6-L6b),0.983171943023371
5,91.2903119141261,94.04809268010507,3,6,L6 CT,inner (L5/6-L6b),0.9913239725132612
1,91.83669587491566,3.9024884966347435,0,2,L4/5 IT,superficial (L2/3),0.1751354634251347
0,91.93475585771685,4.957233804621695,0,1,L2/3 IT,superficial (L2/3),0.18309639440588354
0,91.60946028215568,5.7586957014160625,0,1,L2/3 IT,superficial (L2/3),0.19102642795179683
0,91.77904110449468,9.193489359038077,0,1,L2/3 IT,superficial (L2/3),0.21548888404690733
0,91.66778566098272,10.771597984993257,0,1,L2/3 IT,superficial (L2/3),0.2329936699547954
3,92.03087495048187,21.966232470503662,1,4,L5 IT,middle (L4/5),0.34988068670846384
2,92.15708454094852,26.11886269828088,1,5,L5 ET,middle (L4/5),0.3901258577460848
1,92.09271835647361,34.96709316178375,1,2,L4/5 IT,middle (L4/5),0.4709213745734972
8,92.20907470843291,36.87768845327529,1,9,L6b,middle (L4/5),0.49112127210444395
1,92.19272012626823,41.97895487734064,2,2,L4/5 IT,deep (L5),0.5415300124868426
3,92.30650073970747,43.79598018638003,2,4,L5 IT,deep (L5),0.5595003580425295
4,92.20792200067544,44.97664428813875,2,3,L5/6 NP,deep (L5),0.5678898226229345
6,92.21460507427783,47.734504587176616,2,7,L6 IT,deep (L5),0.5913702461360438
3,91.93916442687252,51.94217018852319,2,4,L5 IT,deep (L5),0.6224855836612248
0,91.99661849517577,52.97861747029762,2,1,L2/3 IT,deep (L5),0.630949609554337
2,91.63272386635688,56.771074540470636,2,5,L5 ET,deep (L5),0.668714212030948
2,91.88540193124173,58.94372232843512,2,5,L5 ET,deep (L5),0.6888887283407179
5,91.82211922039433,60.51008389337218,3,6,L6 CT,inner (L5/6-L6b),0.7087035515039571
2,92.26171785155415,61.20006796903851,3,5,L5 ET,inner (L5/6-L6b),0.7087035515039571
4,92.12386528395466,61.82575593771303,3,3,L5/6 NP,inner (L5/6-L6b),0.7182907791689636
2,92.04612776246482,64.55706813096671,3,5,L5 ET,inner (L5/6-L6b),0.7458069562473384
5,91.63726210824171,70.80022360834027,3,6,L6 CT,inner (L5/6-L6b),0.7999110363017436
7,92.35707812752746,72.74499609553656,3,8,L6 IT Car3,inner (L5/6-L6b),0.8184087765832694
7,92.23036807571499,73.8707697761328,3,8,L6 IT Car3,inner (L5/6-L6b),0.8276453959547988
5,92.0442502654317,81.73137126149572,3,6,L6 CT,inner (L5/6-L6b),0.8979971605731043
5,92.08652566898698,85.02327450207387,3,6,L6 CT,inner (L5/6-L6b),0.9232009472286308
1,92.36699955168845,87.11669235538099,3,2,L4/5 IT,inner (L5/6-L6b),0.94001543774927
7,91.96796808705349,90.4821026488851,3,8,L6 IT Car3,inner (L5/6-L6b),0.9652228182413205
7,91.93442205547068,91.35601134201868,3,8,L6 IT Car3,inner (L5/6-L6b),0.9735828414630486
5,92.02711381953621,93.78321309755404,3,6,L6 CT,inner (L5/6-L6b),0.9984372466761576
0,93.0555311856476,4.300197869351332,0,1,L2/3 IT,superficial (L2/3),0.1767135235002733
0,92.8736291707466,5.661941113628008,0,1,L2/3 IT,superficial (L2/3),0.19376522382036795
0,93.11017156023856,6.878857989322819,0,1,L2/3 IT,superficial (L2/3),0.2022872065116126
1,93.70434681802689,10.080801476877747,0,2,L4/5 IT,superficial (L2/3),0.232606429313554
0,92.63594023124105,11.694623058926165,0,1,L2/3 IT,superficial (L2/3),0.24662971969900863
0,92.92020471710254,14.963126096224606,1,1,L2/3 IT,middle (L4/5),0.27589297440267996
3,93.00585830287223,17.069760602811648,1,4,L5 IT,middle (L4/5),0.29693425349107877
1,93.00788510308278,18.65589989114384,1,2,L4/5 IT,middle (L4/5),0.31895357612807507
3,93.02910213325384,21.875110937740544,1,4,L5 IT,middle (L4/5),0.35224564914822576
1,93.10565447904197,27.16648228948794,1,2,L4/5 IT,middle (L4/5),0.4024195589193712
4,92.74480449675907,30.81433394617824,1,3,L5/6 NP,middle (L4/5),0.4373892326326013
1,92.93327525976214,31.62582693749938,1,2,L4/5 IT,middle (L4/5),0.44615336924913634
1,92.98460053885907,36.09775525536091,1,2,L4/5 IT,middle (L4/5),0.4844537476397244
1,92.72794162807511,37.96364412000955,1,2,L4/5 IT,middle (L4/5),0.5054893935295942
1,93.06912280190969,38.889130645478346,1,2,L4/5 IT,middle (L4/5),0.5161134739278369
4,92.97105115926895,40.85299342583796,2,3,L5/6 NP,deep (L5),0.5368091257507805
3,93.27248063056652,45.130679856661395,2,4,L5 IT,deep (L5),0.5733825785656359
2,92.76853345575319,49.076114563705325,2,5,L5 ET,deep (L5),0.6042741222683613
2,92.78619671830157,51.29547111050436,2,5,L5 ET,deep (L5),0.6195061212752333
1,92.68599097486268,52.13824535194535,2,2,L4/5 IT,deep (L5),0.6275009138638077
5,93.32699114443928,58.96413576801352,2,6,L6 CT,deep (L5),0.69373517468138
5,92.76723919779766,72.84736191173107,3,6,L6 CT,inner (L5/6-L6b),0.823598523341527
1,92.84364743341624,77.3021101194974,3,2,L4/5 IT,inner (L5/6-L6b),0.8603739623758043
5,92.97913216779386,80.88214665538585,3,6,L6 CT,inner (L5/6-L6b),0.895364421039449
5,93.27205538567537,85.12919722717518,3,6,L6 CT,inner (L5/6-L6b),0.9293714298093955
6,92.94318193760002,85.94243270734873,3,7,L6 IT,inner (L5/6-L6b),0.9378609578982454
6,92.60633534900198,87.12031652136119,3,7,L6 IT,inner (L5/6-L6b),0.9463558488125214
6,92.60255111372044,93.3074685196106,3,7,L6 IT,inner (L5/6-L6b),0.9970219307309571
0,94.16958965756386,2.9188444081228013,0,1,L2/3 IT,superficial (L2/3),0.16869921714771813
0,94.17286164678883,4.427133304628779,0,1,L2/3 IT,superficial (L2/3),0.1779213601345198
3,93.90065796835367,5.0183931152596655,0,4,L5 IT,superficial (L2/3),0.18708620589958658
1,93.79574958981881,6.280292014625722,0,2,L4/5 IT,superficial (L2/3),0.19620909268554002
0,94.26758730609478,7.120247840299366,0,1,L2/3 IT,superficial (L2/3),0.2053072428004995
2,94.08543583612192,8.83266166647921,0,5,L5 ET,superficial (L2/3),0.2234901605861917
0,94.06287634787587,10.013821461636757,0,1,L2/3 IT,superficial (L2/3),0.232606429313554
0,93.89425467434228,10.638617853662494,0,1,L2/3 IT,superficial (L2/3),0.24176363915554858
0,93.66272480342084,15.73973690161754,1,1,L2/3 IT,middle (L4/5),0.2895950803900681
1,94.23065616457086,17.286845481486694,1,2,L4/5 IT,middle (L4/5),0.29989455922226027
1,94.23381507200916,18.99482488722487,1,2,L4/5 IT,middle (L4/5),0.32129716095786653
2,93.54710692252654,21.161609906992233,1,5,L5 ET,middle (L4/5),0.3433130277954846
1,94.08914473726577,22.074422428989443,1,2,L4/5 IT,middle (L4/5),0.3542930379044253
1,93.92010707792966,25.29599730895069,1,2,L4/5 IT,middle (L4/5),0.38586229284073176
1,93.78917622625893,26.663997765707038,1,2,L4/5 IT,middle (L4/5),0.4051338775066734
1,94.04840321067297,28.318859984864698,1,2,L4/5 IT,middle (L4/5),0.41422626335759527
1,94.03612537826736,29.125160447976562,1,2,L4/5 IT,middle (L4/5),0.42304408202435584
1,93.8333096550938,31.047867154761704,1,2,L4/5 IT,middle (L4/5),0.44033382281602773
1,93.73260903622035,31.787898610152915,1,2,L4/5 IT,middle (L4/5),0.44909749860549547
1,93.93743665805131,34.011470733906656,1,2,L4/5 IT,middle (L4/5),0.4675609488457054
1,93.678032287585,37.83527291225782,1,2,L4/5 IT,middle (L4/5),0.5092569595726513
3,94.1898533522139,46.022801520680346,2,4,L5 IT,deep (L5),0.586884956345798
2,94.04962123093804,47.698097163206185,2,5,L5 ET,deep (L5),0.6021876086230588
3,94.02758431708241,52.171769326378175,2,4,L5 IT,deep (L5),0.6325899508503416
3,94.14107013507079,52.78392365427099,2,4,L5 IT,deep (L5),0.6408975538062895
4,94.29229406752378,53.79598678400197,2,3,L5/6 NP,deep (L5),0.649655325490077
3,94.27182854756599,56.21614212551325,2,4,L5 IT,deep (L5),0.6684806121113522
3,94.22294276127997,56.808036232885655,2,4,L5 IT,deep (L5),0.6783921566183782
3,94.1139508373813,58.02467835366592,2,4,L5 IT,deep (L5),0.6884704780247897
3,93.58230168316096,60.080295738390326,3,4,L5 IT,inner (L5/6-L6b),0.7085869004007607
3,93.94138086682229,61.84064682539587,3,4,L5 IT,inner (L5/6-L6b),0.7279968442478575
5,94.04352851676039,62.9115733474456,3,6,L6 CT,inner (L5/6-L6b),0.7373453793333848
5,94.38019176543267,69.05048613696863,3,6,L6 CT,inner (L5/6-L6b),0.7914589970847329
4,94.06335592479351,80.37599617751218,3,3,L5/6 NP,inner (L5/6-L6b),0.8923190901724375
5,94.15403039980424,81.71538390343473,3,6,L6 CT,inner (L5/6-L6b),0.9096039948214214
6,94.19560435956427,82.87200326362127,3,7,L6 IT,inner (L5/6-L6b),0.9181863751126077
2,93.72823813994225,83.83617268297893,3,5,L5 ET,inner (L5/6-L6b),0.9267558629090418
6,93.76624246552552,91.73120946086866,3,7,L6 IT,inner (L5/6-L6b),0.9951916147129024
0,95.28881181483884,1.660819005626134,0,1,L2/3 IT,superficial (L2/3),0.15912954842172455
0,94.9631587170644,6.030303561198466,0,1,L2/3 IT,superficial (L2/3),0.19833085398278852
0,94.95243469312484,10.839727771899307,0,1,L2/3 IT,superficial (L2/3),0.2460642872383247
1,94.80525222094997,13.85742989035737,1,2,L4/5 IT,middle (L4/5),0.2739282500100562
3,95.10663314823036,16.943131055488863,1,4,L5 IT,middle (L4/5),0.3029084647435346
0,94.63839491474363,18.043216477071375,1,1,L2/3 IT,middle (L4/5),0.3131164880987776
3,94.89485605188615,19.137338553821706,1,4,L5 IT,middle (L4/5),0.3236140635197432
0,94.91812383326612,21.906169300874062,1,1,L2/3 IT,middle (L4/5),0.3561413596582862
1,95.3100091066998,23.867708363370408,1,2,L4/5 IT,middle (L4/5),0.3775909714401749
1,94.82917261791697,25.803381267378995,1,2,L4/5 IT,middle (L4/5),0.3978754657442617
1,94.46136797395842,31.908332377691742,1,2,L4/5 IT,middle (L4/5),0.44909749860549547
1,95.03289002125437,36.91780838541869,1,2,L4/5 IT,middle (L4/5),0.5016145267972894
3,94.7652092545158,43.88518022061859,2,4,L5 IT,deep (L5),0.575286603805179
2,94.9201227671411,46.934208000584505,2,5,L5 ET,deep (L5),0.599962709879595
3,95.21974303576634,54.05389919924198,2,4,L5 IT,deep (L5),0.6546341173378668
2,94.6894389976111,56.653893988475744,2,5,L5 ET,deep (L5),0.6832318749125235
5,95.14457908404668,57.8463016596584,3,6,L6 CT,inner (L5/6-L6b),0.6932771585982138
5,95.32516086814879,60.271978949020216,3,6,L6 CT,inner (L5/6-L6b),0.7133516564201215
5,95.06047284697915,61.20647502732615,3,6,L6 CT,inner (L5/6-L6b),0.723166330293712
5,94.95552338258332,62.683011347451874,3,6,L6 CT,inner (L5/6-L6b),0.7421103838091814
1,95.22126078549768,71.41881939584638,3,2,L4/5 IT,inner (L5/6-L6b),0.8149880970936936
6,94.91704269649868,74.44441910323897,3,7,L6 IT,inner (L5/6-L6b),0.8432415055903669
8,94.8468701338796,76.09180396980517,3,9,L6b,inner (L5/6-L6b),0.8618300870638093
5,95.01959578843115,77.2269475291634,3,6,L6 CT,inner (L5/6-L6b),0.8709614128967178
4,95.14195770781465,79.02474971335884,3,3,L5/6 NP,inner (L5/6-L6b),0.8888745818208638
4,95.20052535129197,81.92190278600569,3,3,L5/6 NP,inner (L5/6-L6b),0.9150989561755843
4,95.12335128189403,82.99661665077437,3,3,L5/6 NP,inner (L5/6-L6b),0.923757621110399
6,94.83360186112337,83.95223089286146,3,7,L6 IT,inner (L5/6-L6b),0.932407850712441
5,94.64135343613665,85.00986878261007,3,6,L6 CT,inner (L5/6-L6b),0.9410608549485467
5,95.10303905586015,86.8888618972623,3,6,L6 CT,inner (L5/6-L6b),0.9583866300707052
3,94.98484757298039,87.86149994327523,3,4,L5 IT,inner (L5/6-L6b),0.9670505646048058
4,94.9200346531124,89.06515677032507,3,3,L5/6 NP,inner (L5/6-L6b),0.97570470015835
4,94.89100368833095,91.12275656946177,3,3,L5/6 NP,inner (L5/6-L6b),0.9929537407074233
0,95.75260705321419,1.3049465626879477,0,1,L2/3 IT,superficial (L2/3),0.1483451874997712
1,96.37116468568061,2.068412391523472,0,2,L4/5 IT,superficial (L2/3),0.15847748995955652
3,95.52800558283765,7.0549793932748015,0,4,L5 IT,superficial (L2/3),0.21050159438098606
0,96.54035760471339,8.097039142282494,0,1,L2/3 IT,superficial (L2/3),0.22356497448327312
0,95.74651005455023,8.801900000502757,0,1,L2/3 IT,superficial (L2/3),0.23081898708976992
0,95.880854043545,10.757763996358339,0,1,L2/3 IT,superficial (L2/3),0.25031505606139925
0,95.87122211489387,17.074889511398027,1,1,L2/3 IT,middle (L4/5),0.3060825914155977
1,95.6966348577882,18.245866659980454,1,2,L4/5 IT,middle (L4/5),0.3158965495243963
0,95.68548348512813,18.886189826122393,1,1,L2/3 IT,middle (L4/5),0.3260361208684879
0,95.70539639937755,22.842881834963638,1,1,L2/3 IT,middle (L4/5),0.3686943731168179
1,96.18324080638698,24.852851181019748,1,2,L4/5 IT,middle (L4/5),0.38970916986933446
1,96.12906665660164,31.11254729925601,1,2,L4/5 IT,middle (L4/5),0.4451348572766161
1,95.92684581144721,32.10185188671315,1,2,L4/5 IT,middle (L4/5),0.45396121262264566
1,96.18149094734174,34.93952503886122,1,2,L4/5 IT,middle (L4/5),0.48279194598866126
3,95.84986615335012,43.98935052984642,2,4,L5 IT,deep (L5),0.5801255584643933
3,96.22272727671194,46.37172614731364,2,4,L5 IT,deep (L5),0.5972187049449972
4,95.80072751012938,46.8366239475187,2,3,L5/6 NP,deep (L5),0.6050664254502736
3,95.78271391659955,49.15830414601115,2,4,L5 IT,deep (L5),0.6199948781600868
4,96.19709167875928,62.816465230568554,3,3,L5/6 NP,inner (L5/6-L6b),0.7467588044848741
4,95.70480481068371,65.18639450126504,3,3,L5/6 NP,inner (L5/6-L6b),0.7650160856626105
4,95.73466925938858,67.27306547349639,3,3,L5/6 NP,inner (L5/6-L6b),0.7830399024117567
7,95.68747534513393,68.98177125475608,3,8,L6 IT Car3,inner (L5/6-L6b),0.801299561361682
6,95.56894538709646,73.2127139047291,3,7,L6 IT,inner (L5/6-L6b),0.8388386544192707
5,95.91403981531285,77.16161499839995,3,6,L6 CT,inner (L5/6-L6b),0.8760160381297109
5,95.69578507020877,84.04599952220325,3,6,L6 CT,inner (L5/6-L6b),0.9378455437278232
0,97.10075501466449,2.403150765744181,0,1,L2/3 IT,superficial (L2/3),0.157528997847242
0,96.91363375153264,3.838384254691887,0,1,L2/3 IT,superficial (L2/3),0.17935739018295435
0,97.3751438294117,6.014491982308015,0,1,L2/3 IT,superficial (L2/3),0.20162084846654227
0,97.15469206819978,8.602928059504038,0,1,L2/3 IT,superficial (L2/3),0.23420419497080125
1,97.00528252465686,14.032100726358166,1,2,L4/5 IT,middle (L4/5),0.2824408779499063
6,97.0515654901519,15.14606955188127,1,7,L6 IT,middle (L4/5),0.2913749974945786
2,96.63350987226065,15.78192495959787,1,5,L5 ET,middle (L4/5),0.3003407549070844
2,97.12285504266964,17.061479056985917,1,5,L5 ET,middle (L4/5),0.3094774740439917
3,96.77262325622122,20.080586559677695,1,4,L5 IT,middle (L4/5),0.33876579573509286
1,96.78325024722608,22.71862799395243,1,2,L4/5 IT,middle (L4/5),0.3704039942016814
1,96.92750768507207,24.553714188323667,1,2,L4/5 IT,middle (L4/5),0.3913504981325149
1,96.69658013279611,30.880226542809478,1,2,L4/5 IT,middle (L4/5),0.44705375273744985
1,97.18486968962432,33.152521543901706,1,2,L4/5 IT,middle (L4/5),0.4651343856700385
3,97.30846251657091,41.200343456338054,2,4,L5 IT,deep (L5),0.5539594687567584
4,96.63766175992144,42.296570397800345,2,3,L5/6 NP,deep (L5),0.564828573699845
3,97.09359960354884,45.91125684199969,2,4,L5 IT,deep (L5),0.601986758075582
4,96.870992361465,48.178231566297924,2,3,L5/6 NP,deep (L5),0.6174812453764017
3,97.08048675662845,49.84997375226275,2,4,L5 IT,deep (L5),0.6322777443365765
2,97.08435384466922,52.40701289550721,2,5,L5 ET,deep (L5),0.6475981790786808
3,97.28106128759673,52.74138431141898,2,4,L5 IT,deep (L5),0.6557704523121966
1,97.084529251717,53.894253348855464,2,2,L4/5 IT,deep (L5),0.6643769174140624
3,96.82931265867609,55.02325394175372,2,4,L5 IT,deep (L5),0.6734247852149385
5,96.86000822320321,55.93602815346825,2,6,L6 CT,deep (L5),0.6828660812913332
5,96.97524009413577,57.20981800058602,3,6,L6 CT,inner (L5/6-L6b),0.6926091372503328
4,97.21677399036064,67.07815625395098,3,3,L5/6 NP,inner (L5/6-L6b),0.7877722413284718
7,97.17040305044691,68.0735968120448,3,8,L6 IT Car3,inner (L5/6-L6b),0.7969103914606581
7,96.94217079048664,69.23375055719202,3,8,L6 IT Car3,inner (L5/6-L6b),0.8061355249875922
7,97.03766350183591,70.04559652440689,3,8,L6 IT Car3,inner (L5/6-L6b),0.8154522795351075
8,96.9929136734375,75.79567760350464,3,9,L6b,inner (L5/6-L6b),0.8717400891144873
8,96.79222403950523,78.94981813580101,3,9,L6b,inner (L5/6-L6b),0.8989137289085897
4,96.75565189923736,82.02577926799196,3,3,L5/6 NP,inner (L5/6-L6b),0.9254641833692736
6,97.21103714316665,83.90914679349618,3,7,L6 IT,inner (L5/6-L6b),0.9430765747728252
5,96.545250494446,85.9470635570637,3,6,L6 CT,inner (L5/6-L6b),0.9607348850968116
5,96.95984137594313,87.02106186128718,3,6,L6 CT,inner (L5/6-L6b),0.9695821261824779
4,97.25172207410064,89.74612646575824,3,3,L5/6 NP,inner (L5/6-L6b),0.9960946475947423
0,97.59108316110115,5.969406513003078,0,1,L2/3 IT,superficial (L2/3),0.20288359550024052
0,97.93810223096659,10.971970789666308,0,1,L2/3 IT,superficial (L2/3),0.2585964237936078
1,98.44163299028871,13.228570892429188,1,2,L4/5 IT,middle (L4/5),0.2778394753252812
1,98.19100218087861,13.88106233561562,1,2,L4/5 IT,middle (L4/5),0.2868437072763073
1,98.01627088964334,17.695011455758284,1,2,L4/5 IT,middle (L4/5),0.3221358430197381
2,97.92891730122697,23.202573338341953,1,5,L5 ET,middle (L4/5),0.37219621367204736
0,97.82728441250325,23.911739848410175,1,1,L2/3 IT,middle (L4/5),0.3826482415106652
1,98.0490585553968,25.031695243950544,1,2,L4/5 IT,middle (L4/5),0.3929475720121392
1,98.03544745680604,26.112315511827553,1,2,L4/5 IT,middle (L4/5),0.40298532357389116
3,97.78716138886465,30.06092232204011,1,4,L5 IT,middle (L4/5),0.4399492854855164
0,97.95422656709381,31.0423374187336,1,1,L2/3 IT,middle (L4/5),0.44874676905363925
1,97.63792280434215,31.843229297092464,1,2,L4/5 IT,middle (L4/5),0.45768483034711993
0,97.68731261810268,33.14610375860894,1,1,L2/3 IT,middle (L4/5),0.46696595669019053
1,98.04342056053622,34.89264780460785,1,2,L4/5 IT,middle (L4/5),0.4871785418257839
3,97.80589349077435,38.739831694149515,2,4,L5 IT,deep (L5),0.5339320328085441
3,98.06149867354824,40.0298071549057,2,4,L5 IT,deep (L5),0.545929781040146
5,97.92676372682254,42.89668224949524,2,6,L6 CT,deep (L5),0.5791270376986156
4,98.0310506558393,44.18626725943349,2,3,L5/6 NP,deep (L5),0.5888786922139894
7,98.24122663982448,46.15747288321615,2,8,L6 IT Car3,deep (L5),0.6064243502658611
6,97.95207350075104,48.7462405566521,2,7,L6 IT,deep (L5),0.62949988556616
2,97.77974019217474,53.08061098590901,2,5,L5 ET,deep (L5),0.6604318503721461
3,97.86132221869715,53.65926755391962,2,4,L5 IT,deep (L5),0.6690066161282443
4,97.71544711997572,56.58374780493877,3,3,L5/6 NP,inner (L5/6-L6b),0.6970401581502427
5,98.20288782225106,62.772965033744995,3,6,L6 CT,inner (L5/6-L6b),0.7555429265976877
4,98.22712578017602,64.07237095103105,3,3,L5/6 NP,inner (L5/6-L6b),0.7648516350658983
4,97.98717042754133,65.8018179510769,3,3,L5/6 NP,inner (L5/6-L6b),0.783214037765207
4,97.94953205626156,67.02625655981065,3,3,L5/6 NP,inner (L5/6-L6b),0.7923737636495497
4,98.22272185200184,68.51776880674922,3,3,L5/6 NP,inner (L5/6-L6b),0.8108532180587288
5,97.87640738204955,69.05266387975944,3,6,L6 CT,inner (L5/6-L6b),0.8108532180587288
5,97.74822891226714,72.04047027893998,3,6,L6 CT,inner (L5/6-L6b),0.8390435766852793
4,98.00199016734241,73.15854407396581,3,3,L5/6 NP,inner (L5/6-L6b),0.8484751357791439
8,98.08473324600459,77.92895501314825,3,9,L6b,inner (L5/6-L6b),0.8946528826891407
1,99.03255251775052,15.823727906611605,1,2,L4/5 IT,middle (L4/5),0.3083676256730266
3,99.27310202037823,18.66365007631369,1,4,L5 IT,middle (L4/5),0.3346028659381695
3,99.10604501464235,19.94849860755728,1,4,L5 IT,middle (L4/5),0.34402004592993257
3,98.87260918348453,22.090014019709223,1,4,L5 IT,middle (L4/5),0.3638867384344486
0,99.03610147652527,29.064753721655446,1,1,L2/3 IT,middle (L4/5),0.4326200937978284
1,98.7944995927963,33.82524108163853,1,2,L4/5 IT,middle (L4/5),0.47859356028114053
3,99.00260104721356,40.80142712593703,2,4,L5 IT,deep (L5),0.5609253983348956
4,98.81894743404156,42.94132008810853,2,3,L5/6 NP,deep (L5),0.5828640169068471
5,99.15144538528347,50.0762040164416,2,6,L6 CT,deep (L5),0.6412732380696414
4,99.14174206363964,51.95014502062594,2,3,L5/6 NP,deep (L5),0.6566880452335495
3,98.96006871981177,57.74727469100391,3,4,L5 IT,inner (L5/6-L6b),0.7110272851602509
4,99.26474287764042,61.51148652657749,3,3,L5/6 NP,inner (L5/6-L6b),0.7501308191544483
6,99.09138483525685,65.09471638713336,3,7,L6 IT,inner (L5/6-L6b),0.7783127126042935
4,98.86395119881415,66.43262442312154,3,3,L5/6 NP,inner (L5/6-L6b),0.7875616098953433
6,99.209536078447,66.75706322575766,3,7,L6 IT,inner (L5/6-L6b),0.7968069300400784
4,99.05359674035202,67.91555925287989,3,3,L5/6 NP,inner (L5/6-L6b),0.8060827741838552
6,99.2002089131221,71.07440782259818,3,7,L6 IT,inner (L5/6-L6b),0.8342042594667956
6,99.18552388562618,75.83681672009406,3,7,L6 IT,inner (L5/6-L6b),0.8809475350878214
2,99.47847979428023,79.1231265313195,3,5,L5 ET,inner (L5/6-L6b),0.908186519625021
2,98.98403806202599,79.7954526690466,3,5,L5 ET,inner (L5/6-L6b),0.9171581432859865
2,99.2522430029419,80.5525945056313,3,5,L5 ET,inner (L5/6-L6b),0.926105148945549
2,98.76359535757365,81.97923806302857,3,5,L5 ET,inner (L5/6-L6b),0.9350450935543199
5,98.82344068779616,84.23989770487145,3,6,L6 CT,inner (L5/6-L6b),0.95296349566973
4,99.06739475638214,87.07250653775083,3,3,L5/6 NP,inner (L5/6-L6b),0.980016419074564
1,99.79733116943673,21.003384628931634,1,2,L4/5 IT,middle (L4/5),0.35642781669348866
1,100.10768579482965,26.128104427224738,1,2,L4/5 IT,middle (L4/5),0.4062407777061835
1,99.71578320919937,27.287191263011223,1,2,L4/5 IT,middle (L4/5),0.41583262650261116
1,99.60986889403132,27.67604571649119,1,2,L4/5 IT,middle (L4/5),0.4251365059146333
0,100.02624536541025,36.19899783556076,1,1,L2/3 IT,middle (L4/5),0.5025244127293891
3,100.070576647956,37.00468066026093,1,4,L5 IT,middle (L4/5),0.5145337492840485
2,100.44935747245152,38.38501815012801,2,5,L5 ET,deep (L5),0.5269591267001643
3,99.94229592979218,44.11079727039454,2,4,L5 IT,deep (L5),0.5963393902507721
5,99.8892659735499,46.75480340726466,2,6,L6 CT,deep (L5),0.6224287853343831
6,100.05698418894355,49.01275336949342,2,7,L6 IT,deep (L5),0.6377839211010938
3,100.07844846011912,49.96524422931208,2,4,L5 IT,deep (L5),0.6453200059546891
2,100.12578231377525,52.093789171874015,2,5,L5 ET,deep (L5),0.6608266894326591
1,99.6678678670558,54.95827215999893,3,2,L4/5 IT,inner (L5/6-L6b),0.6864737400662013
8,99.80906900907831,56.036885334016105,3,9,L6b,inner (L5/6-L6b),0.6957250347860017
8,99.80795376257748,59.04115371098798,3,9,L6b,inner (L5/6-L6b),0.7247416348073755
5,99.87436011397197,59.95731438478601,3,6,L6 CT,inner (L5/6-L6b),0.7345498883222394
5,100.14502683068025,64.97582074475694,3,6,L6 CT,inner (L5/6-L6b),0.7823730382729921
7,100.37643652061965,67.17182469558237,3,8,L6 IT Car3,inner (L5/6-L6b),0.801045406251463
4,100.16638238547355,70.27394641883785,3,3,L5/6 NP,inner (L5/6-L6b),0.8291784763942598
8,100.06318385309437,70.82898658008766,3,9,L6b,inner (L5/6-L6b),0.8386049446975914
8,100.06143765185193,72.66286512992603,3,9,L6b,inner (L5/6-L6b),0.8574246593403237
7,99.78311284953712,78.249881457996,3,8,L6 IT Car3,inner (L5/6-L6b),0.9035111149709599
6,99.77529815484068,81.92302766408658,3,7,L6 IT,inner (L5/6-L6b),0.9395710238570344
5,100.02919895209041,82.60358676896244,3,6,L6 CT,inner (L5/6-L6b),0.94859291134076
4,99.91956889677034,84.02864486627156,3,3,L5/6 NP,inner (L5/6-L6b),0.9576426965664672
4,99.87123401323142,86.91376543506374,3,3,L5/6 NP,inner (L5/6-L6b),0.9849658113810917
1,100.71001412376981,21.106687191558024,1,2,L4/5 IT,middle (L4/5),0.35918115876139567
1,101.16878801223295,28.052720476136468,1,2,L4/5 IT,middle (L4/5),0.42689676772667695
1,100.80593148921456,29.88426766141961,1,2,L4/5 IT,middle (L4/5),0.4448026447244827
1,101.130162881077,30.777315743859848,1,2,L4/5 IT,middle (L4/5),0.4536953488919615
6,101.28563392227265,32.86419090647388,1,7,L6 IT,middle (L4/5),0.4722926418411876
2,101.42147361324247,36.18865337960513,1,5,L5 ET,middle (L4/5),0.5047284794629225
2,100.6752568411687,36.68765504895931,1,5,L5 ET,middle (L4/5),0.5168869246328843
2,100.8880623568892,40.01587714984676,2,5,L5 ET,deep (L5),0.5548301658359568
5,101.24364281633194,41.11227858334104,2,6,L6 CT,deep (L5),0.5670452614577134
3,100.87738974028144,45.33443666743496,2,4,L5 IT,deep (L5),0.6090424792303323
4,100.74098803105112,54.157638095549935,2,3,L5/6 NP,deep (L5),0.6814410744100282
4,101.13984676752543,55.86067593591855,3,3,L5/6 NP,inner (L5/6-L6b),0.6995471918435203
4,101.03892798535139,57.486190294589264,3,3,L5/6 NP,inner (L5/6-L6b),0.7090129385146491
5,100.92515475978146,59.143290594083254,3,6,L6 CT,inner (L5/6-L6b),0.7284079138659757
5,100.6815947618579,65.77197578439753,3,6,L6 CT,inner (L5/6-L6b),0.7956636312957203
5,100.50463149488266,67.01171127019295,3,6,L6 CT,inner (L5/6-L6b),0.8050724385792238
8,101.08678642751354,72.16028181805159,3,9,L6b,inner (L5/6-L6b),0.8522078878809269
5,100.75318115040677,73.30117962605696,3,6,L6 CT,inner (L5/6-L6b),0.8615947954941395
5,101.11406316153382,73.93447450928805,3,6,L6 CT,inner (L5/6-L6b),0.8709303959264107
5,100.96388504618865,78.02594493718081,3,6,L6 CT,inner (L5/6-L6b),0.9076816828707027
4,101.06156150085828,87.03098543656536,3,3,L5/6 NP,inner (L5/6-L6b),0.9897365138828724
2,102.07039731735217,28.961447931480482,1,5,L5 ET,middle (L4/5),0.43796093589038376
1,101.86729338159417,29.614134768955086,1,2,L4/5 IT,middle (L4/5),0.44684564512549924
1,101.73424046228656,33.54968375963147,1,2,L4/5 IT,middle (L4/5),0.4846013597090982
3,102.20684570237053,39.06725729867074,2,4,L5 IT,deep (L5),0.5449132642186032
2,101.98408706529277,40.40474113814216,2,5,L5 ET,deep (L5),0.5576307097640087
3,101.40887512649505,43.85154640592335,2,4,L5 IT,deep (L5),0.5996645699389395
6,102.29682481535609,56.999558096454855,3,7,L6 IT,inner (L5/6-L6b),0.7125745507088248
7,102.05820726748833,58.944233804599726,3,8,L6 IT Car3,inner (L5/6-L6b),0.7319063944471944
5,102.26118476503561,64.79529966022393,3,6,L6 CT,inner (L5/6-L6b),0.7899161604764563
5,102.03499171377844,72.11583699147319,3,6,L6 CT,inner (L5/6-L6b),0.8561622994826512
8,102.50132748883368,78.06234484397785,3,9,L6b,inner (L5/6-L6b),0.9155441033321466
5,102.28035032754842,79.95355991544018,3,6,L6 CT,inner (L5/6-L6b),0.9299047211141164
5,101.88472321213115,83.79905302324808,3,6,L6 CT,inner (L5/6-L6b),0.9665051064215746
5,102.0951842663233,84.96459444585251,3,6,L6 CT,inner (L5/6-L6b),0.9757460707665776
4,101.77537154993539,86.89305498553915,3,3,L5/6 NP,inner (L5/6-L6b),0.9943209737624848
1,103.0712897899805,31.988526592633768,1,2,L4/5 IT,middle (L4/5),0.4673630917976073
1,103.0708184545146,32.70492330833141,1,2,L4/5 IT,middle (L4/5),0.47694791455706625
4,102.8127414135041,35.65011863416553,1,3,L5/6 NP,middle (L4/5),0.509740660466463
4,102.93165290721343,38.07101218265599,2,3,L5/6 NP,deep (L5),0.5347891875049668
2,103.01996486645022,40.81478883962459,2,5,L5 ET,deep (L5),0.5728058749849542
5,103.28370536692134,46.88205124070574,2,6,L6 CT,deep (L5),0.6323798774720315
4,102.8844281582831,49.98482823889816,2,3,L5/6 NP,deep (L5),0.6557869020333641
4,103.20897856422485,52.759705753202546,2,3,L5/6 NP,deep (L5),0.6798491564983321
6,102.78735555631987,58.05231523411606,3,7,L6 IT,inner (L5/6-L6b),0.7255463742838586
5,102.97567589205681,59.23509161556665,3,6,L6 CT,inner (L5/6-L6b),0.7352600318036197
5,103.17017047434585,60.7759600350563,3,6,L6 CT,inner (L5/6-L6b),0.7547936694653992
4,102.75045152985876,62.872955891640096,3,3,L5/6 NP,inner (L5/6-L6b),0.7742134829984441
5,103.0775243297726,69.12057367225943,3,6,L6 CT,inner (L5/6-L6b),0.8314751838857811
6,102.69149847868904,71.41421754283328,3,7,L6 IT,inner (L5/6-L6b),0.8504414551505975
6,102.83186877627453,72.08719847040383,3,7,L6 IT,inner (L5/6-L6b),0.8598858129794487
6,102.86498254923924,72.73801415736143,3,7,L6 IT,inner (L5/6-L6b),0.8692877409112124
4,102.97742257783275,74.97541773068932,3,3,L5/6 NP,inner (L5/6-L6b),0.8879322018167365
5,103.05442853676384,83.40320640406044,3,6,L6 CT,inner (L5/6-L6b),0.9614188124255011
