molecular_seed	gene	mean_count	variance	zero_fraction	n_cells
0	ABCC11	2.72641837800209	11.9251270352052	0.333797424295162	2873
0	ACTA2	1.81621997911591	8.70437470368148	0.367908109989558	2873
0	ACTG2	1.73268360598677	3.07266748238085	0.275321963104769	2873
0	ADAM9	1.80334145492517	3.54244008427327	0.291681169509224	2873
0	ADGRE5	0.144100243647755	0.217389449557736	0.892794987817612	2873
0	AIF1	0.434737208492865	1.17131379756002	0.775147928994083	2873
0	AKR1C1	0.0504698920988514	0.0597778083724449	0.95475113122172	2873
0	ANGPT2	0.0863209189001044	0.470958360763491	0.95231465367212	2873
0	ANKRD28	0.332057083188305	0.425215021810017	0.746258266620258	2873
0	ANKRD29	0.0842325095718761	0.128696285753352	0.93491124260355	2873
0	ANKRD30A	7.32927253741733	58.748784185099	0.158371040723982	2873
0	APOBEC3B	0.0849286460146189	0.0930631651714593	0.922032718412809	2873
0	APOC1	0.431604594500522	1.5643489912324	0.805429864253394	2873
0	AQP1	0.52384267316394	5.58029832064347	0.846501914375217	2873
0	AR	1.46919596240863	3.28674228505334	0.409676296554125	2873
0	AVPR1A	0.123564218586843	0.673793420056318	0.947093630351549	2873
0	BACE2	0.368256178210929	0.514061616801126	0.731639401322659	2873
0	BASP1	1.10511660285416	1.6435427527639	0.400278454577097	2873
0	BTNL9	0.157674904281239	0.67673163940136	0.928646014618865	2873
0	C1QA	0.188304907761921	0.402899388893036	0.876783849634528	2873
0	C1QC	0.265227984684998	0.695646335539682	0.851722937695788	2873
0	C2orf42	0.130873651235642	0.145818769893936	0.883049077619213	2873
0	C6orf132	0.271145144448312	0.341844684009326	0.787330316742081	2873
0	CAV1	0.756352245040028	6.5750162157131	0.808214410024365	2873
0	CAVIN2	0.0978071702053603	0.267241011550237	0.946745562130177	2873
0	CCDC6	2.07135398538113	4.41865335410758	0.256526279150714	2873
0	CCDC80	0.632788026453185	2.72966273255863	0.746258266620258	2873
0	CCL5	0.331709014966934	1.46688067852948	0.8771319178559	2873
0	CCL8	0.0584754611903933	0.169281379707519	0.966585450748347	2873
0	CCND1	8.93038635572572	46.3231466821541	0.05012182387748	2873
0	CCPG1	0.608075182735816	0.757901342535027	0.583014270797076	2873
0	CD14	0.360598677340759	1.30028543533256	0.812739296902193	2873
0	CD163	0.235294117647059	1.04141405865963	0.882701009397842	2873
0	CD247	0.111729899060216	0.185631860167706	0.922728854855552	2873
0	CD3D	0.0810998955795336	0.149061185351671	0.944657152801949	2873
0	CD3E	0.341454925165332	1.24652949805454	0.86703793943613	2873
0	CD3G	0.13539853811347	0.312092607476953	0.919248172641838	2873
0	CD4	0.487991646362687	1.44492886901096	0.769230769230769	2873
0	CD68	0.652975983292725	3.00592515854556	0.736512356421859	2873
0	CD69	0.146188652975983	0.48906711899377	0.925513400626523	2873
0	CD83	0.164984336930038	0.465110523779639	0.898712147580926	2873
0	CD86	0.117298990602158	0.224049526520566	0.914375217542638	2873
0	CD8A	0.436825617821093	8.24330913984421	0.883049077619213	2873
0	CD8B	0.0904977375565611	0.22370145829919	0.942916811695092	2873
0	CD9	3.32544378698225	11.4013614412158	0.205708318830491	2873
0	CD93	0.555516881308737	3.32221276372952	0.83954054994779	2873
0	CDC42EP1	0.10268012530456	0.107489332533132	0.903933170901497	2873
0	CDH1	2.86843021232161	10.2779479875548	0.268012530455969	2873
0	CEACAM6	0.320570831883049	0.618298838382883	0.79951270449008	2873
0	CENPF	1.07448659937348	6.02787599851481	0.588583362339018	2873
0	CLDN4	0.505395057431257	0.743790521103704	0.668290985033066	2873
0	CLEC14A	0.432648799164636	2.73649635885744	0.875391576749043	2873
0	CRISPLD2	0.227288548555517	0.514129727643915	0.849982596588931	2873
0	CTLA4	0.0772711451444483	0.261436561900388	0.96240863209189	2873
0	CTTN	4.37904629307344	15.0724995079537	0.1277410372433	2873
0	CXCL12	0.88478941872607	4.62982774986008	0.69161155586495	2873
0	CXCL16	0.370692655760529	0.532803733152855	0.723981900452489	2873
0	CXCR4	1.50191437521754	5.31275747595273	0.434737208492865	2873
0	CYTIP	0.219979115906718	0.457859748867343	0.868082144100244	2873
0	DAPK3	0.146884789418726	0.195687541387637	0.880960668290985	2873
0	DMKN	0.217890706578489	0.274930507549406	0.825269752871563	2873
0	DNTTIP1	0.323007309432649	0.363596523971617	0.735468151757744	2873
0	DPT	0.100939784197703	0.230754687528769	0.93491124260355	2873
0	DSC2	0.354681517577445	0.465034656541974	0.732683605986773	2873
0	DSP	1.70762269404803	3.69373365703362	0.349460494256874	2873
0	DST	2.2432996867386	5.28932225590865	0.259658893143056	2873
0	DUSP2	0.0863209189001044	0.123465324551801	0.927601809954751	2873
0	DUSP5	0.376261747302471	0.571121535921339	0.728854855551688	2873
0	EDNRB	0.139923424991298	0.438631888284661	0.923773059519666	2873
0	EGFL7	0.0998955795335886	0.184655281571683	0.929342151061608	2873
0	EGFR	0.165680473372781	0.316551564998088	0.882701009397842	2873
0	EIF4EBP1	0.40097459101984	0.529971194688394	0.708318830490776	2873
0	ELF3	1.25965889314306	3.25010252984519	0.489731987469544	2873
0	ENAH	2.64009745910198	5.58142784565152	0.182735816219979	2873
0	EPCAM	10.2965541246084	97.3960083167919	0.143056038983641	2873
0	ERBB2	18.0755308040376	189.58238503326	0.0261051166028542	2873
0	ERN1	0.455969369996519	1.40552929154066	0.71667246780369	2873
0	ESM1	0.122171945701357	0.704079960675116	0.95231465367212	2873
0	ESR1	0.0936303515489036	0.101606349384868	0.914375217542638	2873
0	FAM107B	0.807518273581622	1.29754791270565	0.527323355377654	2873
0	FAM49A	0.0713539853811347	0.0934444404585172	0.940480334145492	2873
0	FASN	6.16881308736512	31.2873000183246	0.135746606334842	2873
0	FBLIM1	0.171945701357466	0.330452236604957	0.882701009397842	2873
0	FBLN1	0.237034458753916	0.760299280497371	0.871910894535329	2873
0	FCER1G	0.73686042464323	3.7287835936734	0.723285764009746	2873
0	FCGR3A	0.233901844761573	0.693181741058616	0.871562826313958	2873
0	FGL2	0.256526279150714	0.933823165830792	0.878176122520014	2873
0	FLNB	1.62130177514793	3.0577912017274	0.327184128089105	2873
0	FOXA1	8.39679777236338	58.5904075694653	0.117995127044901	2873
0	FSTL3	0.0964148973198747	0.117790067354598	0.915071353985381	2873
0	GATA3	7.65227984684998	53.6663048631631	0.105116602854159	2873
0	GJB2	0.142359902540898	0.553890947026757	0.917507831534981	2873
0	GLIPR1	0.288548555516881	0.63990015580657	0.824921684650191	2873
0	GPR183	0.262443438914027	1.14279862362777	0.865993734772015	2873
0	GZMA	0.171597633136095	0.612953470356537	0.92481726418378	2873
0	HAVCR2	0.175078315349809	0.322749166914717	0.882004872955099	2873
0	HDC	0.63905325443787	1.06639910336077	0.608423250957188	2873
0	HMGA1	1.31256526279151	2.46703217061741	0.383919248172642	2873
0	HOOK2	0.294813783501566	0.36535262025563	0.766098155238427	2873
0	HOXD8	0.483466759484859	0.854966807477554	0.685346327880265	2873
0	HOXD9	0.151061608075183	0.729261581509522	0.936303515489036	2873
0	HPX	0.0685694396101636	0.0882631686618352	0.941872607030978	2873
0	IGF1	0.241907413853115	0.702254299224269	0.863209189001044	2873
0	IGSF6	0.249912982944657	0.843510612202606	0.849286460146189	2873
0	IL2RG	0.198746954403063	0.53047196693449	0.8795683954055	2873
0	IL3RA	0.0762269404803341	0.138686037616579	0.947789766794292	2873
0	IL7R	0.43612948137835	5.22372206122301	0.871562826313958	2873
0	ITGAM	0.0730943264879916	0.128360094511668	0.945353289244692	2873
0	ITGAX	0.159763313609467	0.51729409437785	0.913331012878524	2873
0	ITM2C	0.567351200835364	2.73649635885734	0.706230421162548	2873
0	JUP	0.644970414201183	0.85371511924973	0.571876087713192	2873
0	KARS	0.587191089453533	0.812119997246474	0.61155586494953	2873
0	KDR	0.296902192829795	1.23667911891232	0.886181691611556	2873
0	KLF5	0.953358858336234	1.99643108879415	0.524538809606683	2873
0	KLRB1	0.134354333449356	0.33291755824812	0.917855899756352	2873
0	KRT15	0.0863209189001044	0.122768945721714	0.92969021928298	2873
0	KRT7	12.0132265924121	104.536733074334	0.0800556909154194	2873
0	KRT8	5.10233205708319	22.2576303534882	0.155934563174382	2873
0	LAG3	0.0779672815871911	0.101857705057264	0.933867037939436	2873
0	LARS	1.56213017751479	2.61043167246296	0.306996171249565	2873
0	LDHB	0.545422902888966	1.31626821419669	0.714584058475461	2873
0	LGALSL	0.21301775147929	0.257532429002333	0.824225548207449	2873
0	LPL	0.116254785938044	0.408485689936187	0.936303515489036	2873
0	LPXN	0.181343543334494	0.238342623232139	0.853811347024017	2873
0	LRRC15	0.0706578489383919	0.110952805245653	0.946397493908806	2873
0	LUM	3.16742081447964	37.9771833524502	0.408284023668639	2873
0	LYPD3	1.24260355029586	2.6343681495278	0.464323007309433	2873
0	LYZ	0.55899756352245	3.37822072179081	0.79707622694048	2873
0	MAP3K8	0.265924121127741	0.370067538808655	0.79707622694048	2873
0	MDM2	3.76575008701706	11.7400243066025	0.126696832579186	2873
0	MEDAG	0.0636964845109641	0.139743573584443	0.958927949878176	2873
0	MKI67	0.55134006265228	1.22725534148987	0.670379394361295	2873
0	MLPH	4.48520710059172	25.9643528209519	0.247824573616429	2873
0	MMP1	0.0368952314653672	0.0989168194514946	0.979463974939088	2873
0	MMP2	0.638357117995127	2.68497668718558	0.728854855551688	2873
0	MMRN2	0.182735816219979	0.54006396117146	0.906717716672468	2873
0	MNDA	0.0755308040375914	0.101883640502727	0.938043856595893	2873
0	MRC1	0.139575356769927	0.529606644127854	0.925165332405151	2873
0	MYLK	0.242603550295858	0.89202831665873	0.868082144100244	2873
0	MYO5B	1.82909850330665	4.04076858117119	0.32579185520362	2873
0	MZB1	0.250261051166029	1.74479885244128	0.877479986077271	2873
0	NARS	3.26174730247128	8.22115808793246	0.143404107205012	2873
0	NOSTRIN	0.242603550295858	1.4519168960459	0.902888966237383	2873
0	NPM3	0.120779672815872	0.138958723374968	0.891054646710755	2873
0	OCIAD2	0.492516533240515	0.630950245635377	0.64671075530804	2873
0	OXTR	0.0723981900452489	0.0880714402752707	0.935607379046293	2873
0	PCLAF	1.07274625826662	2.90939973259828	0.535328924469196	2873
0	PCOLCE	0.0511660285415942	0.0722418502104346	0.957883745214062	2873
0	PDE4A	0.132962060563871	0.167551703643658	0.890010442046641	2873
0	PDGFRA	0.3759136790811	1.67061741872995	0.837800208840933	2873
0	PDGFRB	0.57396449704142	3.44308236224892	0.79185520361991	2873
0	PDK4	0.886181691611556	3.98947820792361	0.629655412460842	2873
0	PECAM1	0.834319526627219	7.10554877948296	0.730595196658545	2873
0	PELI1	0.361990950226244	0.453178764542025	0.722241559345632	2873
0	PIM1	0.173686042464323	0.236187557385205	0.863905325443787	2873
0	POLR2J3	5.15245388096067	17.2225714485163	0.0633484162895928	2873
0	POSTN	3.05186216498434	53.165484866788	0.435781413156979	2873
0	PPARG	0.419770274973895	0.924706493169071	0.741385311521058	2873
0	PRDM1	0.252697528715628	0.574004733339957	0.848242255482074	2873
0	PTGDS	0.11521058127393	0.333866747074638	0.93491124260355	2873
0	PTN	0.101983988861817	0.148718207264447	0.919596240863209	2873
0	PTPRC	0.546815175774452	2.31613974890604	0.792899408284024	2873
0	PTRHD1	0.516533240515141	0.682264857616828	0.640097459101984	2873
0	QARS	1.34806822137139	2.25902917083169	0.362687086668987	2873
0	RAB30	0.147580925861469	0.24005072682269	0.885485555168813	2873
0	RAMP2	0.340062652279847	1.49121127741045	0.88235294117647	2873
0	RAPGEF3	0.171249564914723	0.221359754199843	0.860424643230073	2873
0	RHOH	0.783849634528368	1.27533796066923	0.545770971110338	2873
0	RORC	0.105116602854159	0.121258630201275	0.907761921336582	2873
0	RTKN2	0.385311521058127	0.997374702711969	0.781761225200139	2873
0	RUNX1	1.31082492168465	3.04437094182993	0.398190045248869	2873
0	S100A14	1.68186564566655	3.83608119782008	0.354681517577445	2873
0	S100A4	0.396797772363383	1.20252456110929	0.807170205360251	2873
0	SCD	9.18447615732684	80.8385193720813	0.0988513748694744	2873
0	SDC4	0.379742429516185	0.512778902993686	0.717368604246432	2873
0	SEC11C	1.16219979115907	2.6401166077019	0.43856595892795	2873
0	SEC24A	1.09432648799165	1.71777072484482	0.419422206752524	2873
0	SELL	0.0668290985033066	0.131326188400891	0.955099199443091	2873
0	SERHL2	2.32231117298991	8.91139967054739	0.353637312913331	2873
0	SERPINA3	0.0998955795335886	0.142176172936588	0.918900104420466	2873
0	SERPINB9	0.412808910546467	0.568387406717256	0.703793943612948	2873
0	SFRP4	0.0929342151061608	0.23822651969591	0.940480334145492	2873
0	SH3YL1	1.39749390880613	2.74862881481317	0.383919248172642	2873
0	SLAMF1	0.0863209189001044	0.160373402546226	0.936651583710407	2873
0	SLAMF7	0.223459798120432	4.75506225961269	0.92969021928298	2873
0	SLC25A37	0.282283327532196	0.34682041134099	0.775844065436826	2873
0	SLC5A6	0.806822137138879	1.32234898541511	0.537417333797424	2873
0	SMAP2	0.391924817264184	0.562915270111629	0.710407239819005	2873
0	SMS	1.94500522102332	3.78388259920665	0.252697528715628	2873
0	SNAI1	0.0616080751827358	0.107971925728641	0.955795335885834	2873
0	SOX17	0.0581273929690219	0.0930684976929534	0.957187608771319	2873
0	SQLE	1.0414201183432	1.73679352573714	0.452140619561434	2873
0	SRPK1	0.914027149321267	1.33069801736855	0.474765053950574	2873
0	STC1	0.271493212669683	0.463173848926781	0.809954751131222	2873
0	SVIL	0.729899060215802	1.08231255944548	0.561782109293422	2873
0	TACSTD2	3.65645666550644	17.2569368833059	0.2506091193874	2873
0	TCF4	0.276714235990254	0.930714548185111	0.848242255482074	2873
0	TCIM	4.14340410720501	23.2294281016125	0.20292377305952	2873
0	TENT5C	1.81273929690219	5.18776244489328	0.346327880264532	2873
0	TFAP2A	0.893143056038984	1.44575031970897	0.50887573964497	2873
0	THAP2	0.225200139227289	0.268556932423375	0.815871910894535	2873
0	TIFA	0.221371388792203	0.282453968220107	0.821441002436478	2873
0	TMEM147	1.65297598329273	2.82486666272384	0.282283327532196	2873
0	TOMM7	4.58371040723982	12.3872275929875	0.0643926209537069	2873
0	TOP2A	1.41315697876784	6.85605246037667	0.542986425339366	2873
0	TPD52	2.4963452836756	6.4763968055286	0.237382526975287	2873
0	TRAC	0.331360946745562	1.03709762489488	0.843369300382875	2873
0	TRAF4	1.21092934215106	2.23752674744305	0.413853115210581	2873
0	TRAPPC3	0.779672815871911	1.01794320767654	0.5036547163244	2873
0	TRIB1	0.549251653324051	1.0004459927071	0.667594848590324	2873
0	TUBA4A	0.912634876435781	1.49271286698656	0.494256874347372	2873
0	TUBB2B	0.182735816219979	0.206498501561462	0.841628959276018	2873
0	TYROBP	0.0591715976331361	0.0877231296665603	0.950922380786634	2873
0	USP53	1.16776888270101	2.11251232539635	0.438914027149321	2873
0	VOPP1	1.30804037591368	2.08648477274243	0.352593108249217	2873
0	VWF	0.744865993734772	6.18314302695263	0.786634180299339	2873
0	WARS	0.782109293421511	1.14749318164412	0.520710059171598	2873
0	ZEB1	0.302471284371737	0.593367846058836	0.812391228680821	2873
0	ZEB2	0.786286112077967	3.04762523426743	0.688130873651236	2873
0	ZNF562	1.04559693699965	1.70509289737224	0.441350504698921	2873
1	ABCC11	2.6336742147553	11.937733005992	0.358290723155588	2738
1	ACTA2	1.83491599707816	8.65669785556411	0.383491599707816	2738
1	ACTG2	1.71621621621622	3.03196930946296	0.2918188458729	2738
1	ADAM9	1.79583637691746	3.58745799587026	0.285975164353543	2738
1	ADGRE5	0.174945215485756	0.245232459547797	0.864134404674945	2738
1	AIF1	0.439371804236669	1.24531812915722	0.775018261504748	2738
1	AKR1C1	0.050036523009496	0.0643569588409542	0.9572680788897	2738
1	ANGPT2	0.0653761869978086	0.160503347653417	0.95836376917458	2738
1	ANKRD28	0.340759678597516	0.419097997759797	0.737764791818846	2738
1	ANKRD29	0.0602629656683711	0.0851503875282128	0.951059167275384	2738
1	ANKRD30A	6.85573411249087	58.4757087959198	0.170197224251278	2738
1	APOBEC3B	0.0975164353542732	0.122383307183196	0.914536157779401	2738
1	APOC1	0.451789627465303	1.88970998568701	0.806062819576333	2738
1	AQP1	0.356829802775749	2.55768260237078	0.842951059167275	2738
1	AR	1.37289992695398	3.15830075797591	0.420014609203798	2738
1	AVPR1A	0.102994886778671	0.329906993762666	0.941563184806428	2738
1	BACE2	0.360847333820307	0.482821642011522	0.732286340394449	2738
1	BASP1	1.14828341855369	1.8377043960786	0.403944485025566	2738
1	BTNL9	0.111395178962747	0.40154346745206	0.941197954711468	2738
1	C1QA	0.179693206720234	0.358637538287798	0.87472607742878	2738
1	C1QC	0.268078889700511	0.896320823880132	0.863403944485026	2738
1	C2orf42	0.135500365230095	0.190255522287032	0.891161431701972	2738
1	C6orf132	0.247260774287801	0.306030126345335	0.802410518626735	2738
1	CAV1	0.636230825420015	4.64950160837349	0.795471146822498	2738
1	CAVIN2	0.0628195763330898	0.143659127829997	0.961650840029218	2738
1	CCDC6	2.02373995617239	4.33155166344496	0.265887509130752	2738
1	CCDC80	0.731555880204529	3.89320188964212	0.732651570489408	2738
1	CCL5	0.398100803506209	1.74061750974726	0.852812271731191	2738
1	CCL8	0.0441928414901388	0.151864328162104	0.974433893352812	2738
1	CCND1	8.52812271731191	46.8755332666302	0.0598977355734112	2738
1	CCPG1	0.629291453615778	0.846448968001485	0.581081081081081	2738
1	CD14	0.334915997078159	1.27434491438775	0.83235938641344	2738
1	CD163	0.239225712198685	0.845563448487353	0.868151935719503	2738
1	CD247	0.143170197224251	0.227942010481601	0.89700511322133	2738
1	CD3D	0.0960555149744339	0.183316550808094	0.934623813002191	2738
1	CD3E	0.442658875091308	1.69802610280944	0.836742147552958	2738
1	CD3G	0.165084002921841	0.360753390821822	0.899926953981008	2738
1	CD4	0.495982468955442	1.7144522496011	0.773922571219869	2738
1	CD68	0.678232286340394	3.58404188683456	0.746530314097882	2738
1	CD69	0.148648648648649	0.480270369017159	0.91563184806428	2738
1	CD83	0.168736303871439	0.469142794158346	0.893718042366691	2738
1	CD86	0.123813002191381	0.344547823257975	0.920014609203798	2738
1	CD8A	0.526296566837107	7.07000608227525	0.862308254200146	2738
1	CD8B	0.109203798392988	0.284380001563942	0.935719503287071	2738
1	CD9	3.1208911614317	10.7581238675799	0.259313367421476	2738
1	CD93	0.435354273192111	2.93279419304169	0.867056245434624	2738
1	CDC42EP1	0.0840029218407597	0.0893969046315717	0.922205989773557	2738
1	CDH1	2.75493060628196	9.81313790164937	0.287801314828342	2738
1	CEACAM6	0.278305332359386	0.529021314118441	0.817019722425128	2738
1	CENPF	1.02629656683711	5.48926074066035	0.622717311906501	2738
1	CLDN4	0.509130752373996	0.779785068027287	0.668371073776479	2738
1	CLEC14A	0.292914536157779	1.77752376397563	0.901753104455807	2738
1	CRISPLD2	0.274653031409788	0.547848345041945	0.823959094229365	2738
1	CTLA4	0.0960555149744339	0.298040701337866	0.947406866325785	2738
1	CTTN	4.24251278305332	14.3942168476625	0.14645726807889	2738
1	CXCL12	0.93681519357195	5.48047827127797	0.685171658144631	2738
1	CXCL16	0.35500365230095	0.52208127510539	0.744338933528123	2738
1	CXCR4	1.55953250547845	5.90164274812087	0.429145361577794	2738
1	CYTIP	0.274287801314828	0.614910435225642	0.846238130021914	2738
1	DAPK3	0.147918188458729	0.226924783951119	0.886413440467494	2738
1	DMKN	0.196859021183346	0.26631091983273	0.848064280496713	2738
1	DNTTIP1	0.326515704894083	0.368321139870174	0.736669101533966	2738
1	DPT	0.138422205989774	0.310755565922484	0.914536157779401	2738
1	DSC2	0.357195032870709	0.4949445589523	0.737764791818846	2738
1	DSP	1.66325785244704	3.76233969307861	0.369247626004383	2738
1	DST	2.12381300219138	4.76325443633797	0.273557341124909	2738
1	DUSP2	0.0997078159240321	0.132181134911485	0.918188458728999	2738
1	DUSP5	0.400292184075968	0.64204595040288	0.727538349159971	2738
1	EDNRB	0.129291453615778	0.317219885063921	0.9163623082542	2738
1	EGFL7	0.0657414170927684	0.122092270706354	0.949233016800584	2738
1	EGFR	0.20745069393718	0.46261162069554	0.861577794010226	2738
1	EIF4EBP1	0.365960555149744	0.511255945831195	0.735208181154127	2738
1	ELF3	1.18517165814463	3.09503762123514	0.508765522279036	2738
1	ENAH	2.56939371804237	5.53354592384795	0.199415631848064	2738
1	EPCAM	9.68480642804967	92.497255369897	0.150474799123448	2738
1	ERBB2	17.0978816654492	171.61920632578	0.0266617969320672	2738
1	ERN1	0.481738495252009	1.47153340327459	0.711468224981738	2738
1	ESM1	0.058436815193572	0.121538220522112	0.960555149744339	2738
1	ESR1	0.0997078159240321	0.11172077685522	0.909788166544923	2738
1	FAM107B	0.837837837837838	1.41761052246988	0.516435354273192	2738
1	FAM49A	0.0745069393718042	0.103325021690958	0.93754565376187	2738
1	FASN	5.82578524470416	29.8764704281054	0.151205259313367	2738
1	FBLIM1	0.197224251278305	0.371026271212872	0.868151935719503	2738
1	FBLN1	0.289262235208181	1.11030482634829	0.865595325054785	2738
1	FCER1G	0.762235208181154	3.98692550987421	0.719868517165814	2738
1	FCGR3A	0.211468224981739	0.543865508854788	0.872534696859021	2738
1	FGL2	0.275748721694668	1.07081100296696	0.869612856099343	2738
1	FLNB	1.51497443389335	2.96159519481559	0.350255661066472	2738
1	FOXA1	8.0891161431702	57.7319165732799	0.119065010956903	2738
1	FSTL3	0.0777940102264427	0.0863828556162815	0.929510591672754	2738
1	GATA3	7.14317019722425	49.858194111322	0.107012417823229	2738
1	GJB2	0.184075967859752	0.712176000072591	0.908327246165084	2738
1	GLIPR1	0.299123447772096	0.597010557645145	0.809349890430971	2738
1	GPR183	0.280861943024105	1.0029291800564	0.859021183345508	2738
1	GZMA	0.213294375456538	0.72029086033373	0.902118334550767	2738
1	HAVCR2	0.168005843681519	0.370740705848164	0.889335281227173	2738
1	HDC	0.601533966398831	0.867472984048653	0.615777940102264	2738
1	HMGA1	1.28232286340394	2.37514228227576	0.39517896274653	2738
1	HOOK2	0.299123447772096	0.373408073173048	0.765522279035793	2738
1	HOXD8	0.421475529583638	0.729856499400943	0.712929145361578	2738
1	HOXD9	0.0942293644996348	0.303138043097952	0.951059167275384	2738
1	HPX	0.0719503287070855	0.0901811418504531	0.93791088385683	2738
1	IGF1	0.336742147552958	1.27129109972826	0.835281227173119	2738
1	IGSF6	0.266617969320672	0.815260826596989	0.841855368882396	2738
1	IL2RG	0.230825420014609	0.470631470424105	0.852081811541271	2738
1	IL3RA	0.0613586559532505	0.1087657090975	0.955441928414901	2738
1	IL7R	0.404674945215486	2.3703398468036	0.852081811541271	2738
1	ITGAM	0.0609934258582907	0.0916383258610349	0.951424397370343	2738
1	ITGAX	0.168371073776479	0.52370512787323	0.909057706355004	2738
1	ITM2C	0.660701241782323	2.99152044341099	0.675675675675676	2738
1	JUP	0.591307523739956	0.762759634294861	0.598612125639153	2738
1	KARS	0.592768444119795	0.802680604747356	0.60299488677867	2738
1	KDR	0.197224251278305	0.650894740339692	0.900292184075968	2738
1	KLF5	0.888604821037253	1.81623108162816	0.555880204528853	2738
1	KLRB1	0.177867056245435	0.47364952269217	0.897735573411249	2738
1	KRT15	0.0829072315558802	0.110405574876434	0.932797662527392	2738
1	KRT7	11.6077428780131	101.27391883485	0.0956902848794741	2738
1	KRT8	4.99963476990504	21.395323213288	0.161431701972243	2738
1	LAG3	0.0777940102264427	0.105381759525673	0.935354273192111	2738
1	LARS	1.51424397370343	2.74970569420004	0.326150474799123	2738
1	LDHB	0.558436815193572	1.25727077441322	0.694302410518627	2738
1	LGALSL	0.203798392987582	0.239050236285316	0.828341855368882	2738
1	LPL	0.116873630387144	0.281549301525814	0.933893352812272	2738
1	LPXN	0.190284879474069	0.246204449321885	0.846603360116874	2738
1	LRRC15	0.0818115412710007	0.149680020005586	0.93754565376187	2738
1	LUM	3.745434623813	48.1342959199123	0.391891891891892	2738
1	LYPD3	1.12892622352082	2.45578700880416	0.491599707815924	2738
1	LYZ	0.575602629656684	4.09603589903574	0.793644996347699	2738
1	MAP3K8	0.269539810080351	0.330683091034227	0.785609934258583	2738
1	MDM2	3.64353542731921	10.8191781428803	0.133674214755296	2738
1	MEDAG	0.079254930606282	0.196493123879593	0.948867786705625	2738
1	MKI67	0.597516435354273	1.39951154978455	0.653396639883126	2738
1	MLPH	4.30314097881665	26.2222846136584	0.273192111029949	2738
1	MMP1	0.0533235938641344	0.290907838982769	0.97845142439737	2738
1	MMP2	0.823228634039445	4.41156107375791	0.697224251278305	2738
1	MMRN2	0.122352081811541	0.336138857359583	0.931701972242513	2738
1	MNDA	0.0843681519357195	0.141582373731402	0.933528122717312	2738
1	MRC1	0.154492330168006	0.472652445867346	0.914901387874361	2738
1	MYLK	0.218772826880935	0.598449059809362	0.866325785244704	2738
1	MYO5B	1.75602629656684	3.85861365221278	0.346603360116874	2738
1	MZB1	0.274287801314828	2.08878694235027	0.876917457998539	2738
1	NARS	3.17859751643535	8.06929697276696	0.14645726807889	2738
1	NOSTRIN	0.170197224251278	0.714902482096824	0.915266617969321	2738
1	NPM3	0.107012417823229	0.127747665903476	0.903944485025566	2738
1	OCIAD2	0.498173849525201	0.644680624496724	0.653396639883126	2738
1	OXTR	0.0814463111760409	0.109184315896139	0.932432432432432	2738
1	PCLAF	1.11176040905771	3.20854998714955	0.527027027027027	2738
1	PCOLCE	0.0756026296566837	0.104256578612007	0.93827611395179	2738
1	PDE4A	0.138056975894814	0.178229617505209	0.884952520087655	2738
1	PDGFRA	0.469320672023375	2.44717681273291	0.817384952520088	2738
1	PDGFRB	0.732286340394449	4.63089729174627	0.772826880934989	2738
1	PDK4	0.870343316289262	4.63901055070623	0.638056975894814	2738
1	PECAM1	0.722790357925493	6.08498278467877	0.745799853907962	2738
1	PELI1	0.364134404674945	0.425998538012104	0.714390065741417	2738
1	PIM1	0.182615047479912	0.242123666883462	0.85390796201607	2738
1	POLR2J3	5.06756756756757	17.7882718304713	0.0668371073776479	2738
1	POSTN	3.68809349890431	82.0057113072949	0.4163623082542	2738
1	PPARG	0.378743608473338	0.812657244433031	0.757487216946676	2738
1	PRDM1	0.267348429510592	0.567884892070978	0.83308984660336	2738
1	PTGDS	0.148648648648649	0.56284252831567	0.929875821767714	2738
1	PTN	0.0997078159240321	0.165063853216193	0.927319211102995	2738
1	PTPRC	0.64536157779401	2.4825159269412	0.762965668371074	2738
1	PTRHD1	0.483929875821768	0.666347429498034	0.664353542731921	2738
1	QARS	1.22388604821037	1.89907119197917	0.382030679327977	2738
1	RAB30	0.181884587289993	0.391458339616213	0.873630387143901	2738
1	RAMP2	0.226442658875091	0.834346200766358	0.902848794740687	2738
1	RAPGEF3	0.14499634769905	0.171514961623494	0.87582176771366	2738
1	RHOH	0.747991234477721	1.18308876572515	0.556610664718773	2738
1	RORC	0.085463842220599	0.100840869901489	0.924032140248356	2738
1	RTKN2	0.359751643535427	0.833264388424413	0.785244704163623	2738
1	RUNX1	1.42768444119795	3.68658440604944	0.383126369612856	2738
1	S100A14	1.62235208181154	3.76452760416268	0.364134404674945	2738
1	S100A4	0.420014609203798	1.12056382879637	0.780861943024105	2738
1	SCD	8.64353542731921	75.8144284169035	0.100438276113952	2738
1	SDC4	0.361577794010226	0.439180849079256	0.721694667640614	2738
1	SEC11C	1.16581446311176	2.73464385595441	0.453250547845142	2738
1	SEC24A	1.02045288531775	1.53191619964275	0.430971512052593	2738
1	SELL	0.0734112490869248	0.151349776738601	0.948137326515705	2738
1	SERHL2	2.23959094229365	10.0594915388584	0.391526661796932	2738
1	SERPINA3	0.12563915266618	0.203427158013452	0.907962016070124	2738
1	SERPINB9	0.403944485025566	0.578457215769737	0.714390065741417	2738
1	SFRP4	0.10372534696859	0.326102302324045	0.934258582907232	2738
1	SH3YL1	1.30533235938641	2.49789629066599	0.401022644265888	2738
1	SLAMF1	0.107012417823229	0.2183578230098	0.926953981008035	2738
1	SLAMF7	0.237034331628926	3.84551140620109	0.924032140248356	2738
1	SLC25A37	0.246895544192841	0.324844213418213	0.806428049671293	2738
1	SLC5A6	0.811176040905771	1.38523127992268	0.543462381300219	2738
1	SMAP2	0.391526661796932	0.584685209555605	0.715120525931337	2738
1	SMS	1.89737034331629	3.51120243568571	0.258217677136596	2738
1	SNAI1	0.0544192841490139	0.120895698451509	0.960920379839299	2738
1	SOX17	0.0573411249086925	0.0942628583811954	0.956902848794741	2738
1	SQLE	0.989043097151205	1.5979800120258	0.463111760409058	2738
1	SRPK1	0.923666910153397	1.38145647943812	0.468955441928415	2738
1	STC1	0.245434623813002	0.347485543587024	0.815558802045289	2738
1	SVIL	0.679693206720234	0.974823142964453	0.56318480642805	2738
1	TACSTD2	3.46968590211833	16.965284592574	0.264426588750913	2738
1	TCF4	0.29254930606282	0.892461821645471	0.844411979547115	2738
1	TCIM	3.89737034331629	21.9204095968111	0.233747260774288	2738
1	TENT5C	1.75602629656684	5.2762241746826	0.364134404674945	2738
1	TFAP2A	0.860482103725347	1.41713707110818	0.514609203798393	2738
1	THAP2	0.210007304601899	0.239768286391637	0.822498173849525	2738
1	TIFA	0.217311906501096	0.263682650943314	0.821767713659606	2738
1	TMEM147	1.58327246165084	2.68305220268309	0.308619430241052	2738
1	TOMM7	4.44156318480643	12.546273331958	0.0748721694667641	2738
1	TOP2A	1.41928414901388	6.47813730249598	0.566106647187728	2738
1	TPD52	2.39737034331629	6.98489626104196	0.245434623813002	2738
1	TRAC	0.378013148283419	1.02000598886611	0.81336742147553	2738
1	TRAF4	1.16617969320672	2.10865481899564	0.432797662527392	2738
1	TRAPPC3	0.763330898466034	0.974292445088057	0.507669831994156	2738
1	TRIB1	0.534331628926224	1.08486402151298	0.689554419284149	2738
1	TUBA4A	0.928780131482834	1.54297118218453	0.47845142439737	2738
1	TUBB2B	0.180058436815194	0.195919324314988	0.841490138787436	2738
1	TYROBP	0.0525931336742148	0.0768822026857578	0.956902848794741	2738
1	USP53	1.11833455076698	2.04956507327416	0.452885317750183	2738
1	VOPP1	1.2899926953981	1.9831004018465	0.363403944485026	2738
1	VWF	0.518261504747991	3.55848992501381	0.816289262235208	2738
1	WARS	0.742147552958364	1.08438296397102	0.536157779401023	2738
1	ZEB1	0.33308984660336	0.717655118705811	0.799123447772096	2738
1	ZEB2	0.879839298758218	3.39403256459322	0.661431701972243	2738
1	ZNF562	1.00474799123448	1.58821274246035	0.444119795471147	2738
2	ABCC11	2.67257844474761	10.9163000023742	0.330832196452933	2932
2	ACTA2	1.76364256480218	8.7612433631553	0.383015006821282	2932
2	ACTG2	1.712482946794	3.11450806009808	0.289222373806276	2932
2	ADAM9	1.81207366984993	3.39865322145589	0.286834924965894	2932
2	ADGRE5	0.152455661664393	0.226834636382136	0.886084583901774	2932
2	AIF1	0.473738062755798	1.52745746531292	0.772510231923602	2932
2	AKR1C1	0.0504774897680764	0.0615930847882404	0.95600272851296	2932
2	ANGPT2	0.0515006821282401	0.128701261343787	0.966916780354707	2932
2	ANKRD28	0.326398362892224	0.419869248281179	0.747612551159618	2932
2	ANKRD29	0.0658253751705321	0.0806194822900286	0.943042291950887	2932
2	ANKRD30A	7.31582537517053	54.1711176057973	0.158594815825375	2932
2	APOBEC3B	0.100272851296044	0.113449260224824	0.909618008185539	2932
2	APOC1	0.44474761255116	2.01775814166946	0.806616643929059	2932
2	AQP1	0.377899045020464	3.75137763838883	0.863233287858117	2932
2	AR	1.44611186903138	3.21545058864109	0.395293315143247	2932
2	AVPR1A	0.092087312414734	0.229661011821223	0.946452933151432	2932
2	BACE2	0.366302864938608	0.481266026289968	0.726466575716235	2932
2	BASP1	1.13881309686221	1.77635723970559	0.400409276944065	2932
2	BTNL9	0.127899045020464	0.673844373291463	0.939631650750341	2932
2	C1QA	0.168485675306958	0.380337112384306	0.892905866302865	2932
2	C1QC	0.243860845839018	0.658696518329976	0.861527967257845	2932
2	C2orf42	0.124147339699864	0.142207563408143	0.890518417462483	2932
2	C6orf132	0.272169167803547	0.335997613132982	0.783424283765348	2932
2	CAV1	0.606412005457026	4.62019769849781	0.821282401091405	2932
2	CAVIN2	0.0654843110504775	0.179947803574998	0.962141882673943	2932
2	CCDC6	2.09618008185539	4.73588441382357	0.262278308321965	2932
2	CCDC80	0.716575716234652	3.29152999665355	0.736016371077763	2932
2	CCL5	0.341405184174625	1.58077564334394	0.876534788540246	2932
2	CCL8	0.055593451568895	0.207416672601246	0.970327421555252	2932
2	CCND1	8.83594815825375	43.3422350952307	0.0487721691678035	2932
2	CCPG1	0.625511596180082	0.842992743980118	0.57980900409277	2932
2	CD14	0.354024556616644	1.56346725016439	0.836971350613915	2932
2	CD163	0.241473396998636	0.926999943679626	0.874488403819918	2932
2	CD247	0.108117326057299	0.165379327069193	0.919167803547067	2932
2	CD3D	0.0828785811732606	0.16337785901567	0.943724420190996	2932
2	CD3E	0.359140518417462	1.22853122965085	0.85300136425648	2932
2	CD3G	0.180763983628922	0.380141620155798	0.892905866302865	2932
2	CD4	0.442360163710778	1.42588156522256	0.79399727148704	2932
2	CD68	0.63130968622101	3.63577133087852	0.753410641200546	2932
2	CD69	0.115279672578445	0.269203504151646	0.92462482946794	2932
2	CD83	0.161323328785812	0.503819196685187	0.899727148703956	2932
2	CD86	0.10743519781719	0.197597377239024	0.923942701227831	2932
2	CD8A	0.472032742155525	7.60583646702706	0.877899045020464	2932
2	CD8B	0.113574351978172	0.319747438004521	0.93212824010914	2932
2	CD9	3.26637107776262	10.5714650932336	0.214529331514325	2932
2	CD93	0.373465211459754	2.12420866375011	0.873806275579809	2932
2	CDC42EP1	0.0879945429740791	0.0946084639756664	0.918144611186903	2932
2	CDH1	2.86152796725784	9.65669749392939	0.257503410641201	2932
2	CEACAM6	0.316166439290587	0.625695568330807	0.800136425648022	2932
2	CENPF	0.952592087312415	4.59788819520192	0.603342428376535	2932
2	CLDN4	0.502728512960437	0.706577336027418	0.658253751705321	2932
2	CLEC14A	0.269781718963165	1.84565085646547	0.917803547066849	2932
2	CRISPLD2	0.290586630286494	0.736410846467356	0.820600272851296	2932
2	CTLA4	0.0832196452933151	0.213474720760309	0.951227830832196	2932
2	CTTN	4.36425648021828	13.8099536264506	0.120054570259209	2932
2	CXCL12	0.965211459754434	5.72448023503742	0.692360163710778	2932
2	CXCL16	0.356412005457026	0.559723457624501	0.739768076398363	2932
2	CXCR4	1.46418826739427	5.06558845720789	0.437926330150068	2932
2	CYTIP	0.231241473396999	0.475338888105369	0.861527967257845	2932
2	DAPK3	0.15075034106412	0.206539866683612	0.879263301500682	2932
2	DMKN	0.217598908594816	0.280850186392547	0.82537517053206	2932
2	DNTTIP1	0.329809004092769	0.380782904483895	0.737039563437926	2932
2	DPT	0.110845839017735	0.246664995673578	0.924283765347885	2932
2	DSC2	0.369031377899045	0.490176748247436	0.727489768076398	2932
2	DSP	1.71793997271487	3.65122359516723	0.336630286493861	2932
2	DST	2.2199863574352	4.90860075041104	0.255457025920873	2932
2	DUSP2	0.0951568894952251	0.141402670703107	0.927353342428377	2932
2	DUSP5	0.404160982264666	0.693302366433444	0.724761255115962	2932
2	EDNRB	0.116984993178718	0.256183605370079	0.92837653478854	2932
2	EGFL7	0.0661664392905866	0.128680897569985	0.950204638472033	2932
2	EGFR	0.190654843110505	0.416384832037286	0.876193724420191	2932
2	EIF4EBP1	0.370395634379263	0.508956104081932	0.73431105047749	2932
2	ELF3	1.27762619372442	3.10747604172921	0.472714870395634	2932
2	ENAH	2.63778990450205	5.55146123458927	0.188949522510232	2932
2	EPCAM	10.218622100955	86.7891037984612	0.135743519781719	2932
2	ERBB2	18.0579809004093	175.182580432252	0.0201227830832196	2932
2	ERN1	0.481582537517053	1.46571322314088	0.709754433833561	2932
2	ESM1	0.084924965893588	0.562215518080014	0.961459754433834	2932
2	ESR1	0.0961800818553888	0.117665375952499	0.91643929058663	2932
2	FAM107B	0.771828103683493	1.13215728466878	0.528990450204638	2932
2	FAM49A	0.0774215552523874	0.100110988385432	0.932469304229195	2932
2	FASN	6.13642564802183	28.9919582875437	0.139836289222374	2932
2	FBLIM1	0.162005457025921	0.300937361962686	0.887107776261937	2932
2	FBLN1	0.275579809004093	0.940065340950024	0.864597544338336	2932
2	FCER1G	0.742837653478854	4.15288283545642	0.72612551159618	2932
2	FCGR3A	0.228854024556617	0.706052183392155	0.878581173260573	2932
2	FGL2	0.245907230559345	0.803036808859312	0.872442019099591	2932
2	FLNB	1.63096862210095	3.19573799014443	0.321282401091405	2932
2	FOXA1	8.63608458390177	56.7358247188754	0.10743519781719	2932
2	FSTL3	0.0999317871759891	0.115223468562755	0.910641200545703	2932
2	GATA3	7.55457025920873	49.8690783891251	0.0961800818553888	2932
2	GJB2	0.172578444747613	0.708521087327857	0.915075034106412	2932
2	GLIPR1	0.264665757162347	0.5215350980696	0.834242837653479	2932
2	GPR183	0.235334242837653	0.88011578725423	0.877899045020464	2932
2	GZMA	0.169167803547067	0.5527440359743	0.92087312414734	2932
2	HAVCR2	0.165757162346521	0.367602190071511	0.889154160982265	2932
2	HDC	0.67462482946794	1.04660255452488	0.58356070941337	2932
2	HMGA1	1.3025238744884	2.11895643921151	0.363574351978172	2932
2	HOOK2	0.299454297407913	0.362701851544129	0.762960436562074	2932
2	HOXD8	0.445088676671214	0.858464441127256	0.701227830832196	2932
2	HOXD9	0.103683492496589	0.539911367547236	0.957708049113233	2932
2	HPX	0.0668485675306958	0.0794601435564577	0.941336971350614	2932
2	IGF1	0.336630286493861	1.35201156848533	0.841746248294679	2932
2	IGSF6	0.271487039563438	0.817433066021051	0.838335607094134	2932
2	IL2RG	0.218281036834925	0.465472581516767	0.86869031377899	2932
2	IL3RA	0.0576398362892224	0.0925482318891552	0.955661664392906	2932
2	IL7R	0.346862210095498	3.20376701887845	0.872100954979536	2932
2	ITGAM	0.0665075034106412	0.0900822370641147	0.943383356070941	2932
2	ITGAX	0.159618008185539	0.574308690607033	0.913028649386085	2932
2	ITM2C	0.617667121418827	2.67976964964524	0.693383356070941	2932
2	JUP	0.617667121418827	0.765747131733372	0.574693042291951	2932
2	KARS	0.57912687585266	0.730345467349768	0.596521145975443	2932
2	KDR	0.205320600272851	0.917228590459138	0.913369713506139	2932
2	KLF5	0.983969986357435	1.92775386876797	0.510572987721692	2932
2	KLRB1	0.171214188267394	0.498823090238746	0.907230559345157	2932
2	KRT15	0.100613915416098	0.137604535978255	0.917803547066849	2932
2	KRT7	12.1678035470668	95.7418767160843	0.0767394270122783	2932
2	KRT8	5.12210095497954	20.5719167035541	0.136425648021828	2932
2	LAG3	0.0774215552523874	0.105569876137053	0.935197817189632	2932
2	LARS	1.52353342428377	2.52929928137981	0.317530695770805	2932
2	LDHB	0.537517053206003	1.19852375440029	0.707025920873124	2932
2	LGALSL	0.197817189631651	0.23448175708415	0.831514324693042	2932
2	LPL	0.114256480218281	0.260226570838253	0.929740791268759	2932
2	LPXN	0.186221009549795	0.260089842642715	0.854024556616644	2932
2	LRRC15	0.0798090040927694	0.158759704210954	0.943724420190996	2932
2	LUM	3.49317871759891	49.2264972959245	0.434174624829468	2932
2	LYPD3	1.24829467939973	2.68960814513708	0.466575716234652	2932
2	LYZ	0.552182810368349	3.47219925964311	0.792974079126876	2932
2	MAP3K8	0.277967257844475	0.384325037480982	0.786834924965894	2932
2	MDM2	3.8100272851296	11.35898505555	0.1306275579809	2932
2	MEDAG	0.0607094133697135	0.140973635080235	0.958731241473397	2932
2	MKI67	0.580832196452933	1.2759613679429	0.652114597544338	2932
2	MLPH	4.47783083219645	24.2175226898986	0.24181446111869	2932
2	MMP1	0.0641200545702592	0.292714237373168	0.97237380627558	2932
2	MMP2	0.830832196452933	5.33745915026983	0.71862210095498	2932
2	MMRN2	0.119031377899045	0.328713083969048	0.931105047748977	2932
2	MNDA	0.084924965893588	0.151434214770562	0.934174624829468	2932
2	MRC1	0.13130968622101	0.3597563189372	0.925648021828104	2932
2	MYLK	0.192019099590723	0.589182274626575	0.886084583901774	2932
2	MYO5B	1.8731241473397	3.9190727338145	0.309004092769441	2932
2	MZB1	0.216916780354707	1.07609721176878	0.885743519781719	2932
2	NARS	3.3393587994543	8.04480996060823	0.130968622100955	2932
2	NOSTRIN	0.166098226466576	0.822964914265039	0.919508867667121	2932
2	NPM3	0.10743519781719	0.114349339026812	0.90075034106412	2932
2	OCIAD2	0.498976807639836	0.640394722082219	0.643929058663029	2932
2	OXTR	0.0859481582537517	0.118164812050522	0.928717598908595	2932
2	PCLAF	1.09959072305593	2.79458188634186	0.534788540245566	2932
2	PCOLCE	0.0610504774897681	0.080543147229388	0.948840381991814	2932
2	PDE4A	0.127216916780355	0.158835922907172	0.89256480218281	2932
2	PDGFRA	0.421896316507503	2.16482915608324	0.834583901773533	2932
2	PDGFRB	0.695429740791269	4.70522646145539	0.781718963165075	2932
2	PDK4	0.782742155525239	3.60307292837577	0.642905866302865	2932
2	PECAM1	0.656207366984993	5.53512692798383	0.753069577080491	2932
2	PELI1	0.35743519781719	0.446062065058892	0.724079126875853	2932
2	PIM1	0.196452933151432	0.286879259810573	0.847203274215553	2932
2	POLR2J3	5.18656207366985	16.2964689681688	0.0620736698499318	2932
2	POSTN	3.66780354706685	100.126387122088	0.425306957708049	2932
2	PPARG	0.366984993178718	0.684791588993387	0.746930422919509	2932
2	PRDM1	0.265347885402456	0.545738432329204	0.839699863574352	2932
2	PTGDS	0.145634379263301	0.552307785757251	0.924283765347885	2932
2	PTN	0.111527967257844	0.193289100889355	0.92019099590723	2932
2	PTPRC	0.544338335607094	2.20103582953639	0.792974079126876	2932
2	PTRHD1	0.502387448840382	0.645848955256965	0.645293315143247	2932
2	QARS	1.30081855388813	2.04458479545228	0.361527967257844	2932
2	RAB30	0.161664392905866	0.281600504183783	0.8806275579809	2932
2	RAMP2	0.218963165075034	0.828190258622258	0.906548431105048	2932
2	RAPGEF3	0.148021828103684	0.17391966107233	0.872783083219645	2932
2	RHOH	0.782401091405184	1.23752026486405	0.542974079126876	2932
2	RORC	0.104024556616644	0.121212047162026	0.908594815825375	2932
2	RTKN2	0.36493860845839	0.817985564295298	0.77012278308322	2932
2	RUNX1	1.35231923601637	3.27228052855514	0.388472032742156	2932
2	S100A14	1.66132332878581	3.7334336627377	0.343110504774898	2932
2	S100A4	0.401091405184175	1.21675759382573	0.797066848567531	2932
2	SCD	9.2980900409277	76.7360864224595	0.0989085948158254	2932
2	SDC4	0.380286493860846	0.458881118848574	0.707366984993179	2932
2	SEC11C	1.14085948158254	2.38308598911841	0.431787175989086	2932
2	SEC24A	1.08765347885402	1.66171035685246	0.416780354706685	2932
2	SELL	0.0661664392905866	0.121857287880459	0.953274215552524	2932
2	SERHL2	2.27285129604366	8.54647525184762	0.359481582537517	2932
2	SERPINA3	0.131991814461119	0.207410156193639	0.901432469304229	2932
2	SERPINB9	0.423260572987722	0.666575786053289	0.703274215552524	2932
2	SFRP4	0.0951568894952251	0.230109596666938	0.935197817189632	2932
2	SH3YL1	1.37926330150068	2.5814599825081	0.378240109140518	2932
2	SLAMF1	0.0951568894952251	0.249215703797611	0.942019099590723	2932
2	SLAMF7	0.209072305593452	2.20567679176779	0.930422919508868	2932
2	SLC25A37	0.284106412005457	0.359037652268652	0.774215552523875	2932
2	SLC5A6	0.808321964529331	1.25290922690741	0.530013642564802	2932
2	SMAP2	0.385402455661664	0.524222185295928	0.714870395634379	2932
2	SMS	1.85129604365621	3.17269364552507	0.262960436562074	2932
2	SNAI1	0.0477489768076398	0.0939321539566448	0.963847203274216	2932
2	SOX17	0.048431105047749	0.0843134708574563	0.963506139154161	2932
2	SQLE	1.02899045020464	1.62829608042739	0.448840381991814	2932
2	SRPK1	0.895634379263301	1.28354285911113	0.474079126875853	2932
2	STC1	0.246930422919509	0.349103505222189	0.813096862210095	2932
2	SVIL	0.725102319236016	1.0236890035156	0.542974079126876	2932
2	TACSTD2	3.74147339699864	18.2313329358325	0.242496589358799	2932
2	TCF4	0.266030013642565	0.957521866038456	0.86118690313779	2932
2	TCIM	4.00511596180082	22.1245046948387	0.218963165075034	2932
2	TENT5C	1.82673942701228	5.16478458850961	0.342428376534789	2932
2	TFAP2A	0.885402455661664	1.32360806042388	0.493519781718963	2932
2	THAP2	0.218281036834925	0.277823315054808	0.824010914051842	2932
2	TIFA	0.208049113233288	0.25079837629739	0.828785811732606	2932
2	TMEM147	1.6343792633015	2.78132192775828	0.301841746248295	2932
2	TOMM7	4.56070941336971	12.194538971143	0.0637789904502046	2932
2	TOP2A	1.33356070941337	5.82933388815896	0.560368349249659	2932
2	TPD52	2.45668485675307	6.06055918690129	0.22612551159618	2932
2	TRAC	0.36118690313779	1.07966669040501	0.828785811732606	2932
2	TRAF4	1.23806275579809	2.32201712605008	0.415757162346521	2932
2	TRAPPC3	0.786152796725784	0.984960014857389	0.503069577080491	2932
2	TRIB1	0.564120054570259	1.07435872730834	0.667462482946794	2932
2	TUBA4A	0.877557980900409	1.37599567217438	0.491473396998636	2932
2	TUBB2B	0.184515688949522	0.218074722715226	0.842769440654843	2932
2	TYROBP	0.053206002728513	0.102934105620725	0.96043656207367	2932
2	USP53	1.13744884038199	2.01487823859639	0.43656207366985	2932
2	VOPP1	1.30900409276944	2.00888512178475	0.356412005457026	2932
2	VWF	0.483969986357435	3.03590808234693	0.819236016371078	2932
2	WARS	0.794338335607094	1.15147936416614	0.519099590723056	2932
2	ZEB1	0.299454297407913	0.605622356491268	0.815825375170532	2932
2	ZEB2	0.787858117326057	3.02560482735484	0.679399727148704	2932
2	ZNF562	1.00579809004093	1.48580738057634	0.441678035470668	2932
3	ABCC11	2.1134401972873	9.1252839249786	0.425811755034936	2433
3	ACTA2	2.06206329634196	11.6141564318474	0.377722975750103	2433
3	ACTG2	1.55117139334155	2.79847004997079	0.325524044389642	2433
3	ADAM9	1.60542540073983	3.21184555292359	0.325524044389642	2433
3	ADGRE5	0.214549938347719	0.312502028035559	0.838471023427867	2433
3	AIF1	0.545828195643239	1.44372539316855	0.723386765310316	2433
3	AKR1C1	0.0669954788327168	0.0789801549959964	0.939991779695849	2433
3	ANGPT2	0.0748047677764077	0.190125630043046	0.954377311960543	2433
3	ANKRD28	0.330867242087957	0.391715407121392	0.736539251952322	2433
3	ANKRD29	0.073160706946157	0.110599257468578	0.940813810110974	2433
3	ANKRD30A	5.49404027949034	45.6431593684431	0.228113440197287	2433
3	APOBEC3B	0.0945334977394164	0.106191322171026	0.914919852034525	2433
3	APOC1	0.518701191944102	2.37064107556189	0.785039046444718	2433
3	AQP1	0.48006576243321	3.81631710093657	0.831894780106864	2433
3	AR	1.16646115906289	2.70048652573176	0.482531853678586	2433
3	AVPR1A	0.135224003288122	0.678664187055151	0.927661323468968	2433
3	BACE2	0.389231401561858	0.532235963289839	0.718454582819564	2433
3	BASP1	1.14344430743938	1.96913566476307	0.404438964241677	2433
3	BTNL9	0.167694204685573	0.787656564345533	0.923551171393342	2433
3	C1QA	0.192355117139334	0.409530347524172	0.873407316070695	2433
3	C1QC	0.336210439786272	1.11800158727588	0.829428688861488	2433
3	C2orf42	0.110974106041924	0.13488363131936	0.903000411015208	2433
3	C6orf132	0.19317714755446	0.236515929543343	0.841759145088368	2433
3	CAV1	0.818742293464858	5.67724726620789	0.763255240443896	2433
3	CAVIN2	0.0961775585696671	0.23910133688104	0.944512946979038	2433
3	CCDC6	1.72996300863132	3.85920464501258	0.333333333333333	2433
3	CCDC80	1.1101520756268	5.68769705745574	0.642827784628031	2433
3	CCL5	0.538018906699548	2.44602518549761	0.810110974106042	2433
3	CCL8	0.0600082203041513	0.176496217037659	0.968351829017674	2433
3	CCND1	7.60624743115495	38.3753227956594	0.0764488286066584	2433
3	CCPG1	0.642827784628031	0.912260421398779	0.579120427455816	2433
3	CD14	0.445129469790382	2.19774867772083	0.807644882860666	2433
3	CD163	0.310727496917386	1.351599511649	0.850390464447185	2433
3	CD247	0.158651870119194	0.298832392324818	0.896013152486642	2433
3	CD3D	0.117550349362926	0.198347286217999	0.914919852034525	2433
3	CD3E	0.544184134812988	2.40686686081714	0.803945745992602	2433
3	CD3G	0.189889025893958	0.384157594587572	0.879572544184135	2433
3	CD4	0.528154541718044	1.71970452873864	0.750102753801891	2433
3	CD68	0.788738183312783	3.53511982986144	0.692971639950678	2433
3	CD69	0.202630497328401	0.642723340796506	0.889847924373202	2433
3	CD83	0.201397451705713	0.63047502000995	0.87422934648582	2433
3	CD86	0.163995067817509	0.505578111817753	0.898890258939581	2433
3	CD8A	0.722975750102754	15.9396733781119	0.838060008220304	2433
3	CD8B	0.137690094533498	0.42305666872174	0.921496095355528	2433
3	CD9	2.63131935881628	8.9729825102213	0.29593094944513	2433
3	CD93	0.570078092889437	3.46640694291208	0.831483764899301	2433
3	CDC42EP1	0.094944512946979	0.100768017067945	0.912453760789149	2433
3	CDH1	2.31524866420058	8.76940965236786	0.3436087135224	2433
3	CEACAM6	0.269625976161118	0.494706151167081	0.820386354295109	2433
3	CENPF	0.859432799013564	5.03039721104566	0.645293875873407	2433
3	CLDN4	0.397040690505549	0.579135975728479	0.721331689272503	2433
3	CLEC14A	0.390053431976983	2.65577273563061	0.875873407316071	2433
3	CRISPLD2	0.353884093711467	0.997658632941825	0.797780517879161	2433
3	CTLA4	0.101109741060419	0.362305511389438	0.945334977394164	2433
3	CTTN	3.56309083436087	11.6671733375514	0.197698314837649	2433
3	CXCL12	1.42704480065762	9.40513998853494	0.614467735306206	2433
3	CXCL16	0.367447595561036	0.650288589460703	0.747225647348952	2433
3	CXCR4	1.83394985614468	7.04396206491882	0.397040690505549	2433
3	CYTIP	0.323879983559392	0.69522309743226	0.810521989313605	2433
3	DAPK3	0.14262227702425	0.188120916888389	0.883271681052199	2433
3	DMKN	0.160706946157008	0.214705421074267	0.86970817920263	2433
3	DNTTIP1	0.322235922729141	0.373094998593902	0.742704480065762	2433
3	DPT	0.189066995478833	0.467528446578843	0.8865598027127	2433
3	DSC2	0.34812988080559	0.527193252860899	0.750102753801891	2433
3	DSP	1.35141800246609	3.08245789798166	0.455815865187012	2433
3	DST	1.96752979860255	4.60955380513558	0.307028360049322	2433
3	DUSP2	0.0986436498150432	0.143225955610357	0.922729140978216	2433
3	DUSP5	0.402383888203864	0.669846288424498	0.724208795725442	2433
3	EDNRB	0.172215371968763	0.40083953912214	0.893547061241266	2433
3	EGFL7	0.0776818742293465	0.130887387241221	0.943690916563913	2433
3	EGFR	0.259761611179614	0.557496160252677	0.835593916974928	2433
3	EIF4EBP1	0.34812988080559	0.467982726545109	0.741882449650637	2433
3	ELF3	0.936703658035347	2.47049850466168	0.593916974928072	2433
3	ENAH	2.34977394163584	5.09265722683709	0.226469379367037	2433
3	EPCAM	7.88162762022195	78.5731532708168	0.21783806000822	2433
3	ERBB2	14.9572544184135	158.875639169207	0.0349362926428278	2433
3	ERN1	0.579531442663379	1.74953152378483	0.68557336621455	2433
3	ESM1	0.0920674064940403	0.366520107296609	0.949856144677353	2433
3	ESR1	0.0920674064940403	0.107474054665028	0.917385943279901	2433
3	FAM107B	0.864364981504316	1.39031268252315	0.508014796547472	2433
3	FAM49A	0.0875462392108508	0.111164741384912	0.925606247431155	2433
3	FASN	4.845869297164	26.6592109319228	0.208384710234279	2433
3	FBLIM1	0.235511713933416	0.452323925952367	0.846280312371558	2433
3	FBLN1	0.42170160295931	1.61239068888314	0.808466913275791	2433
3	FCER1G	0.90176736539252	4.56230361855614	0.667077681874229	2433
3	FCGR3A	0.279901356350185	0.76002762184433	0.844225236333744	2433
3	FGL2	0.315659679408138	1.14456141702904	0.84669132757912	2433
3	FLNB	1.42540073982737	3.29716703712121	0.397040690505549	2433
3	FOXA1	6.87299630086313	52.8304917175031	0.177558569667078	2433
3	FSTL3	0.0863131935881628	0.112612758777345	0.927250308261406	2433
3	GATA3	6.11385121249486	45.8114569137085	0.136868064118372	2433
3	GJB2	0.196465269214961	0.643128947909196	0.899712289354706	2433
3	GLIPR1	0.348540896013152	0.722219292837549	0.780517879161529	2433
3	GPR183	0.339909576654336	1.21706199839921	0.826551582408549	2433
3	GZMA	0.240032881216605	0.807492104181503	0.889025893958076	2433
3	HAVCR2	0.183723797780518	0.360557344733592	0.879983559391697	2433
3	HDC	0.514180024660913	0.847763482380462	0.672420879572544	2433
3	HMGA1	1.12946979038224	1.87755633882787	0.429510891903	2433
3	HOOK2	0.241676942046856	0.289430081445914	0.804356761200164	2433
3	HOXD8	0.493218249075216	1.06502389025897	0.69173859432799	2433
3	HOXD9	0.138923140156186	0.549771372790801	0.939580764488286	2433
3	HPX	0.0579531442663379	0.0759986047115344	0.950267159884916	2433
3	IGF1	0.438964241676942	1.6616719530794	0.800246609124538	2433
3	IGSF6	0.348951911220715	1.23221210007136	0.803534730785039	2433
3	IL2RG	0.273325113029182	0.581101480195549	0.827784628031237	2433
3	IL3RA	0.0805589806822852	0.139889161096325	0.9416358405261	2433
3	IL7R	0.552404438964242	4.3443949153095	0.815454171804357	2433
3	ITGAM	0.0879572544184135	0.140286656066802	0.934648581997534	2433
3	ITGAX	0.193999177969585	0.750177791117793	0.902589395807645	2433
3	ITM2C	0.78997122893547	3.98753096134303	0.663789560213728	2433
3	JUP	0.555692560624743	0.721506438336927	0.619399917796958	2433
3	KARS	0.525277435265105	0.72643726880395	0.634196465269215	2433
3	KDR	0.247842170160296	0.905243080342667	0.88491574188245	2433
3	KLF5	0.728729963008631	1.54480336167179	0.612412659268393	2433
3	KLRB1	0.206740649404028	0.574428229173432	0.8865598027127	2433
3	KRT15	0.0900123304562269	0.128818790966323	0.928483353884094	2433
3	KRT7	9.67940813810111	90.5879680706077	0.131524866420058	2433
3	KRT8	4.18043567612002	18.8576433956344	0.22235922729141	2433
3	LAG3	0.0785039046444719	0.10197605025202	0.934237566789971	2433
3	LARS	1.35182901767365	2.38603386548984	0.359227291409782	2433
3	LDHB	0.711878339498561	1.59499453782426	0.632552404438964	2433
3	LGALSL	0.1993423756679	0.250953514720829	0.836004932182491	2433
3	LPL	0.178791615289766	0.555602651048094	0.904644471845458	2433
3	LPXN	0.226880394574599	0.293076489389304	0.819153308672421	2433
3	LRRC15	0.114262227702425	0.213912459168876	0.924373201808467	2433
3	LUM	5.08672420879573	69.3070317401093	0.3436087135224	2433
3	LYPD3	0.935881627620222	2.1620055649296	0.575010275380189	2433
3	LYZ	0.712289354706124	5.16225433729207	0.761611179613646	2433
3	MAP3K8	0.267159884915742	0.343069932074323	0.791615289765721	2433
3	MDM2	3.20386354295109	9.14756730374021	0.166461159062885	2433
3	MEDAG	0.100287710645294	0.293392186925398	0.939991779695849	2433
3	MKI67	0.524455404849979	1.26184000962645	0.684340320591862	2433
3	MLPH	3.3612823674476	19.9981220390683	0.345663789560214	2433
3	MMP1	0.0756267981915331	0.445758498821036	0.973695026715989	2433
3	MMP2	1.12823674475956	6.16035778603425	0.646115906288533	2433
3	MMRN2	0.147965474722565	0.372834058018045	0.916563912864776	2433
3	MNDA	0.100698725852857	0.190102307634061	0.931771475544595	2433
3	MRC1	0.212083847102343	0.830001946914117	0.894369091656391	2433
3	MYLK	0.304151253596383	1.07768424027085	0.835593916974928	2433
3	MYO5B	1.48170982326346	3.47262997003905	0.410604192355117	2433
3	MZB1	0.298808055898068	2.59612111157984	0.86806411837238	2433
3	NARS	2.74106041923551	6.97979772373254	0.194410193177148	2433
3	NOSTRIN	0.191944101931771	0.812237707400435	0.910809699958898	2433
3	NPM3	0.126181668721743	0.143199929153955	0.886148787505138	2433
3	OCIAD2	0.419646526921496	0.531472407900136	0.691327579120427	2433
3	OXTR	0.0637073571722154	0.0761206248512749	0.943690916563913	2433
3	PCLAF	0.934648581997534	2.62853993607641	0.569256062474312	2433
3	PCOLCE	0.0891903000411015	0.133078003655876	0.930538429921907	2433
3	PDE4A	0.154130702836005	0.193750405607117	0.872585285655569	2433
3	PDGFRA	0.660090423345664	3.2861409457677	0.764077270859022	2433
3	PDGFRB	0.98314837648993	5.7484823533866	0.703247020139745	2433
3	PDK4	0.969995889847924	4.46003688320678	0.600904233456638	2433
3	PECAM1	0.909987669543773	7.28918063307169	0.700780928894369	2433
3	PELI1	0.350184956843403	0.443109546368997	0.732840115084258	2433
3	PIM1	0.242909987669544	0.353388239016164	0.818331278257296	2433
3	POLR2J3	4.61405672009864	14.3900490379	0.0612412659268393	2433
3	POSTN	5.25976161117961	129.699765897095	0.36662556514591	2433
3	PPARG	0.436909165639129	1.12194307439377	0.736950267159885	2433
3	PRDM1	0.390464447184546	0.923132720055375	0.785861076859844	2433
3	PTGDS	0.214960953555282	0.815203709412289	0.902178380600082	2433
3	PTN	0.148376489930127	0.257991812144416	0.896013152486642	2433
3	PTPRC	0.80682285244554	2.95608829796444	0.698314837648993	2433
3	PTRHD1	0.464447184545828	0.679759326259521	0.681463214138923	2433
3	QARS	1.1311138512125	1.77597643152274	0.415125359638307	2433
3	RAB30	0.194410193177148	0.368027951738169	0.864775996711878	2433
3	RAMP2	0.331689272503083	1.30399948893506	0.870119194410193	2433
3	RAPGEF3	0.143033292231813	0.191704117723415	0.880805589806823	2433
3	RHOH	0.660912453760789	1.08275196313845	0.599260172626387	2433
3	RORC	0.0904233456637896	0.102839993402131	0.918618988902589	2433
3	RTKN2	0.265515824085491	0.658090780279948	0.82367447595561	2433
3	RUNX1	1.45663789560214	3.85595201397451	0.397040690505549	2433
3	S100A14	1.43732018084669	3.40077768403752	0.410193177147554	2433
3	S100A4	0.529798602548294	1.44987236896186	0.740649404027949	2433
3	SCD	7.47266748869708	71.2378422648026	0.149198520345253	2433
3	SDC4	0.305795314426634	0.374378407099756	0.75914508836827	2433
3	SEC11C	1.10521989313605	2.97494395861719	0.482120838471023	2433
3	SEC24A	1.01068639539663	1.50235285925977	0.44471845458282	2433
3	SELL	0.109330045211673	0.290673605252342	0.930127414714344	2433
3	SERHL2	1.76736539251952	7.20243783394984	0.464858199753391	2433
3	SERPINA3	0.170160295930949	0.396198041728839	0.888203863542951	2433
3	SERPINB9	0.441841348129881	0.661192660674478	0.694615700780929	2433
3	SFRP4	0.14262227702425	0.430719601098906	0.92026304973284	2433
3	SH3YL1	1.11179613645705	2.19802280052791	0.462392108508015	2433
3	SLAMF1	0.107274969173859	0.258635375429942	0.931360460337032	2433
3	SLAMF7	0.301685162351007	3.74036311300747	0.905877517468146	2433
3	SLC25A37	0.238388820386354	0.303344771453905	0.809288943690917	2433
3	SLC5A6	0.653514180024661	1.02751334447398	0.598438142211262	2433
3	SMAP2	0.420057542129059	0.598150161161201	0.702013974517057	2433
3	SMS	1.68762844225236	3.08001546715114	0.299630086313194	2433
3	SNAI1	0.0752157829839704	0.145244865013956	0.946157007809289	2433
3	SOX17	0.0723386765310317	0.127988648408936	0.946979038224414	2433
3	SQLE	0.861487875051377	1.38417821294909	0.512124948623099	2433
3	SRPK1	0.794903411426223	1.12280296147271	0.511302918207974	2433
3	STC1	0.191533086724209	0.311161834533916	0.857788738183313	2433
3	SVIL	0.703247020139745	1.08871066963028	0.577476366625565	2433
3	TACSTD2	2.87258528565557	14.5092522362475	0.323468968351829	2433
3	TCF4	0.375667899712289	1.01259849492718	0.803534730785039	2433
3	TCIM	3.35470612412659	19.7002009107233	0.28688861487875	2433
3	TENT5C	1.76202219482121	6.30806367220468	0.39416358405261	2433
3	TFAP2A	0.758734073160707	1.23740826519137	0.561446773530621	2433
3	THAP2	0.19317714755446	0.240627771648605	0.843403205918619	2433
3	TIFA	0.230168516235101	0.294040144287957	0.816276202219482	2433
3	TMEM147	1.40567200986436	2.38264873612823	0.344841759145088	2433
3	TOMM7	4.06576243321003	9.88465378728882	0.0867242087957254	2433
3	TOP2A	1.20427455815865	5.45948829958688	0.594739005343198	2433
3	TPD52	2.11467324290999	6.04811108767613	0.297986025482943	2433
3	TRAC	0.532675709001233	1.68653465507176	0.759556103575832	2433
3	TRAF4	0.997122893547061	1.83181737674951	0.485819975339088	2433
3	TRAPPC3	0.730785039046445	0.969845477210297	0.531442663378545	2433
3	TRIB1	0.457870941224825	0.777932471823846	0.709001233045623	2433
3	TUBA4A	0.86970817920263	1.32717824539767	0.501027538018907	2433
3	TUBB2B	0.16563912864776	0.189246476626223	0.856144677353062	2433
3	TYROBP	0.064118372379778	0.0962160912453712	0.94780106863954	2433
3	USP53	0.982326346074805	1.84384869773078	0.504726674886971	2433
3	VOPP1	1.23099054665023	1.91125958584806	0.366214549938348	2433
3	VWF	0.684751335799425	5.19539649447302	0.790793259350596	2433
3	WARS	0.699958898479244	0.911583057520501	0.543773119605425	2433
3	ZEB1	0.447184545828196	0.894516124234771	0.737361282367448	2433
3	ZEB2	1.09288943690917	4.48314432041888	0.594739005343198	2433
3	ZNF562	0.869297163995068	1.26827158641052	0.489519112207152	2433
4	ABCC11	2.39071347678369	10.1611070813932	0.389203473008683	2649
4	ACTA2	2.00528501321253	11.2590355021958	0.388070970177425	2649
4	ACTG2	1.65005662514156	2.96170788954168	0.309550773876935	2649
4	ADAM9	1.67308418271046	3.15441499328828	0.311815779539449	2649
4	ADGRE5	0.192147980369951	0.270844666915284	0.85277463193658	2649
4	AIF1	0.459041147602869	1.45158835517938	0.768591921479804	2649
4	AKR1C1	0.0543601359003398	0.0612432554495255	0.950169875424689	2649
4	ANGPT2	0.0822952057380143	0.217545183213406	0.949414873537184	2649
4	ANKRD28	0.328425821064553	0.411733208336043	0.742544356360891	2649
4	ANKRD29	0.076632691581729	0.113082916770738	0.938844847112118	2649
4	ANKRD30A	6.11060777651944	45.6830029914956	0.194035485088713	2649
4	APOBEC3B	0.100037750094375	0.111967521233006	0.910532276330691	2649
4	APOC1	0.471498678746697	1.96000685432225	0.795771989429974	2649
4	AQP1	0.46394865987165	3.7042322873934	0.836164590411476	2649
4	AR	1.21517553793884	2.69763970671251	0.458663646659117	2649
4	AVPR1A	0.118535296338241	0.380959183138148	0.93922234805587	2649
4	BACE2	0.412231030577576	0.604170587088086	0.714986787466969	2649
4	BASP1	1.1275953189883	1.85531449478171	0.400906002265006	2649
4	BTNL9	0.181955454888637	0.866426537289909	0.920724801812005	2649
4	C1QA	0.193280483201208	0.40900316941124	0.875802189505474	2649
4	C1QC	0.280483201208003	0.833308527757702	0.84484711211778	2649
4	C2orf42	0.118912797281993	0.162213923284051	0.900339750849377	2649
4	C6orf132	0.229898074745187	0.293426009244786	0.818044545111363	2649
4	CAV1	0.845602114005285	6.63438491866615	0.776141940354851	2649
4	CAVIN2	0.0981502453756134	0.203353827870971	0.935447338618347	2649
4	CCDC6	1.88523971309928	3.84785229334676	0.291053227633069	2649
4	CCDC80	0.818422046055115	3.84654871758027	0.701019252548131	2649
4	CCL5	0.478671196677992	2.15145201005001	0.835409588523971	2649
4	CCL8	0.0554926387315968	0.152886171490354	0.967534918837297	2649
4	CCND1	8.11098527746319	41.6326927222151	0.06719516798792	2649
4	CCPG1	0.631181577953945	0.875628550476231	0.585503963759909	2649
4	CD14	0.373348433371083	1.49839818708305	0.815779539448849	2649
4	CD163	0.238203095507739	1.13999012338926	0.87995469988675	2649
4	CD247	0.132125330313326	0.21063298126522	0.903737259343148	2649
4	CD3D	0.104190260475651	0.224034549890003	0.93431483578709	2649
4	CD3E	0.460928652321631	1.61563675057219	0.825217063042658	2649
4	CD3G	0.183842959607399	0.37291105690002	0.890524726311816	2649
4	CD4	0.50887127217818	1.73490994150449	0.766704416761042	2649
4	CD68	0.700264250660627	3.41616684857427	0.718006795016987	2649
4	CD69	0.18233295583239	0.665760265231489	0.913174782936957	2649
4	CD83	0.174782936957342	0.559696185871876	0.890902227255568	2649
4	CD86	0.145337863344658	0.44676923059377	0.912419781049453	2649
4	CD8A	0.576443941109853	7.71932405661841	0.853152132880332	2649
4	CD8B	0.161947904869762	0.616889859822814	0.91845979614949	2649
4	CD9	2.86825217063043	9.61292296357615	0.263873159682899	2649
4	CD93	0.56964892412231	3.441616228663	0.831634579086448	2649
4	CDC42EP1	0.0951302378255946	0.109526880690313	0.91355228388071	2649
4	CDH1	2.5832389580974	9.533193281624	0.307285768214421	2649
4	CEACAM6	0.260098150245376	0.454604371027533	0.82559456398641	2649
4	CENPF	0.872404681011703	4.2888492379842	0.630804077010192	2649
4	CLDN4	0.46394865987165	0.661180927876789	0.682521706304266	2649
4	CLEC14A	0.434503586258966	2.84701146987012	0.873914684786712	2649
4	CRISPLD2	0.293318233295583	0.591802013870577	0.807474518686297	2649
4	CTLA4	0.0864477161192903	0.189276236030468	0.94563986409966	2649
4	CTTN	3.97055492638732	13.3291930831792	0.152510381275953	2649
4	CXCL12	1.16308040770102	7.00662736551105	0.650056625141563	2649
4	CXCL16	0.362400906002265	0.639008734984088	0.749716874292186	2649
4	CXCR4	1.65911664779162	6.4302048085182	0.430728576821442	2649
4	CYTIP	0.290675726689317	0.722122239595652	0.838052095130238	2649
4	DAPK3	0.124575311438279	0.164988726293566	0.89920724801812	2649
4	DMKN	0.181577953944885	0.232500379211685	0.853907134767837	2649
4	DNTTIP1	0.30879577198943	0.352494357444359	0.748206870517176	2649
4	DPT	0.132880332200831	0.32750231233584	0.916949792374481	2649
4	DSC2	0.325783314458286	0.50145354970641	0.761796904492261	2649
4	DSP	1.47489618724047	3.35369357872039	0.412986032465081	2649
4	DST	2.08531521328803	4.56900255354874	0.27519818799547	2649
4	DUSP2	0.0822952057380143	0.105007418862953	0.929029822574556	2649
4	DUSP5	0.377500943752359	0.543239824866922	0.724046810117025	2649
4	EDNRB	0.146847867119668	0.326237227979779	0.908644771611929	2649
4	EGFL7	0.103435258588146	0.209840913575097	0.930162325405814	2649
4	EGFR	0.213288033220083	0.410306745177748	0.855417138542846	2649
4	EIF4EBP1	0.346923367308418	0.468344949185645	0.7440543601359	2649
4	ELF3	1.03661759154398	2.63196680272664	0.546243865609664	2649
4	ENAH	2.4073235183088	4.91068652709402	0.211023027557569	2649
4	EPCAM	8.80520951302378	81.280773454954	0.178935447338618	2649
4	ERBB2	16.0286900717252	157.289206780418	0.0317100792751982	2649
4	ERN1	0.460928652321631	1.3694131856175	0.726311815779539	2649
4	ESM1	0.107965269913175	0.525348161935373	0.949037372593431	2649
4	ESR1	0.0955077387693469	0.105300808946887	0.913174782936957	2649
4	FAM107B	0.813892034730087	1.21572838864127	0.51679879199698	2649
4	FAM49A	0.0834277085692714	0.102931448793881	0.929029822574556	2649
4	FASN	5.35900339750849	28.2143458342029	0.184975462438656	2649
4	FBLIM1	0.210268025670064	0.408565222697042	0.863722159305398	2649
4	FBLN1	0.305398263495659	0.919914201220557	0.844469611174028	2649
4	FCER1G	0.773121932804832	4.04178484955265	0.719139297848245	2649
4	FCGR3A	0.239335598338996	0.592998954174135	0.860324650811627	2649
4	FGL2	0.286145715364288	1.25192656637223	0.867874669686674	2649
4	FLNB	1.49188372970932	2.92525509825866	0.366930917327293	2649
4	FOXA1	7.46772366930917	51.4650643405308	0.144960362400906	2649
4	FSTL3	0.0860702151755379	0.0983293017144897	0.923744809362023	2649
4	GATA3	6.68176670441676	44.4285231615652	0.12004530011325	2649
4	GJB2	0.211778029445074	0.870918627447595	0.899962249905625	2649
4	GLIPR1	0.311438278595697	0.701685581630828	0.810117025292563	2649
4	GPR183	0.286900717251793	1.19107079112107	0.852397130992827	2649
4	GZMA	0.243488108720272	0.85194492820063	0.888637221593054	2649
4	HAVCR2	0.175537938844847	0.382694432944566	0.889392223480559	2649
4	HDC	0.585126462816157	0.91278473664461	0.622876557191393	2649
4	HMGA1	1.21291053227633	2.0792743428233	0.400528501321253	2649
4	HOOK2	0.259720649301623	0.313939650030386	0.791241978104945	2649
4	HOXD8	0.482068705171763	0.906872456002905	0.695734239335598	2649
4	HOXD9	0.159305398263496	0.783524592874951	0.933182332955832	2649
4	HPX	0.0585126462816157	0.0724813216866905	0.949414873537184	2649
4	IGF1	0.36164590411476	1.15012961626056	0.820687051717629	2649
4	IGSF6	0.305020762551906	1.21055257698569	0.834654586636467	2649
4	IL2RG	0.262740656851642	0.60918901164325	0.84635711589279	2649
4	IL3RA	0.0887127217818044	0.154891431412864	0.93922234805587	2649
4	IL7R	0.462816157040393	3.14825807834895	0.840694601736504	2649
4	ITGAM	0.0702151755379389	0.0992975745279169	0.943752359380898	2649
4	ITGAX	0.164212910532276	0.523250522627819	0.910154775386938	2649
4	ITM2C	0.69120422801057	3.42047018826015	0.674594186485466	2649
4	JUP	0.547753869384673	0.672284416738257	0.607021517553794	2649
4	KARS	0.554548886372216	0.792434926706643	0.619101547753869	2649
4	KDR	0.292563231408078	1.21913274005238	0.883729709324273	2649
4	KLF5	0.81917704794262	1.57340853699573	0.553038882597206	2649
4	KLRB1	0.183842959607399	0.570796253274599	0.902604756511891	2649
4	KRT15	0.0834277085692714	0.111239605893579	0.931672329180823	2649
4	KRT7	10.6545866364666	90.9724119230994	0.106832767081918	2649
4	KRT8	4.53227633069083	19.5995054281445	0.194035485088713	2649
4	LAG3	0.072480181200453	0.0929319506078206	0.938467346168365	2649
4	LARS	1.39297848244621	2.44331925973316	0.358248395620989	2649
4	LDHB	0.651566628916572	1.58738519580431	0.67044167610419	2649
4	LGALSL	0.208380520951302	0.24508079774731	0.825217063042658	2649
4	LPL	0.136277840694602	0.392675113107721	0.926009815024538	2649
4	LPXN	0.217440543601359	0.300133779035367	0.831634579086448	2649
4	LRRC15	0.0894677236693092	0.175904890290934	0.93922234805587	2649
4	LUM	4.1124952812382	55.1565243225808	0.40166100415251	2649
4	LYPD3	1.05926764816912	2.39263405560334	0.530766326915817	2649
4	LYZ	0.577953944884862	3.26138689969068	0.788976972442431	2649
4	MAP3K8	0.270668176670442	0.343251856996699	0.784824462061155	2649
4	MDM2	3.41902604756512	10.2080366643515	0.152132880332201	2649
4	MEDAG	0.0705926764816912	0.12303594014272	0.947527368818422	2649
4	MKI67	0.567761419403549	1.32027448082213	0.663269158172895	2649
4	MLPH	3.76670441676104	20.9432867558746	0.305020762551906	2649
4	MMP1	0.0785201963004908	0.545947054067001	0.973574933937335	2649
4	MMP2	0.855794639486599	4.5607679578111	0.706681766704417	2649
4	MMRN2	0.16157040392601	0.440652517794436	0.913174782936957	2649
4	MNDA	0.096640241600604	0.157575565766712	0.92638731596829	2649
4	MRC1	0.144582861457154	0.450764638996186	0.923367308418271	2649
4	MYLK	0.292940732351831	0.957959966652187	0.847489618724047	2649
4	MYO5B	1.64439411098528	3.48527917392307	0.35673839184598	2649
4	MZB1	0.258210645526614	1.86985797524924	0.882219705549264	2649
4	NARS	3.0721026802567	7.93550920999677	0.161192902982257	2649
4	NOSTRIN	0.231408078520196	1.04197388514619	0.902227255568139	2649
4	NPM3	0.110985277463194	0.107012963907038	0.893167232918082	2649
4	OCIAD2	0.466968667421669	0.583595074924241	0.65911664779162	2649
4	OXTR	0.0736126840317101	0.092388794038457	0.936957342393356	2649
4	PCLAF	1.00830502076255	2.87757450511451	0.555681389203473	2649
4	PCOLCE	0.068327670819177	0.0908733729538289	0.940354850887127	2649
4	PDE4A	0.146092865232163	0.182198663578239	0.878067195167988	2649
4	PDGFRA	0.526613816534541	2.51449158834373	0.798036995092488	2649
4	PDGFRB	0.84635711589279	5.27963268359854	0.747451868629672	2649
4	PDK4	0.870517176292941	4.11351487593206	0.620611551528879	2649
4	PECAM1	0.947527368818422	7.53991929919396	0.701396753491884	2649
4	PELI1	0.368440921102303	0.448036881043859	0.713854284635712	2649
4	PIM1	0.20158550396376	0.289408361360791	0.844469611174028	2649
4	POLR2J3	4.8240845602114	15.2537852738136	0.057757644394111	2649
4	POSTN	4.2551906379766	97.4280555622077	0.412231030577576	2649
4	PPARG	0.447338618346546	1.16725971950881	0.737259343148358	2649
4	PRDM1	0.31521328803322	0.711403664838444	0.813892034730087	2649
4	PTGDS	0.169497923744809	0.69671277652512	0.918837297093243	2649
4	PTN	0.136277840694602	0.258989312503494	0.909399773499434	2649
4	PTPRC	0.721404303510759	2.92537627492093	0.738391845979615	2649
4	PTRHD1	0.495281238203095	0.694180897083653	0.656096640241601	2649
4	QARS	1.1845979614949	1.92927930393845	0.397885994714987	2649
4	RAB30	0.171762929407324	0.318296022326163	0.874292185730464	2649
4	RAMP2	0.351453378633447	1.41986287933999	0.870139675349188	2649
4	RAPGEF3	0.152132880332201	0.197768296535539	0.875047187617969	2649
4	RHOH	0.69913174782937	1.08958006156343	0.579463948659872	2649
4	RORC	0.0887127217818044	0.102776627787486	0.920347300868252	2649
4	RTKN2	0.30086825217063	0.664353475460762	0.808607021517554	2649
4	RUNX1	1.38089845224613	3.54557154897411	0.395620989052473	2649
4	S100A14	1.50585126462816	3.66546801563377	0.398640996602492	2649
4	S100A4	0.470743676859192	1.21222909175095	0.762174405436014	2649
4	SCD	8.15402038505096	70.7179606053241	0.122687806719517	2649
4	SDC4	0.332200830502076	0.391866793488723	0.738014345035863	2649
4	SEC11C	1.04869762174405	2.31900226842708	0.467346168365421	2649
4	SEC24A	1.0086825217063	1.49879165483414	0.434126085315213	2649
4	SELL	0.06719516798792	0.117084312725884	0.948282370705927	2649
4	SERHL2	2.04567761419404	8.99753512412494	0.418271045677614	2649
4	SERPINA3	0.145337863344658	0.290424819717649	0.901094752736882	2649
4	SERPINB9	0.43525858814647	0.612970863998124	0.690071725179313	2649
4	SFRP4	0.130237825594564	0.312714482692551	0.921857304643262	2649
4	SH3YL1	1.22008305020763	2.4345512015593	0.440543601359003	2649
4	SLAMF1	0.0970177425443564	0.167698806709247	0.930162325405814	2649
4	SLAMF7	0.275575688939222	5.39608374134245	0.916572291430729	2649
4	SLC25A37	0.233295583238958	0.293739928080943	0.811627029067573	2649
4	SLC5A6	0.716119290298226	1.10518191325688	0.56964892412231	2649
4	SMAP2	0.386938467346168	0.569632957314998	0.711589278973197	2649
4	SMS	1.75953189882975	3.20159434273213	0.283503208758022	2649
4	SNAI1	0.0675726689316723	0.151398977440044	0.956964892412231	2649
4	SOX17	0.0773876934692337	0.146954502582637	0.94714986787467	2649
4	SQLE	0.949037372593431	1.44793053070243	0.467346168365421	2649
4	SRPK1	0.803322008305021	1.09612189060684	0.506606266515666	2649
4	STC1	0.201963004907512	0.343258985035698	0.850509626274066	2649
4	SVIL	0.703284258210646	1.05165461742962	0.569271423178558	2649
4	TACSTD2	3.16610041525104	14.9663579370429	0.289920724801812	2649
4	TCF4	0.35032087580219	1.15290869609346	0.825217063042658	2649
4	TCIM	3.7036617591544	18.0416822057916	0.228388070970177	2649
4	TENT5C	1.68742921857305	5.45966442332993	0.392978482446206	2649
4	TFAP2A	0.797281993204983	1.27120106886372	0.543601359003397	2649
4	THAP2	0.218573046432616	0.284911709258123	0.826349565873915	2649
4	TIFA	0.232540581351453	0.306931647238485	0.813514533786334	2649
4	TMEM147	1.50283125707814	2.59827370301049	0.32163080407701	2649
4	TOMM7	4.26009815024538	10.7929729510879	0.0773876934692337	2649
4	TOP2A	1.22197055492639	5.13802164414766	0.580596451491129	2649
4	TPD52	2.22801057002642	5.98651118417814	0.281993204983012	2649
4	TRAC	0.445828614571536	1.35365423194525	0.787466968667422	2649
4	TRAF4	1.08531521328803	1.97459167741572	0.448848622121555	2649
4	TRAPPC3	0.739524348810872	0.929860951918232	0.516043790109475	2649
4	TRIB1	0.548131370328426	1.0959642183849	0.680256700641752	2649
4	TUBA4A	0.874292185730464	1.3168955052297	0.493016232540581	2649
4	TUBB2B	0.168365420913552	0.185388603577251	0.852019630049075	2649
4	TYROBP	0.0615326538316346	0.0993089793902708	0.951679879199698	2649
4	USP53	0.998867497168743	1.8191074782823	0.486976217440544	2649
4	VOPP1	1.22763306908267	1.79899443328667	0.359003397508494	2649
4	VWF	0.673839184597962	4.25838257382647	0.788221970554926	2649
4	WARS	0.717629294073235	0.929300117812217	0.533031332578331	2649
4	ZEB1	0.374858437146093	0.751799687278648	0.778406946017365	2649
4	ZEB2	0.940354850887127	3.65429609759813	0.640996602491506	2649
4	ZNF562	0.938467346168365	1.45655973467731	0.474518686296716	2649
5	ABCC11	2.252	9.62674669867933	0.4112	2500
5	ACTA2	1.922	9.76062024809932	0.386	2500
5	ACTG2	1.6112	3.00283569427773	0.324	2500
5	ADAM9	1.6568	3.43238671468587	0.3276	2500
5	ADGRE5	0.1936	0.272227931172473	0.8532	2500
5	AIF1	0.4828	1.27181288515402	0.7612	2500
5	AKR1C1	0.0572	0.0659545418167237	0.9484	2500
5	ANGPT2	0.0668	0.163203041216494	0.9592	2500
5	ANKRD28	0.324	0.400784313725486	0.7464	2500
5	ANKRD29	0.0644	0.0930898759503786	0.948	2500
5	ANKRD30A	5.9664	49.8067937575018	0.2252	2500
5	APOBEC3B	0.0928	0.118635614245697	0.9164	2500
5	APOC1	0.4376	1.83644081632654	0.8056	2500
5	AQP1	0.3976	2.87026234493808	0.836	2500
5	AR	1.22	2.8311324529812	0.472	2500
5	AVPR1A	0.1124	0.452747338935556	0.9428	2500
5	BACE2	0.4028	0.604794077631042	0.7164	2500
5	BASP1	1.154	2.024693877551	0.4072	2500
5	BTNL9	0.1304	0.435169907963215	0.9304	2500
5	C1QA	0.1824	0.354071868747515	0.8804	2500
5	C1QC	0.2732	0.666028171268522	0.8404	2500
5	C2orf42	0.1152	0.129180632252905	0.8964	2500
5	C6orf132	0.2288	0.312575590236078	0.8252	2500
5	CAV1	0.7248	5.98345834333723	0.7996	2500
5	CAVIN2	0.066	0.164109643857538	0.9624	2500
5	CCDC6	1.8952	4.34115342136847	0.3096	2500
5	CCDC80	0.9184	4.45432316926776	0.6868	2500
5	CCL5	0.5456	2.8210490596239	0.8268	2500
5	CCL8	0.0576	0.272791356542606	0.9696	2500
5	CCND1	7.6876	40.1236557022812	0.0804	2500
5	CCPG1	0.6436	0.857722128851524	0.5748	2500
5	CD14	0.3672	1.2688717086835	0.8148	2500
5	CD163	0.2488	0.739194237695057	0.8592	2500
5	CD247	0.1532	0.248229051620656	0.8928	2500
5	CD3D	0.122	0.216802721088438	0.9152	2500
5	CD3E	0.5512	2.04739751900765	0.7964	2500
5	CD3G	0.2196	0.497975030012015	0.8728	2500
5	CD4	0.482	1.33981192476994	0.7632	2500
5	CD68	0.634	2.34338135254097	0.7196	2500
5	CD69	0.2008	0.669547178871525	0.896	2500
5	CD83	0.1648	0.453022168867557	0.8928	2500
5	CD86	0.1244	0.252225530212077	0.914	2500
5	CD8A	0.7152	15.3114135254103	0.846	2500
5	CD8B	0.15	0.556522609043632	0.92	2500
5	CD9	2.7748	10.0401010004002	0.296	2500
5	CD93	0.4824	3.0925272509004	0.8488	2500
5	CDC42EP1	0.0892	0.0972822729091659	0.9184	2500
5	CDH1	2.5572	9.90028827531007	0.3256	2500
5	CEACAM6	0.2776	0.557561264505824	0.824	2500
5	CENPF	0.9744	5.72563489395743	0.6424	2500
5	CLDN4	0.4208	0.638382713085243	0.7172	2500
5	CLEC14A	0.3564	2.38553325330139	0.89	2500
5	CRISPLD2	0.3296	0.763669307723095	0.8016	2500
5	CTLA4	0.1124	0.370314365746298	0.9448	2500
5	CTTN	3.856	13.4838575430173	0.1816	2500
5	CXCL12	1.19	7.51450580232082	0.6356	2500
5	CXCL16	0.3424	0.519770148059232	0.75	2500
5	CXCR4	1.67	6.10594237695056	0.4124	2500
5	CYTIP	0.29	0.589335734293741	0.8244	2500
5	DAPK3	0.1312	0.182059383753495	0.8956	2500
5	DMKN	0.184	0.256646658663471	0.8584	2500
5	DNTTIP1	0.334	0.388199279711864	0.734	2500
5	DPT	0.1492	0.342276270508213	0.9052	2500
5	DSC2	0.36	0.486594637855128	0.7324	2500
5	DSP	1.518	3.53589035614237	0.4076	2500
5	DST	2.098	5.34813525410175	0.3048	2500
5	DUSP2	0.1016	0.163342777110849	0.9232	2500
5	DUSP5	0.398	0.632649059623857	0.7264	2500
5	EDNRB	0.1312	0.256489155662251	0.9152	2500
5	EGFL7	0.0732	0.131894517807123	0.9456	2500
5	EGFR	0.2248	0.480857302921143	0.8568	2500
5	EIF4EBP1	0.3544	0.506603281312537	0.7424	2500
5	ELF3	1.0136	2.73610948379347	0.5676	2500
5	ENAH	2.3704	5.25050404161666	0.2332	2500
5	EPCAM	8.5892	81.8419801520609	0.2012	2500
5	ERBB2	15.8848	178.061153421364	0.0408	2500
5	ERN1	0.45	0.898259303721492	0.7096	2500
5	ESM1	0.092	0.617382953181277	0.958	2500
5	ESR1	0.0752	0.087980152060821	0.9332	2500
5	FAM107B	0.8464	1.38095942376951	0.5184	2500
5	FAM49A	0.074	0.0901600640256058	0.9364	2500
5	FASN	5.1308	27.6279425370145	0.1928	2500
5	FBLIM1	0.2028	0.339407923169247	0.8588	2500
5	FBLN1	0.3844	1.48202945178078	0.8228	2500
5	FCER1G	0.7504	3.85844321728694	0.698	2500
5	FCGR3A	0.2484	0.538913005202055	0.8468	2500
5	FGL2	0.3116	1.1453635854342	0.8512	2500
5	FLNB	1.4476	3.25095462184881	0.3808	2500
5	FOXA1	7.1404	52.326418407363	0.1684	2500
5	FSTL3	0.08	0.100040016006408	0.932	2500
5	GATA3	6.3976	44.3356484993994	0.1304	2500
5	GJB2	0.226	0.888879551820732	0.8948	2500
5	GLIPR1	0.3452	0.722325890356166	0.7908	2500
5	GPR183	0.2912	1.10124305722289	0.8444	2500
5	GZMA	0.2964	1.19382456982791	0.8816	2500
5	HAVCR2	0.1748	0.363590396158446	0.8832	2500
5	HDC	0.5308	0.809375110043994	0.6548	2500
5	HMGA1	1.2248	2.21275006002395	0.3956	2500
5	HOOK2	0.2684	0.356504041616653	0.7952	2500
5	HOXD8	0.4592	0.915901720688272	0.7028	2500
5	HOXD9	0.1192	0.504393117246901	0.9456	2500
5	HPX	0.0632	0.0824387354941958	0.946	2500
5	IGF1	0.384	1.18741896758706	0.81	2500
5	IGSF6	0.2812	0.705608803521407	0.828	2500
5	IL2RG	0.2972	0.664337895158038	0.8264	2500
5	IL3RA	0.0664	0.0924280112044869	0.9468	2500
5	IL7R	0.5204	3.92315310124061	0.8336	2500
5	ITGAM	0.0636	0.0891907162865092	0.946	2500
5	ITGAX	0.1536	0.521415606242501	0.9152	2500
5	ITM2C	0.7056	3.48752364945977	0.6708	2500
5	JUP	0.5528	0.721100600240104	0.6096	2500
5	KARS	0.5608	0.788218647458994	0.6272	2500
5	KDR	0.2204	0.955406002400949	0.908	2500
5	KLF5	0.7908	1.54445314125654	0.5824	2500
5	KLRB1	0.2132	0.6400017607043	0.8852	2500
5	KRT15	0.09	0.130752300920374	0.9296	2500
5	KRT7	10.1724	92.9310506602637	0.1324	2500
5	KRT8	4.54	21.5658263305319	0.2052	2500
5	LAG3	0.0932	0.132566786714684	0.926	2500
5	LARS	1.3716	2.38806866746698	0.3636	2500
5	LDHB	0.6244	1.34786378551421	0.6604	2500
5	LGALSL	0.1812	0.214052180872344	0.8468	2500
5	LPL	0.1344	0.38609107643059	0.9224	2500
5	LPXN	0.2012	0.271227050820332	0.8432	2500
5	LRRC15	0.1028	0.193109403761512	0.9272	2500
5	LUM	4.3912	59.3426996398556	0.3804	2500
5	LYPD3	1.0604	2.47214069627849	0.5348	2500
5	LYZ	0.5228	2.48327346938783	0.7876	2500
5	MAP3K8	0.2652	0.339804881952794	0.7892	2500
5	MDM2	3.386	10.8125290116047	0.1656	2500
5	MEDAG	0.0928	0.166654821928773	0.9352	2500
5	MKI67	0.5628	1.30497815126055	0.672	2500
5	MLPH	3.7284	23.3023543817534	0.3344	2500
5	MMP1	0.0952	0.534350700280114	0.9632	2500
5	MMP2	1.0104	5.85103225290124	0.6736	2500
5	MMRN2	0.128	0.362160864345749	0.93	2500
5	MNDA	0.0904	0.157490836334539	0.9348	2500
5	MRC1	0.1504	0.343917406962766	0.9072	2500
5	MYLK	0.264	0.935478191276524	0.8548	2500
5	MYO5B	1.5916	3.78872492997196	0.3792	2500
5	MZB1	0.2592	1.62066362545023	0.8852	2500
5	NARS	2.8988	7.57959039615859	0.1768	2500
5	NOSTRIN	0.1944	0.707291556622666	0.898	2500
5	NPM3	0.1176	0.1478293717487	0.8932	2500
5	OCIAD2	0.4548	0.580189035614237	0.666	2500
5	OXTR	0.0812	0.0954447378951553	0.9276	2500
5	PCLAF	1.1152	3.69300616246493	0.5568	2500
5	PCOLCE	0.094	0.134817927170863	0.9252	2500
5	PDE4A	0.1308	0.158554781912768	0.89	2500
5	PDGFRA	0.5532	2.14082609043613	0.776	2500
5	PDGFRB	0.7924	5.00330356142463	0.7388	2500
5	PDK4	0.862	4.16382152861151	0.6312	2500
5	PECAM1	0.7916	7.24546762705086	0.7256	2500
5	PELI1	0.3472	0.419620008003186	0.7292	2500
5	PIM1	0.2164	0.295289155662266	0.8304	2500
5	POLR2J3	4.7656	15.4320294517808	0.0676	2500
5	POSTN	4.3692	97.3078144857921	0.3788	2500
5	PPARG	0.3884	0.826676110444171	0.7484	2500
5	PRDM1	0.334	0.773953581432593	0.8128	2500
5	PTGDS	0.182	0.669943977591068	0.9056	2500
5	PTN	0.1344	0.264442416966792	0.912	2500
5	PTPRC	0.7676	3.38374373749497	0.7356	2500
5	PTRHD1	0.47	0.688575430172074	0.6792	2500
5	QARS	1.2164	1.99116750700275	0.3964	2500
5	RAB30	0.182	0.297795118047228	0.86	2500
5	RAMP2	0.2772	1.1192078431373	0.892	2500
5	RAPGEF3	0.136	0.169571828731501	0.884	2500
5	RHOH	0.73	1.22318927571031	0.5744	2500
5	RORC	0.0888	0.114560384153659	0.9232	2500
5	RTKN2	0.3972	0.967018967587	0.7672	2500
5	RUNX1	1.4288	3.7640361744698	0.3908	2500
5	S100A14	1.4412	3.44151916766711	0.4204	2500
5	S100A4	0.4904	1.48330116046421	0.7588	2500
5	SCD	7.7432	72.0580769907964	0.14	2500
5	SDC4	0.3236	0.409446818727503	0.7508	2500
5	SEC11C	1.12	2.74589835934368	0.4704	2500
5	SEC24A	1.036	1.58333733493395	0.4344	2500
5	SELL	0.0992	0.221447939175665	0.936	2500
5	SERHL2	1.924	8.04784313725494	0.4352	2500
5	SERPINA3	0.144	0.233757503001204	0.8952	2500
5	SERPINB9	0.4808	0.747530372148871	0.6712	2500
5	SFRP4	0.1344	0.366083073229301	0.9204	2500
5	SH3YL1	1.2008	2.42624985994393	0.4464	2500
5	SLAMF1	0.1136	0.2263855942377	0.9244	2500
5	SLAMF7	0.2116	2.03804065626261	0.9212	2500
5	SLC25A37	0.2564	0.358802561024405	0.8056	2500
5	SLC5A6	0.7184	1.18437519007607	0.5772	2500
5	SMAP2	0.3896	0.560436014405776	0.7204	2500
5	SMS	1.7448	3.35301416566636	0.3008	2500
5	SNAI1	0.0616	0.114651300520205	0.9544	2500
5	SOX17	0.0624	0.108149499799922	0.9556	2500
5	SQLE	0.9252	1.67307418967585	0.5008	2500
5	SRPK1	0.8692	1.32462120848336	0.4896	2500
5	STC1	0.256	0.429835934373733	0.8208	2500
5	SVIL	0.7404	1.1662743497399	0.5636	2500
5	TACSTD2	2.9768	14.237956942777	0.3244	2500
5	TCF4	0.3244	0.821093077230917	0.8164	2500
5	TCIM	3.39	18.8318327330933	0.272	2500
5	TENT5C	1.718	5.44625450180079	0.398	2500
5	TFAP2A	0.8052	1.26776006402558	0.5372	2500
5	THAP2	0.1964	0.248326370548225	0.8408	2500
5	TIFA	0.2168	0.30271884753901	0.8316	2500
5	TMEM147	1.4772	2.6417368547419	0.3484	2500
5	TOMM7	4.2528	11.8080153661464	0.076	2500
5	TOP2A	1.432	7.34591436574624	0.5668	2500
5	TPD52	2.2232	5.89493973589438	0.284	2500
5	TRAC	0.4816	1.32619191676665	0.7688	2500
5	TRAF4	1.0936	2.04965890356139	0.4628	2500
5	TRAPPC3	0.74	0.94397759103644	0.5248	2500
5	TRIB1	0.4544	0.79783977591037	0.7192	2500
5	TUBA4A	0.8848	1.51373445378148	0.5064	2500
5	TUBB2B	0.1764	0.202964225690283	0.8496	2500
5	TYROBP	0.0508	0.0722482593037207	0.9572	2500
5	USP53	1.014	1.97059223689481	0.504	2500
5	VOPP1	1.218	1.80319727891161	0.378	2500
5	VWF	0.5916	4.25531156462597	0.8092	2500
5	WARS	0.6932	0.9514543417367	0.556	2500
5	ZEB1	0.3888	0.767541576630596	0.7624	2500
5	ZEB2	0.926	3.55314525810324	0.6412	2500
5	ZNF562	0.8936	1.44765810324131	0.5056	2500
6	ABCC11	2.46740331491713	10.4052561508366	0.365377532228361	2715
6	ACTA2	1.75322283609576	8.26258633020784	0.395580110497238	2715
6	ACTG2	1.62725598526703	2.998814685737	0.30865561694291	2715
6	ADAM9	1.69576427255985	3.55294815369732	0.318600368324125	2715
6	ADGRE5	0.162430939226519	0.213473823065989	0.870349907918969	2715
6	AIF1	0.45524861878453	1.23408721709	0.766482504604052	2715
6	AKR1C1	0.061878453038674	0.0676508547861124	0.942909760589319	2715
6	ANGPT2	0.0397790055248619	0.085373569419056	0.972375690607735	2715
6	ANKRD28	0.296869244935543	0.347355706920401	0.761325966850829	2715
6	ANKRD29	0.0688766114180479	0.0951068804955086	0.942173112338858	2715
6	ANKRD30A	6.51381215469613	54.7804834355933	0.192633517495396	2715
6	APOBEC3B	0.102762430939227	0.137188386797337	0.910497237569061	2715
6	APOC1	0.452302025782689	1.78060910550438	0.797053406998158	2715
6	AQP1	0.334069981583794	2.17907093835795	0.851197053406998	2715
6	AR	1.31749539594843	2.94632239082264	0.427255985267035	2715
6	AVPR1A	0.0825046040515654	0.168577365030368	0.9451197053407	2715
6	BACE2	0.32817679558011	0.463741516263136	0.756906077348066	2715
6	BASP1	1.1646408839779	2.02188855005959	0.395580110497238	2715
6	BTNL9	0.0920810313075506	0.236175291883987	0.944014732965009	2715
6	C1QA	0.184898710865562	0.402056318034417	0.879926335174954	2715
6	C1QC	0.333333333333333	1.15008597396221	0.844935543278085	2715
6	C2orf42	0.117863720073665	0.14085615680782	0.896869244935543	2715
6	C6orf132	0.245672191528545	0.307714314020054	0.804419889502762	2715
6	CAV1	0.551012891344383	3.42287572385738	0.810313075506446	2715
6	CAVIN2	0.0460405156537753	0.0888890698390892	0.968692449355433	2715
6	CCDC6	1.99705340699816	4.52983656125871	0.295395948434622	2715
6	CCDC80	0.832780847145488	4.1518358528385	0.714917127071823	2715
6	CCL5	0.426519337016575	2.02361481493549	0.845303867403315	2715
6	CCL8	0.0489871086556169	0.167459364240524	0.974585635359116	2715
6	CCND1	8.21510128913444	44.4489244094124	0.0622467771639042	2715
6	CCPG1	0.606629834254144	0.828990664326987	0.591896869244936	2715
6	CD14	0.41804788213628	2.07388196528202	0.813996316758748	2715
6	CD163	0.283241252302026	1.45438005784069	0.862615101289134	2715
6	CD247	0.132596685082873	0.214541338750987	0.904235727440147	2715
6	CD3D	0.111602209944751	0.30625811731276	0.929281767955801	2715
6	CD3E	0.479189686924494	1.72497207712269	0.816206261510129	2715
6	CD3G	0.176795580110497	0.358562314497788	0.89134438305709	2715
6	CD4	0.514548802946593	1.7811994555209	0.766482504604052	2715
6	CD68	0.698342541436464	3.23947772344754	0.721178637200737	2715
6	CD69	0.187108655616943	0.540511718108515	0.898710865561694	2715
6	CD83	0.198895027624309	0.68481823326562	0.883609576427256	2715
6	CD86	0.12744014732965	0.303576163973463	0.917127071823204	2715
6	CD8A	0.592265193370166	9.47665348896824	0.8548802946593	2715
6	CD8B	0.131491712707182	0.374376366456708	0.92744014732965	2715
6	CD9	2.95653775322284	10.4719496886073	0.267034990791897	2715
6	CD93	0.328913443830571	1.80371418373598	0.879189686924494	2715
6	CDC42EP1	0.0828729281767956	0.0892975649079644	0.923388581952118	2715
6	CDH1	2.60220994475138	9.60810123077799	0.297974217311234	2715
6	CEACAM6	0.274033149171271	0.516624663602283	0.815469613259668	2715
6	CENPF	0.815101289134438	3.46616832982514	0.641252302025783	2715
6	CLDN4	0.457826887661142	0.707413846218557	0.696500920810313	2715
6	CLEC14A	0.2548802946593	1.55549846576857	0.904604051565377	2715
6	CRISPLD2	0.301289134438306	0.743384483430195	0.821362799263352	2715
6	CTLA4	0.0972375690607735	0.358264289523915	0.952854511970534	2715
6	CTTN	3.91528545119705	13.5558274332259	0.156537753222836	2715
6	CXCL12	1.15543278084715	9.08784353960259	0.678453038674033	2715
6	CXCL16	0.371270718232044	0.610817655129715	0.742541436464088	2715
6	CXCR4	1.702394106814	6.68000531993579	0.41767955801105	2715
6	CYTIP	0.298710865561694	0.60233805749057	0.826151012891344	2715
6	DAPK3	0.132228360957643	0.187004428303676	0.895395948434622	2715
6	DMKN	0.188581952117864	0.25477009598956	0.852302025782689	2715
6	DNTTIP1	0.32817679558011	0.376784994524003	0.736279926335175	2715
6	DPT	0.149171270718232	0.373834058717421	0.905709023941068	2715
6	DSC2	0.350276243093923	0.452427152843646	0.737384898710866	2715
6	DSP	1.54732965009208	3.46008406041396	0.388581952117864	2715
6	DST	2.04861878453039	4.52821750937439	0.288397790055249	2715
6	DUSP2	0.0998158379373849	0.16136695207036	0.923756906077348	2715
6	DUSP5	0.384162062615101	0.611023938353906	0.731491712707182	2715
6	EDNRB	0.128545119705341	0.271237197208113	0.918968692449355	2715
6	EGFL7	0.0648250460405157	0.124757108289195	0.951749539594843	2715
6	EGFR	0.232780847145488	0.541961129183488	0.853406998158379	2715
6	EIF4EBP1	0.346593001841621	0.482997783812477	0.74475138121547	2715
6	ELF3	1.18121546961326	3.40340530175031	0.520073664825046	2715
6	ENAH	2.52081031307551	5.64833243084418	0.21878453038674	2715
6	EPCAM	9.15138121546961	83.7792123509378	0.172007366482505	2715
6	ERBB2	16.3418047882136	174.01061354331	0.0250460405156538	2715
6	ERN1	0.468876611418048	1.42819457393687	0.723388581952118	2715
6	ESM1	0.0659300184162063	0.180986929514915	0.960589318600368	2715
6	ESR1	0.104604051565378	0.125384100720494	0.90902394106814	2715
6	FAM107B	0.849723756906077	1.3915575876262	0.513812154696133	2715
6	FAM49A	0.0703499079189687	0.0875324862149924	0.939963167587477	2715
6	FASN	5.7292817679558	31.345623470688	0.165745856353591	2715
6	FBLIM1	0.176427255985267	0.283895115837542	0.87219152854512	2715
6	FBLN1	0.32670349907919	1.08150847321912	0.832780847145488	2715
6	FCER1G	0.813259668508287	4.3553141679933	0.705340699815838	2715
6	FCGR3A	0.257458563535912	0.726247776009008	0.857090239410681	2715
6	FGL2	0.266298342541436	1.02449016151159	0.87219152854512	2715
6	FLNB	1.47513812154696	3.26937060545488	0.38232044198895	2715
6	FOXA1	7.79373848987109	56.7606829603265	0.133701657458564	2715
6	FSTL3	0.0832412523020258	0.0962370954236352	0.925966850828729	2715
6	GATA3	6.98637200736648	49.1217744157228	0.111233885819521	2715
6	GJB2	0.170902394106814	0.568423466888183	0.90828729281768	2715
6	GLIPR1	0.325598526703499	0.65813224111792	0.795211786372007	2715
6	GPR183	0.271454880294659	0.838223195734268	0.850092081031308	2715
6	GZMA	0.223572744014733	0.749186199109479	0.898342541436464	2715
6	HAVCR2	0.184162062615101	0.389800651692128	0.878821362799263	2715
6	HDC	0.59926335174954	1.01915936871905	0.637937384898711	2715
6	HMGA1	1.22062615101289	2.20370115532176	0.395948434622468	2715
6	HOOK2	0.274401473296501	0.370144031832771	0.788581952117864	2715
6	HOXD8	0.429465930018416	0.704953104494685	0.706813996316759	2715
6	HOXD9	0.0773480662983425	0.330050444391082	0.96427255985267	2715
6	HPX	0.0670349907918969	0.0861457743831579	0.944014732965009	2715
6	IGF1	0.386372007366483	1.53710234497878	0.813627992633517	2715
6	IGSF6	0.294290976058932	0.929204683172055	0.831675874769797	2715
6	IL2RG	0.25451197053407	0.519208632410105	0.843462246777164	2715
6	IL3RA	0.0570902394106814	0.0965921197094154	0.957642725598527	2715
6	IL7R	0.415101289134438	3.10802536740789	0.847882136279926	2715
6	ITGAM	0.0832412523020258	0.113186247966005	0.930018416206261	2715
6	ITGAX	0.169429097605893	0.672093815438924	0.911970534069982	2715
6	ITM2C	0.696500920810313	3.11787647706255	0.675874769797422	2715
6	JUP	0.54585635359116	0.689403420772998	0.620626151012891	2715
6	KARS	0.571639042357274	0.710691306654936	0.598158379373849	2715
6	KDR	0.16353591160221	0.556886534726832	0.917127071823204	2715
6	KLF5	0.842357274401473	1.68553018181427	0.551381215469613	2715
6	KLRB1	0.193738489871087	0.621994677349965	0.896869244935543	2715
6	KRT15	0.0957642725598527	0.136735920830667	0.922651933701657	2715
6	KRT7	10.995211786372	97.4203897395784	0.106813996316759	2715
6	KRT8	4.75653775322284	20.7325244859539	0.173112338858195	2715
6	LAG3	0.0766114180478821	0.108351077761993	0.937384898710866	2715
6	LARS	1.46556169429098	2.71169123744138	0.341068139963168	2715
6	LDHB	0.56427255985267	1.27322565891888	0.687661141804788	2715
6	LGALSL	0.198895027624309	0.230138793324565	0.833517495395948	2715
6	LPL	0.110865561694291	0.267365315375826	0.932596685082873	2715
6	LPXN	0.197421731123389	0.257988928562215	0.845303867403315	2715
6	LRRC15	0.0968692449355433	0.16194671650035	0.930755064456722	2715
6	LUM	4.00331491712707	54.9568792062432	0.398895027624309	2715
6	LYPD3	1.11565377532228	2.40666349099079	0.494290976058932	2715
6	LYZ	0.56427255985267	3.38671128898518	0.791160220994475	2715
6	MAP3K8	0.27182320441989	0.36971056563673	0.791160220994475	2715
6	MDM2	3.5451197053407	11.1669944127099	0.143278084714549	2715
6	MEDAG	0.087292817679558	0.201293884380963	0.944014732965009	2715
6	MKI67	0.530755064456722	1.16734780844437	0.682872928176796	2715
6	MLPH	4.04677716390424	24.2590491157641	0.292081031307551	2715
6	MMP1	0.0659300184162063	0.257626575793466	0.969797421731123	2715
6	MMP2	0.932965009208103	6.0588797463804	0.706077348066298	2715
6	MMRN2	0.0883977900552486	0.185992826229451	0.941436464088398	2715
6	MNDA	0.0946593001841621	0.178582372827062	0.930386740331492	2715
6	MRC1	0.156537753222836	0.429797883154105	0.9097605893186	2715
6	MYLK	0.210681399631676	0.559871127269927	0.869613259668508	2715
6	MYO5B	1.77053406998158	3.93221913249763	0.332228360957643	2715
6	MZB1	0.246408839779006	1.28450717987759	0.879558011049724	2715
6	NARS	3.08324125230203	8.19572125165067	0.168692449355433	2715
6	NOSTRIN	0.14548802946593	0.648316959602426	0.921546961325967	2715
6	NPM3	0.111602209944751	0.112448242589067	0.893554327808471	2715
6	OCIAD2	0.481399631675875	0.618942771333696	0.655616942909761	2715
6	OXTR	0.0633517495395948	0.0785200807218781	0.94585635359116	2715
6	PCLAF	1.01473296500921	2.84945124590998	0.556906077348066	2715
6	PCOLCE	0.0718232044198895	0.0976398213478743	0.941436464088398	2715
6	PDE4A	0.143646408839779	0.178326418773953	0.880294659300184	2715
6	PDGFRA	0.510497237569061	2.47769006216985	0.808839779005525	2715
6	PDGFRB	0.771270718232044	5.29806894473935	0.759852670349908	2715
6	PDK4	0.847513812154696	4.3827821364155	0.649723756906077	2715
6	PECAM1	0.627624309392265	4.39739431716855	0.739226519337017	2715
6	PELI1	0.341068139963168	0.411264149739897	0.734806629834254	2715
6	PIM1	0.213996316758748	0.285434097259835	0.830939226519337	2715
6	POLR2J3	4.9134438305709	16.3495428519472	0.0596685082872928	2715
6	POSTN	4.02909760589319	95.7666548596665	0.411049723756906	2715
6	PPARG	0.360957642725599	0.588158257232448	0.742541436464088	2715
6	PRDM1	0.299079189686924	0.637858400137881	0.81804788213628	2715
6	PTGDS	0.174217311233886	0.653867064033267	0.921915285451197	2715
6	PTN	0.121915285451197	0.213207826276955	0.913812154696133	2715
6	PTPRC	0.652302025782689	2.45533276062587	0.755801104972376	2715
6	PTRHD1	0.475138121546961	0.650358077820332	0.671454880294659	2715
6	QARS	1.22762430939227	2.12650264436097	0.385267034990792	2715
6	RAB30	0.177532228360958	0.292715352221832	0.869613259668508	2715
6	RAMP2	0.203314917127072	0.822317673450909	0.913812154696133	2715
6	RAPGEF3	0.132228360957643	0.163422998679508	0.887292817679558	2715
6	RHOH	0.717127071823204	1.15503079998533	0.570534069981584	2715
6	RORC	0.0883977900552486	0.103457822544858	0.920810313075506	2715
6	RTKN2	0.365377532228361	0.948248153290135	0.773480662983425	2715
6	RUNX1	1.40552486187845	3.66341824873682	0.4	2715
6	S100A14	1.56022099447514	3.93474718769466	0.393370165745856	2715
6	S100A4	0.447145488029466	1.27603735354912	0.770534069981584	2715
6	SCD	7.98195211786372	69.7642283175292	0.121178637200737	2715
6	SDC4	0.355801104972376	0.426785605230906	0.722651933701657	2715
6	SEC11C	1.14548802946593	2.77359330448085	0.45414364640884	2715
6	SEC24A	1.04383057090239	1.61524840164427	0.43683241252302	2715
6	SELL	0.0677716390423573	0.120681657485706	0.951012891344383	2715
6	SERHL2	2.20110497237569	10.1349287712171	0.404051565377532	2715
6	SERPINA3	0.141804788213628	0.258808090102335	0.901289134438306	2715
6	SERPINB9	0.432780847145488	0.609610355417845	0.68987108655617	2715
6	SFRP4	0.128913443830571	0.392365620729274	0.92780847145488	2715
6	SH3YL1	1.24198895027624	2.33456641844816	0.427624309392265	2715
6	SLAMF1	0.092817679558011	0.15571479172858	0.931860036832412	2715
6	SLAMF7	0.215837937384899	1.71979328249532	0.925598526703499	2715
6	SLC25A37	0.233149171270718	0.288657544062506	0.809944751381215	2715
6	SLC5A6	0.734069981583794	1.11643276591877	0.558379373848987	2715
6	SMAP2	0.395948434622468	0.546556902277378	0.712338858195212	2715
6	SMS	1.77863720073665	3.27190897481309	0.279926335174954	2715
6	SNAI1	0.0493554327808471	0.075676629332119	0.961694290976059	2715
6	SOX17	0.0478821362799263	0.0728722631848246	0.962062615101289	2715
6	SQLE	0.930386740331492	1.51210136106217	0.49134438305709	2715
6	SRPK1	0.851933701657459	1.24335937659041	0.49060773480663	2715
6	STC1	0.203314917127072	0.30573698074645	0.844935543278085	2715
6	SVIL	0.678821362799263	0.996290430494072	0.573480662983425	2715
6	TACSTD2	3.25009208103131	16.7941000283639	0.287661141804788	2715
6	TCF4	0.27292817679558	0.729830589902154	0.844567219152854	2715
6	TCIM	3.71896869244936	22.7452369610682	0.251197053406998	2715
6	TENT5C	1.75064456721915	5.28304582608977	0.36316758747698	2715
6	TFAP2A	0.857458563535912	1.27996922037154	0.5097605893186	2715
6	THAP2	0.201104972375691	0.246203642256022	0.833885819521179	2715
6	TIFA	0.212523020257827	0.251427493482395	0.825414364640884	2715
6	TMEM147	1.50644567219153	2.55734605775114	0.320810313075506	2715
6	TOMM7	4.32523020257827	11.5961023327649	0.0736648250460405	2715
6	TOP2A	1.24788213627993	5.66181846804869	0.58084714548803	2715
6	TPD52	2.28581952117864	6.36779810300855	0.269981583793738	2715
6	TRAC	0.401473296500921	1.10699856551729	0.805893186003683	2715
6	TRAF4	1.09134438305709	2.04913286403901	0.460405156537753	2715
6	TRAPPC3	0.72780847145488	0.944675924983455	0.525966850828729	2715
6	TRIB1	0.516758747697974	0.934409534627757	0.688766114180479	2715
6	TUBA4A	0.839779005524862	1.35199110810729	0.522283609576427	2715
6	TUBB2B	0.16390423572744	0.181305311385883	0.8548802946593	2715
6	TYROBP	0.0556169429097606	0.0820198384748084	0.955432780847145	2715
6	USP53	1.09355432780847	2.11209918965974	0.470349907918969	2715
6	VOPP1	1.23462246777164	1.83255176419656	0.370165745856354	2715
6	VWF	0.444198895027624	3.1629683613104	0.824677716390424	2715
6	WARS	0.696132596685083	0.923474352345318	0.549171270718232	2715
6	ZEB1	0.333333333333333	0.621714566445571	0.791528545119705	2715
6	ZEB2	0.916022099447514	4.20665181970309	0.659668508287293	2715
6	ZNF562	0.972007366482505	1.47600315396194	0.457090239410681	2715
7	ABCC11	2.34197483797179	9.8864411023412	0.39344262295082	2623
7	ACTA2	1.82157834540602	9.84000711885952	0.385436523065193	2623
7	ACTG2	1.54784597788791	2.8336175933543	0.329393823865803	2623
7	ADAM9	1.67251239039268	3.46136084795858	0.323293938238658	2623
7	ADGRE5	0.160884483415936	0.215906463767525	0.872283644681662	2623
7	AIF1	0.480365993137629	1.46481268064329	0.762104460541365	2623
7	AKR1C1	0.0499428135722455	0.0627221553859802	0.955013343499809	2623
7	ANGPT2	0.0545177277926039	0.141572831779428	0.964925657643919	2623
7	ANKRD28	0.315669081204727	0.377050343540233	0.751429660693862	2623
7	ANKRD29	0.0590926420129623	0.0952862854645253	0.951963400686237	2623
7	ANKRD30A	6.38238658025162	53.0745485354722	0.19672131147541	2623
7	APOBEC3B	0.0987418985894015	0.110383618712945	0.910026686999619	2623
7	APOC1	0.431948150972169	1.47505825512906	0.802516202821197	2623
7	AQP1	0.265345024780785	1.75946600410085	0.871139916126573	2623
7	AR	1.27945101029356	2.78572174273629	0.441479222264583	2623
7	AVPR1A	0.105223027068242	0.261235104702191	0.938238658025162	2623
7	BACE2	0.361036980556615	0.491646826625813	0.734654975219215	2623
7	BASP1	1.18337781166603	1.85918965392399	0.386580251620282	2623
7	BTNL9	0.0930232558139535	0.351373884661105	0.943194815097217	2623
7	C1QA	0.179184140297369	0.406477289878065	0.88677087304613	2623
7	C1QC	0.262295081967213	0.670305485738559	0.848265345024781	2623
7	C2orf42	0.136103698055661	0.190088092980219	0.88677087304613	2623
7	C6orf132	0.244376667937476	0.32660356821207	0.809759817003431	2623
7	CAV1	0.53412123522684	3.30766443533448	0.804803659931376	2623
7	CAVIN2	0.0541364849409074	0.128265682356369	0.963019443385437	2623
7	CCDC6	1.92756385817766	3.93525443671003	0.285550895920701	2623
7	CCDC80	0.828059473884865	3.92427720164848	0.712924132672512	2623
7	CCL5	0.437285550895921	2.10123320866601	0.852077773541746	2623
7	CCL8	0.0564239420510865	0.161574849952871	0.967594357605795	2623
7	CCND1	7.81014105985513	41.1256484545416	0.0728173846740374	2623
7	CCPG1	0.642775447960351	0.875774444980478	0.574914220358368	2623
7	CD14	0.347693480747236	1.26045139037323	0.829584445291651	2623
7	CD163	0.243232939382387	0.841654227564464	0.86923370186809	2623
7	CD247	0.134959969500572	0.217476800456449	0.901258101410599	2623
7	CD3D	0.107891727030118	0.195448757151207	0.92413267251239	2623
7	CD3E	0.483415935951201	1.6929933612563	0.818528402592451	2623
7	CD3G	0.192146397255051	0.419206031954008	0.88677087304613	2623
7	CD4	0.483415935951201	1.39398497071473	0.763248189096454	2623
7	CD68	0.665268776210446	2.83528069622915	0.722455203964926	2623
7	CD69	0.152878383530309	0.47356818009319	0.91536408692337	2623
7	CD83	0.158597026305757	0.437842729617398	0.897064430041937	2623
7	CD86	0.116660312619138	0.201488155735523	0.913076629813191	2623
7	CD8A	0.57910789172703	10.99440698416	0.857415173465498	2623
7	CD8B	0.147159740754861	0.60991469872945	0.927182615325963	2623
7	CD9	2.93137628669462	10.4491410112912	0.274876096073199	2623
7	CD93	0.313000381242852	1.56446479290602	0.877239801753717	2623
7	CDC42EP1	0.0907357987037743	0.100840915296912	0.917651544033549	2623
7	CDH1	2.67746854746474	10.2780848173748	0.296225695768204	2623
7	CEACAM6	0.266107510484178	0.575994263036641	0.829203202439954	2623
7	CENPF	0.936332443766679	4.55696701682263	0.626000762485703	2623
7	CLDN4	0.461303850552802	0.723807147532856	0.696149447197865	2623
7	CLEC14A	0.195958825772017	0.990571000592354	0.913839115516584	2623
7	CRISPLD2	0.296225695768204	0.636473163382214	0.815097216927183	2623
7	CTLA4	0.11094166984369	0.45870174449868	0.947388486465879	2623
7	CTTN	3.87685855890202	12.6389112564934	0.172703011818528	2623
7	CXCL12	1.09073579870377	6.19237409607476	0.656881433473122	2623
7	CXCL16	0.349980937857415	0.494552821909577	0.741898589401449	2623
7	CXCR4	1.68852459016393	6.22521914193914	0.413648494090736	2623
7	CYTIP	0.312237895539459	0.718259787777706	0.826534502478079	2623
7	DAPK3	0.120472741136104	0.1609193797868	0.902401829965688	2623
7	DMKN	0.186046511627907	0.251414684334689	0.852840259245139	2623
7	DNTTIP1	0.329775066717499	0.372900292635147	0.733892489515822	2623
7	DPT	0.141441097979413	0.282427670728323	0.903164315669081	2623
7	DSC2	0.325200152497141	0.422427257787902	0.749904689287076	2623
7	DSP	1.53488372093023	3.30761179997518	0.386961494471979	2623
7	DST	2.03126191383912	4.66263788065035	0.283644681662219	2623
7	DUSP2	0.0983606557377049	0.171099523577293	0.922607701105604	2623
7	DUSP5	0.40221120853984	0.59216902173547	0.712924132672512	2623
7	EDNRB	0.132672512390393	0.295892435426444	0.918032786885246	2623
7	EGFL7	0.0541364849409074	0.0962290690840563	0.956919557758292	2623
7	EGFR	0.220739611132291	0.432948804406717	0.852459016393443	2623
7	EIF4EBP1	0.380861608844834	0.532616038430232	0.726648875333587	2623
7	ELF3	1.0773922988944	2.76021714848383	0.541364849409074	2623
7	ENAH	2.45215402211209	5.27221408458245	0.215020968356843	2623
7	EPCAM	9.07586732748761	85.1891313508122	0.181090354555852	2623
7	ERBB2	16.301563095692	168.361732872352	0.030880670987419	2623
7	ERN1	0.526877621044605	1.6757647321573	0.70224933282501	2623
7	ESM1	0.0644300419367137	0.244893715832452	0.960731986275257	2623
7	ESR1	0.086923370186809	0.106095145536773	0.924895158215783	2623
7	FAM107B	0.846740373617995	1.42348956147768	0.516965306900496	2623
7	FAM49A	0.0766298131910027	0.0929051897591932	0.933663743804804	2623
7	FASN	5.40297369424323	26.8791215885528	0.181852840259245	2623
7	FBLIM1	0.192908882958445	0.347974105729592	0.867708730461304	2623
7	FBLN1	0.354555852077774	1.44785013637203	0.838734273732368	2623
7	FCER1G	0.819290888295844	4.2007413733991	0.704536789935189	2623
7	FCGR3A	0.248951582157835	0.688952943116284	0.85932138772398	2623
7	FGL2	0.288600838734274	1.1085160812655	0.867708730461304	2623
7	FLNB	1.44147922226458	2.85078835263828	0.379336637438048	2623
7	FOXA1	7.56957682043462	52.233048142743	0.13076629813191	2623
7	FSTL3	0.080442241707968	0.0938316884056493	0.929470072436142	2623
7	GATA3	6.70682424704537	45.3262958985422	0.118566526877621	2623
7	GJB2	0.182615325962638	0.726745712762756	0.909264201296226	2623
7	GLIPR1	0.314525352649638	0.554354151054174	0.795272588638963	2623
7	GPR183	0.283263438810522	1.04749628717151	0.857033930613801	2623
7	GZMA	0.223408311094167	0.7670033294046	0.898208158597026	2623
7	HAVCR2	0.165840640487991	0.341288833481193	0.889820815859703	2623
7	HDC	0.592070148684712	0.962439000416682	0.635531833778117	2623
7	HMGA1	1.23446435379337	2.18947537086846	0.384674037361799	2623
7	HOOK2	0.273351124666412	0.33295470770944	0.781547845977888	2623
7	HOXD8	0.398398780022875	0.760744956093111	0.723980175371712	2623
7	HOXD9	0.0590926420129623	0.218856079514877	0.967594357605795	2623
7	HPX	0.0644300419367137	0.0770828844060583	0.943576057948913	2623
7	IGF1	0.369043080442242	1.30082620066045	0.828821959588258	2623
7	IGSF6	0.305756767060618	1.02089362044899	0.828059473884865	2623
7	IL2RG	0.303469309950438	0.695056609183647	0.825772016774685	2623
7	IL3RA	0.0426991993900114	0.0752165101709805	0.968738086160885	2623
7	IL7R	0.4395730080061	2.95887579014837	0.844071673656119	2623
7	ITGAM	0.0766298131910027	0.122653473512053	0.938619900876859	2623
7	ITGAX	0.148684712161647	0.409615927634233	0.91536408692337	2623
7	ITM2C	0.762866946244758	3.64702640753798	0.664125047655357	2623
7	JUP	0.576439191765154	0.744631556846336	0.606176134197484	2623
7	KARS	0.55165840640488	0.769164868776525	0.621807091117042	2623
7	KDR	0.150972169271826	0.494361182672904	0.91536408692337	2623
7	KLF5	0.825390773922989	1.60565559666538	0.561951963400686	2623
7	KLRB1	0.190621425848265	0.502932603766531	0.891345787266489	2623
7	KRT15	0.10331681280976	0.140732701650865	0.916889058330156	2623
7	KRT7	10.6462066336256	92.1440426224272	0.102554327106367	2623
7	KRT8	4.58749523446435	19.4994926940087	0.183377811666031	2623
7	LAG3	0.0892108272969882	0.163663106946041	0.931376286694624	2623
7	LARS	1.42622950819672	2.52077628140194	0.351505909264201	2623
7	LDHB	0.565383149065955	1.15199725016595	0.677087304613038	2623
7	LGALSL	0.191765154403355	0.217598065345197	0.836828059473885	2623
7	LPL	0.158597026305757	0.434791623591468	0.909645444147922	2623
7	LPXN	0.203583682805947	0.267462362082999	0.84178421654594	2623
7	LRRC15	0.099123141441098	0.193069406264421	0.930995043842928	2623
7	LUM	4.1650781547846	56.8068349195184	0.407167365611895	2623
7	LYPD3	1.06519252764011	2.253185384353	0.512390392680137	2623
7	LYZ	0.619138391155166	3.67296691562321	0.786122760198246	2623
7	MAP3K8	0.255813953488372	0.297234491689296	0.786885245901639	2623
7	MDM2	3.4830346930995	10.0583505125258	0.146778497903164	2623
7	MEDAG	0.080442241707968	0.189178751716107	0.947007243614182	2623
7	MKI67	0.604269919939001	1.41465758081498	0.657643919176515	2623
7	MLPH	3.8356843309188	22.3196719857457	0.293175752954632	2623
7	MMP1	0.0922607701105604	0.532293246999728	0.965306900495616	2623
7	MMP2	0.979031643156691	5.25776000777014	0.675562333206252	2623
7	MMRN2	0.0888295844452917	0.17174016278575	0.937094929470072	2623
7	MNDA	0.0853983987800229	0.133817985764021	0.933663743804804	2623
7	MRC1	0.146397255051468	0.397323971800224	0.916126572626763	2623
7	MYLK	0.218070911170416	0.663334644855274	0.866565001906214	2623
7	MYO5B	1.6927182615326	3.62865404988379	0.358368280594739	2623
7	MZB1	0.284025924513915	1.51006891160842	0.863133816240945	2623
7	NARS	2.95882577201677	7.49334598908377	0.17804041174228	2623
7	NOSTRIN	0.116279069767442	0.578769978535826	0.931757529546321	2623
7	NPM3	0.120472741136104	0.15024050869603	0.890583301563096	2623
7	OCIAD2	0.440335493709493	0.553170291672587	0.676706061761342	2623
7	OXTR	0.0770110560426992	0.100092969748043	0.935951200914983	2623
7	PCLAF	1.01715592832634	2.73006406682888	0.555089592070149	2623
7	PCOLCE	0.0758673274876096	0.131923112826077	0.941288600838734	2623
7	PDE4A	0.138772398017537	0.195075075179877	0.888677087304613	2623
7	PDGFRA	0.592451391536409	3.16679272980648	0.796797560045749	2623
7	PDGFRB	0.835303088067099	5.25204078338855	0.752573389248952	2623
7	PDK4	0.797178802897446	3.04580439479072	0.634388105223027	2623
7	PECAM1	0.548227220739611	3.22793640601693	0.740373617994663	2623
7	PELI1	0.350743423560808	0.421554557713231	0.727792603888677	2623
7	PIM1	0.207396111322913	0.304796535255648	0.842165459397636	2623
7	POLR2J3	4.74799847502859	15.3937555270763	0.0663362561951963	2623
7	POSTN	4.35264963781929	102.28176929253	0.411742279832253	2623
7	PPARG	0.343881052230271	0.659732757775837	0.763629431948151	2623
7	PRDM1	0.326725123903927	0.769258798174791	0.817003431185665	2623
7	PTGDS	0.189096454441479	0.746074812584646	0.912314144109798	2623
7	PTN	0.113991612657263	0.197145883987602	0.916889058330156	2623
7	PTPRC	0.714449104079299	2.67243416436135	0.729317575295463	2623
7	PTRHD1	0.477316050324056	0.653852137678969	0.670224933282501	2623
7	QARS	1.23141441097979	1.99257492468927	0.385817765916889	2623
7	RAB30	0.191002668699962	0.33840871967252	0.862752573389249	2623
7	RAMP2	0.170034311856653	0.497393095694877	0.916126572626763	2623
7	RAPGEF3	0.136484940907358	0.163668341401658	0.882958444529165	2623
7	RHOH	0.75714830346931	1.2487808807437	0.556614563476935	2623
7	RORC	0.0861608844834159	0.0947855225426239	0.920701486847122	2623
7	RTKN2	0.366755623332063	0.828062963521969	0.775066717499047	2623
7	RUNX1	1.4506290507053	3.75947996264927	0.375142966069386	2623
7	S100A14	1.54022112085398	3.6138469381198	0.387723980175372	2623
7	S100A4	0.46816622188334	1.3642608236183	0.76706061761342	2623
7	SCD	8.17232176896683	73.0419948743044	0.126953869614945	2623
7	SDC4	0.349218452154022	0.478305071634993	0.742279832253145	2623
7	SEC11C	1.17194052611514	2.92656553116793	0.454060236370568	2623
7	SEC24A	1.04879908501716	1.58343009806169	0.436904308044224	2623
7	SELL	0.0914982844071674	0.167826243990192	0.937094929470072	2623
7	SERHL2	2.02783072817385	8.2360672604285	0.422417079679756	2623
7	SERPINA3	0.12962256957682	0.20821065077951	0.902783072817385	2623
7	SERPINB9	0.423942051086542	0.614254934855727	0.695386961494472	2623
7	SFRP4	0.125047655356462	0.338285419162114	0.926801372474266	2623
7	SH3YL1	1.29012581014106	2.48825867981804	0.422035836828059	2623
7	SLAMF1	0.102554327106367	0.217167385968108	0.927182615325963	2623
7	SLAMF7	0.292032024399543	6.03978011796669	0.914982844071674	2623
7	SLC25A37	0.237895539458635	0.304940191982398	0.81204727411361	2623
7	SLC5A6	0.713686618375905	1.1533099353167	0.57796416317194	2623
7	SMAP2	0.420129622569577	0.660952385937566	0.703393061380099	2623
7	SMS	1.75142966069386	3.21202598732734	0.286694624475791	2623
7	SNAI1	0.0491803278688525	0.0872066123969986	0.963400686237133	2623
7	SOX17	0.0407929851315288	0.0528738179217881	0.964544414792223	2623
7	SQLE	0.969500571864278	1.6481922371278	0.483797178802897	2623
7	SRPK1	0.834921845215402	1.15923766551424	0.492947007243614	2623
7	STC1	0.231795653831491	0.363489032216028	0.833396873808616	2623
7	SVIL	0.693099504384293	0.964891342879228	0.563858177659169	2623
7	TACSTD2	3.16279069767442	14.2759299664734	0.285550895920701	2623
7	TCF4	0.265345024780785	0.809809253528846	0.846740373617995	2623
7	TCIM	3.4502478078536	19.9798845686216	0.269919939001144	2623
7	TENT5C	1.812809759817	5.38332936387108	0.35493709492947	2623
7	TFAP2A	0.836828059473885	1.40357071298813	0.535264963781929	2623
7	THAP2	0.20663362561952	0.24027634436088	0.826534502478079	2623
7	TIFA	0.200914982844072	0.246040352418437	0.836065573770492	2623
7	TMEM147	1.45139153640869	2.51851732299472	0.338162409454823	2623
7	TOMM7	4.18566526877621	10.7835930641138	0.0834921845215402	2623
7	TOP2A	1.34845596645063	6.0509196211534	0.569576820434617	2623
7	TPD52	2.32138772398018	5.82153705136714	0.253526496378193	2623
7	TRAC	0.449866565001906	1.3299608898923	0.781929088829584	2623
7	TRAF4	1.10751048417842	2.05632419659103	0.456728936332444	2623
7	TRAPPC3	0.745711017918414	0.986799866114269	0.522683949675944	2623
7	TRIB1	0.515821578345406	1.00728200019017	0.693099504384293	2623
7	TUBA4A	0.873046130385055	1.37708785713896	0.498284407167366	2623
7	TUBB2B	0.174227983225315	0.185880172260124	0.845215402211208	2623
7	TYROBP	0.0541364849409074	0.0901268570321911	0.958063286313382	2623
7	USP53	1.03049942813572	1.82668193964499	0.47807853602745	2623
7	VOPP1	1.24437666793748	1.9414014324379	0.359893252001525	2623
7	VWF	0.405642394205109	2.41052497809524	0.818147159740755	2623
7	WARS	0.728173846740374	1.00045307121504	0.536789935188715	2623
7	ZEB1	0.315287838353031	0.568366497971797	0.790697674418605	2623
7	ZEB2	0.910026686999619	3.65017784063002	0.644300419367137	2623
7	ZNF562	0.923751429660694	1.45108706557293	0.48684712161647	2623
8	ABCC11	2.55810564663024	10.676013902829	0.351912568306011	2745
8	ACTA2	1.80546448087432	8.49202552215246	0.375591985428051	2745
8	ACTG2	1.63497267759563	2.99425751565256	0.312204007285974	2745
8	ADAM9	1.81384335154827	3.57648467661858	0.276867030965392	2745
8	ADGRE5	0.151912568306011	0.201039525880619	0.875774134790528	2745
8	AIF1	0.467030965391621	1.28763349211653	0.760655737704918	2745
8	AKR1C1	0.0528233151183971	0.066086231526179	0.954098360655738	2745
8	ANGPT2	0.0564663023679417	0.142218557993063	0.966484517304189	2745
8	ANKRD28	0.320947176684882	0.376911638972539	0.743897996357013	2745
8	ANKRD29	0.0735883424408015	0.114845173041899	0.939526411657559	2745
8	ANKRD30A	6.65901639344262	52.0943292070924	0.187249544626594	2745
8	APOBEC3B	0.0859744990892532	0.0961042340433469	0.9224043715847	2745
8	APOC1	0.441530054644809	1.57830378052865	0.794171220400729	2745
8	AQP1	0.416757741347905	3.96036047518127	0.841894353369763	2745
8	AR	1.36575591985428	3.06369572028658	0.418579234972678	2745
8	AVPR1A	0.113296903460838	0.416823856787054	0.941347905282331	2745
8	BACE2	0.375227686703097	0.518773863956213	0.722768670309654	2745
8	BASP1	1.10054644808743	1.81277302490083	0.42040072859745	2745
8	BTNL9	0.112932604735883	0.439136622642828	0.93879781420765	2745
8	C1QA	0.184335154826958	0.474754523198792	0.8816029143898	2745
8	C1QC	0.241165755919854	0.712226045765702	0.868852459016393	2745
8	C2orf42	0.129690346083789	0.170492068802536	0.885974499089253	2745
8	C6orf132	0.256102003642987	0.318134216996709	0.793806921675774	2745
8	CAV1	0.634608378870674	5.19843739213106	0.815664845173042	2745
8	CAVIN2	0.073224043715847	0.229694594465432	0.959562841530055	2745
8	CCDC6	2.00036429872495	4.34365875936628	0.287067395264117	2745
8	CCDC80	0.82695810564663	4.3100601677049	0.726047358834244	2745
8	CCL5	0.408378870673953	2.02813676602578	0.863752276867031	2745
8	CCL8	0.0324225865209472	0.0590795881194003	0.977049180327869	2745
8	CCND1	8.36976320582878	43.5312282602348	0.0539162112932605	2745
8	CCPG1	0.638979963570128	0.852488755064895	0.575227686703097	2745
8	CD14	0.324590163934426	1.47076901018006	0.83424408014572	2745
8	CD163	0.249180327868852	0.981618314773261	0.870309653916211	2745
8	CD247	0.120582877959927	0.21322414992539	0.917668488160291	2745
8	CD3D	0.100182149362477	0.191490491590856	0.931876138433515	2745
8	CD3E	0.398907103825137	1.46362854275205	0.846265938069217	2745
8	CD3G	0.162841530054645	0.336811164746942	0.899453551912568	2745
8	CD4	0.467030965391621	1.58865390027979	0.776684881602914	2745
8	CD68	0.6775956284153	3.42334990202173	0.736247723132969	2745
8	CD69	0.137340619307832	0.415897444067413	0.919854280510018	2745
8	CD83	0.161384335154827	0.439324613530063	0.896539162112933	2745
8	CD86	0.116939890710383	0.260736988003622	0.918761384335155	2745
8	CD8A	0.578506375227687	9.4545670102549	0.865938069216758	2745
8	CD8B	0.139162112932605	0.413571455123822	0.920218579234973	2745
8	CD9	3.10018214936248	10.587263086343	0.244444444444444	2745
8	CD93	0.430965391621129	2.67025070762119	0.864116575591985	2745
8	CDC42EP1	0.0899817850637523	0.0935767124960813	0.915482695810565	2745
8	CDH1	2.73260473588342	9.74698683532744	0.283060109289618	2745
8	CEACAM6	0.288524590163934	0.552291736366669	0.812021857923497	2745
8	CENPF	0.967213114754098	4.50038235434699	0.593078324225865	2745
8	CLDN4	0.502732240437158	0.772678392199948	0.666666666666667	2745
8	CLEC14A	0.307832422586521	2.00615218765094	0.904189435336976	2745
8	CRISPLD2	0.295446265938069	0.710420218048205	0.815300546448087	2745
8	CTLA4	0.0947176684881603	0.283299346280284	0.951548269581056	2745
8	CTTN	4.16903460837887	13.9721457513528	0.146812386156648	2745
8	CXCL12	0.991621129326047	6.21020673687121	0.693989071038251	2745
8	CXCL16	0.3591985428051	0.519617433234034	0.736612021857924	2745
8	CXCR4	1.54571948998178	5.39887470991503	0.414207650273224	2745
8	CYTIP	0.253187613843352	0.526616110925256	0.852823315118397	2745
8	DAPK3	0.146448087431694	0.21032356736605	0.885245901639344	2745
8	DMKN	0.179963570127505	0.251857870392493	0.858652094717668	2745
8	DNTTIP1	0.323497267759563	0.382920709267298	0.743533697632058	2745
8	DPT	0.122404371584699	0.237927161496916	0.916575591985428	2745
8	DSC2	0.358834244080146	0.459747911654886	0.729690346083789	2745
8	DSP	1.59526411657559	3.39042945827824	0.374134790528233	2745
8	DST	2.17850637522769	5.13722007147929	0.264845173041894	2745
8	DUSP2	0.0852459016393443	0.109348563781483	0.928233151183971	2745
8	DUSP5	0.385792349726776	0.58106629068487	0.727504553734062	2745
8	EDNRB	0.11511839708561	0.240387239985767	0.923861566484517	2745
8	EGFL7	0.0652094717668488	0.0915916561784713	0.945355191256831	2745
8	EGFR	0.204735883424408	0.4128784378701	0.860473588342441	2745
8	EIF4EBP1	0.373770491803279	0.524967738851951	0.731511839708561	2745
8	ELF3	1.17231329690346	3.01876669481227	0.514754098360656	2745
8	ENAH	2.53515482695811	5.51270319212769	0.210200364298725	2745
8	EPCAM	9.60255009107468	85.4888418911662	0.157741347905282	2745
8	ERBB2	16.9387978142076	173.188672752476	0.0265938069216758	2745
8	ERN1	0.448451730418944	1.34072737604022	0.734790528233151	2745
8	ESM1	0.0848816029143898	0.481495111705912	0.958105646630237	2745
8	ESR1	0.101275045537341	0.120206099613927	0.911475409836066	2745
8	FAM107B	0.79344262295082	1.25870334082117	0.536612021857923	2745
8	FAM49A	0.0772313296903461	0.101904868114309	0.936612021857923	2745
8	FASN	5.74499089253188	28.3985035075707	0.152276867030965	2745
8	FBLIM1	0.188342440801457	0.365753264615751	0.870309653916211	2745
8	FBLN1	0.314754098360656	1.31634564832958	0.851001821493625	2745
8	FCER1G	0.781420765027322	4.25832815561842	0.711475409836066	2745
8	FCGR3A	0.209107468123862	0.470835391143181	0.868852459016393	2745
8	FGL2	0.254280510018215	0.885026313413737	0.867395264116576	2745
8	FLNB	1.51621129326047	2.99982820606767	0.353734061930783	2745
8	FOXA1	8.11001821493625	54.4631102401927	0.122768670309654	2745
8	FSTL3	0.0786885245901639	0.0892869091430474	0.928597449908925	2745
8	GATA3	7.0976320582878	47.3825927873103	0.119125683060109	2745
8	GJB2	0.19672131147541	1.08373560196926	0.912932604735883	2745
8	GLIPR1	0.282331511839709	0.486221967319311	0.806921675774135	2745
8	GPR183	0.227686703096539	0.824597598602251	0.869581056466302	2745
8	GZMA	0.201092896174863	0.705902595230081	0.907103825136612	2745
8	HAVCR2	0.154098360655738	0.271798977202113	0.89143897996357	2745
8	HDC	0.611657559198543	0.947531690271743	0.612021857923497	2745
8	HMGA1	1.26120218579235	2.17263776705061	0.387249544626594	2745
8	HOOK2	0.296174863387978	0.377627491277552	0.767941712204007	2745
8	HOXD8	0.465573770491803	0.912170816804519	0.697267759562841	2745
8	HOXD9	0.104189435336976	0.427916115704648	0.954098360655738	2745
8	HPX	0.0794171220400729	0.0913582607125544	0.92896174863388	2745
8	IGF1	0.380692167577413	1.50917517670606	0.825865209471767	2745
8	IGSF6	0.265938069216758	0.893536883918345	0.84408014571949	2745
8	IL2RG	0.232786885245902	0.54017827271421	0.859744990892532	2745
8	IL3RA	0.0706739526411658	0.142962555826383	0.951912568306011	2745
8	IL7R	0.408378870673953	3.21326796136106	0.860109289617486	2745
8	ITGAM	0.0790528233151184	0.132596770167855	0.93879781420765	2745
8	ITGAX	0.144626593806922	0.469235875458712	0.922768670309654	2745
8	ITM2C	0.630965391621129	2.82404079508457	0.68488160291439	2745
8	JUP	0.570127504553734	0.713830340879491	0.608378870673953	2745
8	KARS	0.558469945355191	0.735009319887198	0.613114754098361	2745
8	KDR	0.228415300546448	0.976597524255576	0.90200364298725	2745
8	KLF5	0.933697632058288	1.82650618405058	0.526047358834244	2745
8	KLRB1	0.172313296903461	0.491798764783034	0.907103825136612	2745
8	KRT15	0.0892531876138433	0.12650618405052	0.926775956284153	2745
8	KRT7	11.264116575592	94.2039050592939	0.0892531876138433	2745
8	KRT8	4.78287795992714	19.567272326573	0.161748633879781	2745
8	LAG3	0.0892531876138433	0.122861869181716	0.927504553734062	2745
8	LARS	1.46120218579235	2.48619461836255	0.335883424408015	2745
8	LDHB	0.554098360655738	1.27777565358692	0.70200364298725	2745
8	LGALSL	0.201821493624772	0.24350980048537	0.83023679417122	2745
8	LPL	0.151183970856102	0.433038867381441	0.919125683060109	2745
8	LPXN	0.186520947176685	0.241436324725052	0.851366120218579	2745
8	LRRC15	0.0903460837887067	0.178423531785863	0.935154826958106	2745
8	LUM	3.9799635701275	57.9525867333685	0.408743169398907	2745
8	LYPD3	1.13515482695811	2.36328628250673	0.484153005464481	2745
8	LYZ	0.543533697632058	3.01787453466932	0.8	2745
8	MAP3K8	0.263752276867031	0.340759238902439	0.79344262295082	2745
8	MDM2	3.50273224043716	10.4454189169814	0.143897996357013	2745
8	MEDAG	0.0692167577413479	0.143895341118493	0.95591985428051	2745
8	MKI67	0.571948998178506	1.17348399156691	0.649908925318761	2745
8	MLPH	4.19854280510018	23.257578050736	0.266302367941712	2745
8	MMP1	0.0714025500910747	0.571430430095507	0.973770491803279	2745
8	MMP2	0.882695810564663	5.59264870663337	0.698360655737705	2745
8	MMRN2	0.117668488160291	0.29190709851465	0.927504553734062	2745
8	MNDA	0.0772313296903461	0.1412634686974	0.941712204007286	2745
8	MRC1	0.140255009107468	0.345117281885445	0.913296903460838	2745
8	MYLK	0.211293260473588	0.585805360395539	0.872131147540984	2745
8	MYO5B	1.74754098360656	3.61736366677816	0.333333333333333	2745
8	MZB1	0.256830601092896	1.71571954308656	0.877595628415301	2745
8	NARS	3.12313296903461	7.53803974361036	0.147540983606557	2745
8	NOSTRIN	0.163570127504554	0.763686957999415	0.918761384335155	2745
8	NPM3	0.106010928961749	0.107197820580226	0.899817850637523	2745
8	OCIAD2	0.496539162112933	0.656055802492755	0.652823315118397	2745
8	OXTR	0.0750455373406193	0.0862028496019775	0.93224043715847	2745
8	PCLAF	1.05500910746812	2.71089417812398	0.539162112932605	2745
8	PCOLCE	0.063752276867031	0.0874064692231276	0.947176684881603	2745
8	PDE4A	0.124225865209472	0.142361144301597	0.890710382513661	2745
8	PDGFRA	0.534790528233151	2.98430302644093	0.810928961748634	2745
8	PDGFRB	0.74608378870674	4.6020482509945	0.767941712204007	2745
8	PDK4	0.814571948998179	3.64672635642858	0.646994535519126	2745
8	PECAM1	0.729326047358834	6.9992307774008	0.75264116575592	2745
8	PELI1	0.342805100182149	0.396654664988552	0.727868852459016	2745
8	PIM1	0.199635701275046	0.273542141290542	0.843351548269581	2745
8	POLR2J3	4.88816029143898	15.524294901411	0.0568306010928962	2745
8	POSTN	4.14681238615665	105.437986373313	0.420765027322404	2745
8	PPARG	0.388342440801457	0.900155596977301	0.749726775956284	2745
8	PRDM1	0.29799635701275	0.675743068499831	0.826593806921676	2745
8	PTGDS	0.194171220400729	0.9794120770869	0.916939890710383	2745
8	PTN	0.115846994535519	0.213250967834437	0.919125683060109	2745
8	PTPRC	0.616757741347905	2.30861120404442	0.765391621129326	2745
8	PTRHD1	0.507468123861566	0.71942306977437	0.654280510018215	2745
8	QARS	1.29289617486339	2.13867036275868	0.372677595628415	2745
8	RAB30	0.154462659380692	0.271322096363918	0.884153005464481	2745
8	RAMP2	0.238615664845173	0.982764846766219	0.900910746812386	2745
8	RAPGEF3	0.143897996357013	0.185918473556488	0.879781420765027	2745
8	RHOH	0.746812386156648	1.12719920130424	0.550091074681239	2745
8	RORC	0.0888888888888889	0.105069646906378	0.922768670309654	2745
8	RTKN2	0.345355191256831	0.739286909143029	0.773406193078324	2745
8	RUNX1	1.37413479052823	3.22841237978409	0.387613843351548	2745
8	S100A14	1.58105646630237	3.77267308172294	0.364663023679417	2745
8	S100A4	0.427322404371585	1.23460306839359	0.785792349726776	2745
8	SCD	8.7063752276867	77.5194382046333	0.111111111111111	2745
8	SDC4	0.3591985428051	0.460579532359397	0.730054644808743	2745
8	SEC11C	1.17887067395264	2.77375163960985	0.442987249544627	2745
8	SEC24A	1.10746812386157	1.63895659747116	0.413114754098361	2745
8	SELL	0.0568306010928962	0.0871481145151336	0.955191256830601	2745
8	SERHL2	2.16429872495446	9.35892903609535	0.378870673952641	2745
8	SERPINA3	0.124590163934426	0.214792333795352	0.90856102003643	2745
8	SERPINB9	0.417486338797814	0.62884863547293	0.70200364298725	2745
8	SFRP4	0.127868852459016	0.406748554222603	0.927504553734062	2745
8	SH3YL1	1.3183970856102	2.60922775042879	0.402550091074681	2745
8	SLAMF1	0.100546448087432	0.263939205658844	0.937340619307832	2745
8	SLAMF7	0.218214936247723	3.01468267244444	0.927504553734062	2745
8	SLC25A37	0.263387978142076	0.331111695263599	0.792714025500911	2745
8	SLC5A6	0.775956284153005	1.3328036132486	0.561384335154827	2745
8	SMAP2	0.377049180327869	0.550566362376349	0.717304189435337	2745
8	SMS	1.82513661202186	3.62028628781719	0.281967213114754	2745
8	SNAI1	0.0510018214936248	0.0826748341803556	0.960291438979964	2745
8	SOX17	0.0619307832422587	0.109865804245194	0.954826958105647	2745
8	SQLE	0.992349726775956	1.57975194761743	0.462295081967213	2745
8	SRPK1	0.865938069216758	1.20796837079871	0.485245901639344	2745
8	STC1	0.242987249544627	0.377160169297994	0.822586520947177	2745
8	SVIL	0.727140255009108	1.0476049748549	0.549726775956284	2745
8	TACSTD2	3.43460837887067	16.2254053221603	0.260109289617486	2745
8	TCF4	0.29799635701275	0.809853855671842	0.838979963570127	2745
8	TCIM	3.90892531876138	22.2023437790419	0.236429872495446	2745
8	TENT5C	1.78724954462659	5.3227965503141	0.354826958105647	2745
8	TFAP2A	0.889981785063752	1.401885750397	0.508196721311475	2745
8	THAP2	0.216029143897996	0.282396034135741	0.829143897996357	2745
8	TIFA	0.209107468123862	0.272584662280203	0.829143897996357	2745
8	TMEM147	1.57887067395264	2.79561752882254	0.307468123861566	2745
8	TOMM7	4.32531876138434	11.4134440036747	0.0830601092896175	2745
8	TOP2A	1.37049180327869	6.17937676241451	0.550455373406193	2745
8	TPD52	2.33479052823315	6.01433218095977	0.245537340619308	2745
8	TRAC	0.397814207650273	1.20611766955028	0.813114754098361	2745
8	TRAF4	1.15446265938069	2.11753200890034	0.432786885245902	2745
8	TRAPPC3	0.752276867030965	0.908727503491637	0.508925318761384	2745
8	TRIB1	0.542440801457195	1.015053078218	0.681967213114754	2745
8	TUBA4A	0.877959927140255	1.44027571996795	0.505646630236794	2745
8	TUBB2B	0.177413479052823	0.191180625255567	0.842622950819672	2745
8	TYROBP	0.0422586520947177	0.062353497214654	0.96575591985428	2745
8	USP53	1.06193078324226	1.97648388004694	0.475409836065574	2745
8	VOPP1	1.28014571948998	1.88613992044905	0.354462659380692	2745
8	VWF	0.523497267759563	4.0257778521247	0.819672131147541	2745
8	WARS	0.751912568306011	1.03427567748413	0.527140255009107	2745
8	ZEB1	0.333697632058288	0.74647702953156	0.804371584699454	2745
8	ZEB2	0.850273224043716	3.30519762940296	0.670673952641166	2745
8	ZNF562	1.02222222222222	1.69739229024946	0.455009107468124	2745
9	ABCC11	2.65275212412265	10.7788569832505	0.347986701145179	2707
9	ACTA2	1.6789804211304	8.02366370508595	0.395640930919837	2707
9	ACTG2	1.64277798300702	2.9503201439645	0.304026597709642	2707
9	ADAM9	1.72922053934245	3.40447843877981	0.306243073513114	2707
9	ADGRE5	0.156630956778722	0.21049093655795	0.873660879202069	2707
9	AIF1	0.467676394532693	1.39760594402125	0.76911710380495	2707
9	AKR1C1	0.0506095308459549	0.0584133386083172	0.954562246028814	2707
9	ANGPT2	0.0524565940155153	0.158370718274138	0.968969338751385	2707
9	ANKRD28	0.306612486147026	0.387107034921631	0.762098263760621	2707
9	ANKRD29	0.0624307351311415	0.0740758336152345	0.9449575175471	2707
9	ANKRD30A	6.9357222016993	53.3654159878405	0.169190986331733	2707
9	APOBEC3B	0.0938308090136683	0.112404646899675	0.915404506834134	2707
9	APOC1	0.453638714444034	1.84735094555171	0.808274842999631	2707
9	AQP1	0.287033616549686	1.58313927566176	0.85962319911341	2707
9	AR	1.41632803841891	3.19652561001549	0.414111562615441	2707
9	AVPR1A	0.10121906169191	0.513032511861175	0.945696342814924	2707
9	BACE2	0.343184336904322	0.490828437182486	0.746952345770225	2707
9	BASP1	1.1193202807536	1.82869902044223	0.412633912079793	2707
9	BTNL9	0.107129663834503	0.467454692345882	0.945326930181012	2707
9	C1QA	0.181012190616919	0.382595723059039	0.880679719246398	2707
9	C1QC	0.265238271148873	0.717501449118687	0.856667898042113	2707
9	C2orf42	0.125969708164019	0.141184157249106	0.88806797192464	2707
9	C6orf132	0.266715921684522	0.330166705300719	0.789434798670115	2707
9	CAV1	0.50794237162911	3.14359912749812	0.833394902105652	2707
9	CAVIN2	0.0546730698189878	0.132264739714268	0.964905799778352	2707
9	CCDC6	2.03731067602512	4.64938345222524	0.276690062800148	2707
9	CCDC80	0.691171038049501	2.99328122239806	0.736239379386775	2707
9	CCL5	0.398226819357222	1.75266499953175	0.858884373845585	2707
9	CCL8	0.0454377539711858	0.259944994922962	0.977465829331363	2707
9	CCND1	8.43701514591799	42.8240987000662	0.0605836719615811	2707
9	CCPG1	0.618396749168822	0.824391663670127	0.584041374214998	2707
9	CD14	0.359807905430366	1.7330181449043	0.835980790543037	2707
9	CD163	0.264499445881049	1.40747169133381	0.868858514961212	2707
9	CD247	0.120059106021426	0.189202065980421	0.908385666789804	2707
9	CD3D	0.0857037310676025	0.178165829413275	0.94311045437754	2707
9	CD3E	0.407462135205024	1.5253397135509	0.843369043221278	2707
9	CD3G	0.156630956778722	0.311747403668091	0.903213889915035	2707
9	CD4	0.477281123014407	1.71964256802124	0.789065386036202	2707
9	CD68	0.665681566309568	3.46727339893208	0.748429996305874	2707
9	CD69	0.141485038788327	0.352849678545464	0.91835980790543	2707
9	CD83	0.174362763206502	0.504693560889353	0.88806797192464	2707
9	CD86	0.115256741780569	0.25500365726698	0.924270410048024	2707
9	CD8A	0.537864794975988	8.41421613396722	0.881418544514222	2707
9	CD8B	0.112670853343184	0.330611747867809	0.932397487994089	2707
9	CD9	3.12449205762837	10.8207857267476	0.233468784632434	2707
9	CD93	0.353158478019948	2.01048798780971	0.879571481344662	2707
9	CDC42EP1	0.0805319541928334	0.0866385934907456	0.92537864794976	2707
9	CDH1	2.78241595862578	9.73867073157089	0.288141854451422	2707
9	CEACAM6	0.286664203915774	0.560808787051476	0.816032508311784	2707
9	CENPF	1.01551533062431	5.36930833559282	0.602512005910602	2707
9	CLDN4	0.478389360916143	0.631739016117396	0.661618027336535	2707
9	CLEC14A	0.225341706686369	1.13915061305293	0.914296268932397	2707
9	CRISPLD2	0.284078315478389	0.621782622097947	0.820465459918729	2707
9	CTLA4	0.0653860362024381	0.177171718991936	0.961950498707056	2707
9	CTTN	4.21758404137421	13.7652782703735	0.134096786110085	2707
9	CXCL12	0.983745844107868	6.0972966803922	0.683413372737348	2707
9	CXCL16	0.375692648688585	0.587184248441878	0.729589951976358	2707
9	CXCR4	1.55116364979682	5.68723718939499	0.423346878463243	2707
9	CYTIP	0.251200591060214	0.503763340014421	0.848910232729959	2707
9	DAPK3	0.159586257850018	0.239120006137764	0.881418544514222	2707
9	DMKN	0.193202807536018	0.231321112955895	0.841152567417806	2707
9	DNTTIP1	0.291835980790543	0.333869022607343	0.763945326930181	2707
9	DPT	0.120428518655338	0.227915854737021	0.91651274473587	2707
9	DSC2	0.3516808274843	0.449815170818534	0.734022903583303	2707
9	DSP	1.62024381233838	3.56230991836068	0.379386775027706	2707
9	DST	2.16697451052826	4.965457324923	0.270410048023642	2707
9	DUSP2	0.0845954931658663	0.139551970460093	0.933505725895826	2707
9	DUSP5	0.365349094939047	0.550506188139405	0.740302918359808	2707
9	EDNRB	0.114517916512745	0.231522337723974	0.923900997414112	2707
9	EGFL7	0.0605836719615811	0.0924110413149705	0.951237532323605	2707
9	EGFR	0.199852234946435	0.360266053545442	0.864056150720355	2707
9	EIF4EBP1	0.364240857037311	0.471861978921369	0.728112301440709	2707
9	ELF3	1.17584041374215	2.76729488657011	0.493165866272627	2707
9	ENAH	2.57000369412634	5.63617305985337	0.209456963428149	2707
9	EPCAM	9.76800886590321	86.4731373125605	0.147765053564832	2707
9	ERBB2	17.2733653490949	173.106322853537	0.0214259327669006	2707
9	ERN1	0.476542297746583	1.44244657646229	0.720354636128556	2707
9	ESM1	0.0642777983007019	0.227204605726413	0.965644625046177	2707
9	ESR1	0.115626154414481	0.156987809929142	0.906169190986332	2707
9	FAM107B	0.813077207240488	1.28877201288381	0.521610639083857	2707
9	FAM49A	0.0672330993719985	0.074561557987547	0.938308090136683	2707
9	FASN	5.932766900628	29.9016125557703	0.149981529368304	2707
9	FBLIM1	0.169190986331733	0.272915938011842	0.876246767639453	2707
9	FBLN1	0.288511267085334	0.96070683680944	0.857406723309937	2707
9	FCER1G	0.766900628001478	4.39760321369891	0.726265238271149	2707
9	FCGR3A	0.2201699298116	0.598218300751048	0.873660879202069	2707
9	FGL2	0.290727742888807	1.19371665423002	0.862578500184706	2707
9	FLNB	1.4680458071666	2.52327640883969	0.345770225341707	2707
9	FOXA1	8.24898411525674	57.113889396273	0.120059106021426	2707
9	FSTL3	0.0882896195049871	0.107131848092501	0.9235315847802	2707
9	GATA3	7.35537495382342	49.6452805966084	0.105652013298855	2707
9	GJB2	0.153675655707425	0.505569448346549	0.917620982637606	2707
9	GLIPR1	0.28592537864795	0.525755268635073	0.812338381972664	2707
9	GPR183	0.251570003694126	1.00209934496834	0.862578500184706	2707
9	GZMA	0.216845216106391	0.802554271302871	0.905060953084595	2707
9	HAVCR2	0.163280384189139	0.365051762819068	0.896195049870706	2707
9	HDC	0.600664942741042	0.899230895455665	0.623199113409679	2707
9	HMGA1	1.25711119320281	2.17777184387686	0.391577391946805	2707
9	HOOK2	0.298115995567048	0.360835325786181	0.765053564831917	2707
9	HOXD8	0.380495012929442	0.566182607791077	0.728112301440709	2707
9	HOXD9	0.0668636867380864	0.216887536105109	0.963058736608792	2707
9	HPX	0.0768378278537126	0.0975675283837553	0.934983376431474	2707
9	IGF1	0.314000738825268	0.831891859570778	0.827484299963059	2707
9	IGSF6	0.288880679719246	0.875127608447727	0.83117842630218	2707
9	IL2RG	0.221278167713336	0.524188609586007	0.861839674916882	2707
9	IL3RA	0.0483930550424825	0.0763712157388861	0.963797561876616	2707
9	IL7R	0.448097524935353	3.70120388109888	0.862947912818618	2707
9	ITGAM	0.0731437015145918	0.0973826855506715	0.937569264868858	2707
9	ITGAX	0.158847432582194	0.444085589057512	0.90949390469154	2707
9	ITM2C	0.648688585149612	2.42827156115188	0.681196896933875	2707
9	JUP	0.580716660509789	0.748378939275209	0.601403768008866	2707
9	KARS	0.570742519394163	0.789801480981518	0.612486147026228	2707
9	KDR	0.183598079054304	0.764875001740618	0.918729220539342	2707
9	KLF5	0.898042113040266	1.72500355624508	0.535278906538604	2707
9	KLRB1	0.175471001108238	0.574889606235585	0.908755079423716	2707
9	KRT15	0.105652013298855	0.160304332666851	0.918729220539342	2707
9	KRT7	11.428518655338	94.7446113672608	0.0949390469154045	2707
9	KRT8	4.92427041004802	20.6383870783668	0.151459179903953	2707
9	LAG3	0.0690801625415589	0.0791138246876293	0.937938677502771	2707
9	LARS	1.46989287033617	2.4110481407732	0.322127816771334	2707
9	LDHB	0.531215367565571	1.09981977141193	0.703731067602512	2707
9	LGALSL	0.192463982268194	0.230867060324556	0.838936091614333	2707
9	LPL	0.114148503878833	0.277061386659811	0.931658662726265	2707
9	LPXN	0.205762837089028	0.272132335455076	0.838197266346509	2707
9	LRRC15	0.0956778721832287	0.198898533298054	0.935352789065386	2707
9	LUM	3.55744366457333	46.8765031449225	0.41743627632065	2707
9	LYPD3	1.13926856298485	2.38599251727805	0.488732914665682	2707
9	LYZ	0.554857776135944	2.82505677023061	0.802364240857037	2707
9	MAP3K8	0.288141854451422	0.3833146169726	0.776874769117104	2707
9	MDM2	3.63206501662357	10.5630217134362	0.132619135574437	2707
9	MEDAG	0.0731437015145918	0.246680542165611	0.95382342076099	2707
9	MKI67	0.581824898411526	1.26778484294222	0.653490949390469	2707
9	MLPH	4.34946435168083	23.918479942095	0.266715921684522	2707
9	MMP1	0.0631695603989656	0.320102736574953	0.974510528260066	2707
9	MMP2	0.810121906169191	4.59955752393616	0.719615810860731	2707
9	MMRN2	0.0853343184336904	0.186728666829944	0.94311045437754	2707
9	MNDA	0.0871813816032508	0.154259125625148	0.934613963797562	2707
9	MRC1	0.13668267454747	0.389293204145402	0.923162172146287	2707
9	MYLK	0.210195788695973	0.539319510802655	0.873291466568157	2707
9	MYO5B	1.78574067233099	3.82473377307916	0.324344292574806	2707
9	MZB1	0.243073513114149	1.13971087522943	0.87218322866642	2707
9	NARS	3.20280753601773	7.99839566250037	0.154414480975249	2707
9	NOSTRIN	0.12264499445881	0.438019904597063	0.926117473217584	2707
9	NPM3	0.113409678611008	0.115367046809474	0.893609161433321	2707
9	OCIAD2	0.464351680827484	0.567372482335515	0.656815663095678	2707
9	OXTR	0.0749907646841522	0.106347699471214	0.936830439601034	2707
9	PCLAF	1.13003324713705	3.12055738987726	0.533062430735131	2707
9	PCOLCE	0.065016623568526	0.0940713504256993	0.947912818618397	2707
9	PDE4A	0.143701514591799	0.171138252336947	0.878832656076838	2707
9	PDGFRA	0.474695234577023	2.48226778402391	0.814554857776136	2707
9	PDGFRB	0.66789804211304	4.67865496668876	0.787587735500554	2707
9	PDK4	0.825637236793498	3.97402098143623	0.656076837827854	2707
9	PECAM1	0.581455485777614	3.08898339445153	0.756926486885852	2707
9	PELI1	0.339120797931289	0.395671510531819	0.731067602512006	2707
9	PIM1	0.189139268562985	0.245070470988828	0.844846693756926	2707
9	POLR2J3	5.03213889915035	15.6283089119639	0.0576283708902844	2707
9	POSTN	3.73623937938678	96.7988451281903	0.415219800517178	2707
9	PPARG	0.367565570742519	0.646442075798687	0.74953823420761	2707
9	PRDM1	0.266715921684522	0.595502995027295	0.842999630587366	2707
9	PTGDS	0.149981529368304	0.525169068394841	0.92722571111932	2707
9	PTN	0.120428518655338	0.239741427538202	0.915035094200222	2707
9	PTPRC	0.574806058367196	2.00724381861808	0.76911710380495	2707
9	PTRHD1	0.497968230513484	0.679504370017649	0.653121536756557	2707
9	QARS	1.29479128186184	2.12814359093656	0.373845585519025	2707
9	RAB30	0.170299224233469	0.312081322109539	0.876616180273365	2707
9	RAMP2	0.191355744366457	0.665512832379192	0.915773919468046	2707
9	RAPGEF3	0.140746213520502	0.171240093366118	0.879940893978574	2707
9	RHOH	0.749168821573698	1.17246327784494	0.558551902475065	2707
9	RORC	0.0857037310676025	0.110168785806475	0.926117473217584	2707
9	RTKN2	0.32323605467307	0.617209331914672	0.787587735500554	2707
9	RUNX1	1.41004802364241	3.53320276931151	0.388622090875508	2707
9	S100A14	1.56039896564463	3.61820944904549	0.379017362393794	2707
9	S100A4	0.418175101588474	1.31804352734728	0.790173623937939	2707
9	SCD	8.78463243442926	79.6575908016521	0.0997414111562615	2707
9	SDC4	0.368673808644256	0.494480243522929	0.725157000369413	2707
9	SEC11C	1.12670853343184	2.51498114302766	0.450314000738825	2707
9	SEC24A	1.08976727004064	1.62423745505547	0.418544514222386	2707
9	SELL	0.0757295899519764	0.151321298617838	0.947912818618397	2707
9	SERHL2	2.19209456963428	8.34446076267187	0.373845585519025	2707
9	SERPINA3	0.135205024011821	0.213789712199433	0.89693387513853	2707
9	SERPINB9	0.439601034355375	0.686945590952401	0.690801625415589	2707
9	SFRP4	0.119689693387514	0.355218233312051	0.929442186922793	2707
9	SH3YL1	1.3088289619505	2.64886141456373	0.414480975249354	2707
9	SLAMF1	0.0997414111562615	0.255384264223134	0.937938677502771	2707
9	SLAMF7	0.224972294052457	2.49223646449448	0.922792759512375	2707
9	SLC25A37	0.249722940524566	0.301251770955429	0.796823051348356	2707
9	SLC5A6	0.799039527151829	1.3077152634038	0.542297746582933	2707
9	SMAP2	0.381603250831178	0.522839557239991	0.713335796084226	2707
9	SMS	1.86110084964906	3.50915518088242	0.271148873291467	2707
9	SNAI1	0.0458071666050979	0.075506249571683	0.96453638714444	2707
9	SOX17	0.0528260066494274	0.0877479235214855	0.961211673439232	2707
9	SQLE	0.988178795714813	1.64213663025239	0.466937569264869	2707
9	SRPK1	0.88806797192464	1.26573710106916	0.474695234577023	2707
9	STC1	0.256372367934983	0.393228964025538	0.812338381972664	2707
9	SVIL	0.695603989656446	1.05069389781112	0.572958995197636	2707
9	TACSTD2	3.49464351680827	15.649176766812	0.244181751015885	2707
9	TCF4	0.260805319541928	0.745702677163131	0.855190247506465	2707
9	TCIM	3.77133357960842	20.5615134832883	0.234577022534171	2707
9	TENT5C	1.79645363871444	4.96631410012268	0.352050240118212	2707
9	TFAP2A	0.878463243442926	1.35662025391459	0.495382342076099	2707
9	THAP2	0.20243812338382	0.236165524163224	0.829700775766531	2707
9	TIFA	0.219800517177687	0.257287025971649	0.816771333579608	2707
9	TMEM147	1.54340598448467	2.63475602247717	0.317325452530477	2707
9	TOMM7	4.40265977096417	11.3470439207867	0.065016623568526	2707
9	TOP2A	1.3882526782416	5.92348353110447	0.552641300332471	2707
9	TPD52	2.34798670114518	5.84560108186295	0.251570003694126	2707
9	TRAC	0.370890284447728	0.948124964676452	0.807905430365718	2707
9	TRAF4	1.15552271887699	2.12694934787607	0.429626893239749	2707
9	TRAPPC3	0.761359438492796	1.01620036853895	0.518285925378648	2707
9	TRIB1	0.537125969708164	0.982638152270613	0.680827484299963	2707
9	TUBA4A	0.862578500184706	1.3432665196115	0.496490579977835	2707
9	TUBB2B	0.179903952715183	0.199329924252661	0.842999630587366	2707
9	TYROBP	0.0591060214259328	0.0992398509134706	0.954192833394902	2707
9	USP53	1.10786848910233	1.94549238772432	0.447358699667529	2707
9	VOPP1	1.29109715552272	2.06452898797048	0.353158478019948	2707
9	VWF	0.417066863686738	2.50411364039074	0.832656076837828	2707
9	WARS	0.731437015145918	0.974040912790498	0.52752124122645	2707
9	ZEB1	0.305873660879202	0.584159870211398	0.812338381972664	2707
9	ZEB2	0.794606575544884	3.15439809904022	0.686738086442556	2707
9	ZNF562	1.00664942741042	1.55797498533131	0.449944588104913	2707
