{
    "n_group": {
        "value": 2
    },
    "n_state": {
        "value": 9
    },
    "niche_theta": {
        "value": [
            -0.8080062877375218
        ]
    },
    "theta_list": {
        "value": [
            [
                0.7156218068795006,
                1.0732884191306968,
                0.05902410355087501,
                -1.601473993081737,
                0.42429511424054356,
                0.040047184791042495,
                0.5016515063039743,
                0.30046231416217634,
                -0.3078353623564913,
                1.2106608384182738,
                0.18065076231961386,
                1.0981902739197704,
                -0.0018319538332124685,
                0.614304844848906,
                -0.4585612999797672,
                -0.228896543514536,
                -0.6068380988441175,
                0.040684100930942935,
                -0.9531038597932788,
                -0.02573913295453356,
                -0.04875530515317163,
                1.3387347551656568,
                0.6982790999161986,
                0.21821206535579493,
                0.6899982963612014,
                -1.0543471951769963,
                0.3811541829605539,
                -0.601961110119792,
                0.6382068805820745,
                0.2363595980066367,
                -0.36517527999248167,
                0.4861862189847209,
                -1.8070068069067693,
                -0.520358683652875,
                -0.3356687467773431,
                -0.45078375613222477
            ],
            [
                -0.30145938897915026,
                -0.22485334334484344,
                0.28298997743492094,
                0.983938968745497,
                -0.09977795667580225,
                0.7878911024406421,
                -1.099132911743003,
                -0.5052451924276187,
                -0.4875449923455493,
                -0.2860867123157259,
                -0.003276505960812748,
                -1.5449276141614803,
                0.49130088296327235,
                0.2595401889467074,
                0.8861315329028315,
                -1.16170069487681,
                -0.3876656622962691,
                0.13355377424485113,
                -0.10988218878946066,
                0.022758696953263546,
                0.8801136429514127,
                -0.3778461895829529,
                -0.012262819688565553,
                -0.6037543255780686,
                0.40799224049750177,
                0.4005325653414068,
                -0.027026026085581564,
                -0.40168216138360086,
                -0.10078337138480735,
                -0.38087916336922734,
                -0.12810209316051274,
                -0.3549031845442848,
                -0.8423354170749765,
                0.6639768310886904,
                0.17149030367867846,
                -0.4803412313620051
            ]
        ]
    },
    "density_replicates": {
        "value": [
            0.19215222662254344,
            0.05030218403057289,
            0.07945742660350755,
            0.2868003202458913,
            0.2475786465335502,
            0.153585454289645,
            0.5419344031930332,
            0.24301615764608903,
            0.25890543549844164
        ]
    },
    "phi_replicates": {
        "value": 4.427982506438613
    }
}